task,cls,scene,idx,n_tokens,n_chars,n_sentences,ttr,mean_word_len,comma_rate,semicolon_rate,quote_present,dash_present,digit_rate,within_scene_4gram,opener_article,opener_pronoun,opener_quote,opener_question,opener_prep_adv,opener_other
tank,aquarium,home_hobbyist,0,16,85,1,0.9375,4.3125,0.0,0.0,0.0,0.0,0.0,0.0,1.0,0.0,0.0,0.0,0.0,0.0
tank,aquarium,home_hobbyist,1,15,90,1,0.9333333333333333,5.0,0.0,0.0,0.0,0.0,0.0,0.0,0.0,0.0,0.0,0.0,1.0,0.0
tank,aquarium,home_hobbyist,2,13,71,1,0.9230769230769231,4.461538461538462,0.0,0.0,0.0,0.0,0.0,0.0,0.0,0.0,0.0,1.0,0.0,0.0
tank,aquarium,home_hobbyist,3,17,89,1,0.9411764705882353,4.176470588235294,0.058823529411764705,0.0,0.0,0.0,0.0,0.0,0.0,0.0,0.0,0.0,0.0,1.0
tank,aquarium,home_hobbyist,4,14,92,1,0.9285714285714286,5.5,0.07142857142857142,0.0,0.0,0.0,0.0,0.0,0.0,0.0,0.0,0.0,1.0,0.0
tank,aquarium,home_hobbyist,5,16,97,1,1.0,4.647058823529412,0.0625,0.0,0.0,0.0,0.0,0.0,0.0,0.0,0.0,0.0,0.0,1.0
tank,aquarium,home_hobbyist,6,17,106,1,0.8823529411764706,5.0,0.11764705882352941,0.0,0.0,1.0,0.0,0.0,0.0,0.0,0.0,0.0,0.0,1.0
tank,aquarium,home_hobbyist,7,19,113,1,0.8947368421052632,4.842105263157895,0.10526315789473684,0.0,0.0,0.0,0.0,0.0,0.0,1.0,0.0,0.0,0.0,0.0
tank,aquarium,home_hobbyist,8,14,88,1,1.0,5.384615384615385,0.14285714285714285,0.0,0.0,0.0,0.022727272727272728,0.0,1.0,0.0,0.0,0.0,0.0,0.0
tank,aquarium,home_hobbyist,9,16,117,1,0.9375,6.25,0.0625,0.0,0.0,0.0,0.0,0.0,0.0,0.0,0.0,0.0,0.0,1.0
tank,aquarium,home_hobbyist,10,15,87,2,0.8666666666666667,4.533333333333333,0.06666666666666667,0.0,1.0,0.0,0.0,0.0,0.0,0.0,1.0,0.0,0.0,0.0
tank,aquarium,home_hobbyist,11,16,86,1,0.9375,4.3125,0.0625,0.0,0.0,0.0,0.0,0.0,0.0,0.0,0.0,0.0,0.0,1.0
tank,aquarium,home_hobbyist,12,14,81,1,0.9285714285714286,4.785714285714286,0.0,0.0,0.0,0.0,0.0,0.0,0.0,0.0,0.0,0.0,0.0,1.0
tank,aquarium,home_hobbyist,13,13,75,1,0.8571428571428571,4.357142857142857,0.0,0.0,0.0,0.0,0.0,0.0,0.0,0.0,0.0,0.0,1.0,0.0
tank,aquarium,home_hobbyist,14,14,74,1,0.9230769230769231,4.538461538461538,0.0,0.0,0.0,1.0,0.0,0.0,0.0,0.0,0.0,0.0,0.0,1.0
tank,aquarium,home_hobbyist,15,18,95,1,0.8888888888888888,4.277777777777778,0.0,0.0,0.0,0.0,0.0,0.0,0.0,0.0,0.0,0.0,0.0,1.0
tank,aquarium,home_hobbyist,16,17,104,1,0.9411764705882353,5.0588235294117645,0.058823529411764705,0.0,0.0,0.0,0.0,0.0,0.0,0.0,0.0,0.0,0.0,1.0
tank,aquarium,home_hobbyist,17,16,92,1,0.9375,4.6875,0.0,0.0625,0.0,0.0,0.0,0.0,0.0,0.0,0.0,0.0,0.0,1.0
tank,aquarium,home_hobbyist,18,15,87,1,1.0,4.8,0.0,0.0,0.0,0.0,0.0,0.0,0.0,0.0,0.0,0.0,0.0,1.0
tank,aquarium,home_hobbyist,19,17,87,1,0.9411764705882353,4.117647058823529,0.0,0.0,0.0,0.0,0.0,0.0,0.0,0.0,0.0,0.0,1.0,0.0
tank,aquarium,home_hobbyist,20,16,98,1,0.9375,5.0625,0.0,0.0625,0.0,0.0,0.0,0.0,0.0,0.0,0.0,0.0,0.0,1.0
tank,aquarium,home_hobbyist,21,18,105,1,0.9411764705882353,4.882352941176471,0.1111111111111111,0.0,0.0,0.0,0.01904761904761905,0.0,0.0,0.0,0.0,0.0,0.0,1.0
tank,aquarium,home_hobbyist,22,18,110,1,1.0,4.944444444444445,0.1111111111111111,0.0,0.0,0.0,0.0,0.0,0.0,1.0,0.0,0.0,0.0,0.0
tank,aquarium,home_hobbyist,23,17,91,1,0.9411764705882353,4.294117647058823,0.058823529411764705,0.0,0.0,0.0,0.0,0.0,0.0,0.0,0.0,1.0,0.0,0.0
tank,aquarium,home_hobbyist,24,20,127,1,0.85,5.25,0.1,0.0,0.0,0.0,0.0,0.0,0.0,0.0,0.0,0.0,1.0,0.0
tank,aquarium,shop_retail,25,17,104,1,0.9411764705882353,5.0588235294117645,0.058823529411764705,0.0,0.0,0.0,0.0,0.0,1.0,0.0,0.0,0.0,0.0,0.0
tank,aquarium,shop_retail,26,20,103,1,0.8947368421052632,4.105263157894737,0.1,0.0,1.0,1.0,0.0,0.0,0.0,0.0,1.0,0.0,0.0,0.0
tank,aquarium,shop_retail,27,19,128,1,0.9523809523809523,5.0476190476190474,0.05263157894736842,0.0,0.0,0.0,0.0,0.0,0.0,1.0,0.0,0.0,0.0,0.0
tank,aquarium,shop_retail,28,14,69,1,1.0,3.9285714285714284,0.0,0.0,0.0,0.0,0.0,0.0,0.0,0.0,0.0,1.0,0.0,0.0
tank,aquarium,shop_retail,29,18,112,1,0.9473684210526315,4.842105263157895,0.05555555555555555,0.0,0.0,0.0,0.0,0.0,0.0,0.0,0.0,0.0,0.0,1.0
tank,aquarium,shop_retail,30,20,117,1,1.0,4.75,0.1,0.0,0.0,0.0,0.0,0.0,0.0,0.0,0.0,0.0,1.0,0.0
tank,aquarium,shop_retail,31,14,84,1,1.0,4.857142857142857,0.14285714285714285,0.0,0.0,0.0,0.0,0.0,0.0,0.0,0.0,0.0,0.0,1.0
tank,aquarium,shop_retail,32,16,93,1,1.0,4.470588235294118,0.0,0.0,0.0,0.0,0.0,0.0,0.0,1.0,0.0,0.0,0.0,0.0
tank,aquarium,shop_retail,33,19,108,1,0.8947368421052632,4.631578947368421,0.05263157894736842,0.0,0.0,0.0,0.0,0.0,0.0,0.0,0.0,0.0,0.0,1.0
tank,aquarium,shop_retail,34,21,111,1,1.0,4.285714285714286,0.0,0.0,0.0,0.0,0.0,0.0,0.0,0.0,0.0,0.0,0.0,1.0
tank,aquarium,shop_retail,35,19,115,1,1.0,5.0,0.0,0.05263157894736842,0.0,0.0,0.0,0.0,0.0,0.0,0.0,0.0,0.0,1.0
tank,aquarium,shop_retail,36,13,96,1,1.0,6.384615384615385,0.0,0.0,0.0,0.0,0.0,0.0,0.0,0.0,0.0,0.0,0.0,1.0
tank,aquarium,shop_retail,37,15,109,1,0.9333333333333333,6.2,0.06666666666666667,0.0,0.0,0.0,0.0,0.0,0.0,1.0,0.0,0.0,0.0,0.0
tank,aquarium,shop_retail,38,18,87,1,0.9411764705882353,3.823529411764706,0.05555555555555555,0.0,1.0,1.0,0.0,0.0,0.0,0.0,1.0,0.0,0.0,0.0
tank,aquarium,shop_retail,39,19,100,1,0.8421052631578947,4.2105263157894735,0.05263157894736842,0.0,0.0,0.0,0.0,0.0,0.0,0.0,0.0,0.0,1.0,0.0
tank,aquarium,shop_retail,40,16,97,1,0.9375,5.0,0.0625,0.0,0.0,0.0,0.0,0.0,0.0,0.0,0.0,0.0,0.0,1.0
tank,aquarium,shop_retail,41,13,85,1,1.0,5.461538461538462,0.07692307692307693,0.0,0.0,0.0,0.0,0.0,0.0,0.0,0.0,1.0,0.0,0.0
tank,aquarium,shop_retail,42,18,110,1,0.8333333333333334,5.055555555555555,0.05555555555555555,0.0,0.0,0.0,0.0,0.0,0.0,0.0,0.0,0.0,1.0,0.0
tank,aquarium,shop_retail,43,18,117,1,1.0,5.444444444444445,0.05555555555555555,0.0,0.0,0.0,0.0,0.0,0.0,0.0,0.0,0.0,0.0,1.0
tank,aquarium,shop_retail,44,22,120,1,0.9130434782608695,4.130434782608695,0.09090909090909091,0.0,0.0,0.0,0.0,0.0,0.0,1.0,0.0,0.0,0.0,0.0
tank,aquarium,shop_retail,45,20,105,1,0.9,4.25,0.0,0.0,0.0,0.0,0.0,0.0,0.0,0.0,0.0,0.0,0.0,1.0
tank,aquarium,shop_retail,46,23,119,1,0.8695652173913043,4.130434782608695,0.043478260869565216,0.0,0.0,0.0,0.0,0.0,1.0,0.0,0.0,0.0,0.0,0.0
tank,aquarium,shop_retail,47,16,90,1,0.9375,4.5625,0.0,0.0625,0.0,0.0,0.0,0.0,0.0,1.0,0.0,0.0,0.0,0.0
tank,aquarium,shop_retail,48,20,123,1,1.0,5.15,0.0,0.0,0.0,0.0,0.0,0.0,0.0,0.0,0.0,0.0,1.0,0.0
tank,aquarium,shop_retail,49,15,88,2,1.0,4.6,0.06666666666666667,0.0,1.0,0.0,0.0,0.0,0.0,0.0,1.0,0.0,0.0,0.0
tank,aquarium,public_aquarium,50,22,130,1,1.0,4.863636363636363,0.045454545454545456,0.0,0.0,0.0,0.0,0.0,0.0,0.0,0.0,0.0,0.0,1.0
tank,aquarium,public_aquarium,51,22,149,1,0.8636363636363636,5.590909090909091,0.09090909090909091,0.0,1.0,0.0,0.0,0.0,0.0,0.0,1.0,0.0,0.0,0.0
tank,aquarium,public_aquarium,52,21,121,1,1.0,4.761904761904762,0.0,0.0,0.0,0.0,0.0,0.0,0.0,0.0,0.0,0.0,0.0,1.0
tank,aquarium,public_aquarium,53,13,84,1,1.0,5.384615384615385,0.07692307692307693,0.0,0.0,0.0,0.0,0.0,0.0,0.0,0.0,0.0,0.0,1.0
tank,aquarium,public_aquarium,54,18,113,1,0.9375,5.75,0.05555555555555555,0.0,0.0,1.0,0.0,0.0,1.0,0.0,0.0,0.0,0.0,0.0
tank,aquarium,public_aquarium,55,17,92,1,0.9411764705882353,4.411764705882353,0.0,0.0,0.0,0.0,0.0,0.0,0.0,0.0,0.0,1.0,0.0,0.0
tank,aquarium,public_aquarium,56,19,108,1,0.9473684210526315,4.578947368421052,0.10526315789473684,0.0,0.0,0.0,0.0,0.0,0.0,0.0,0.0,0.0,0.0,1.0
tank,aquarium,public_aquarium,57,16,111,1,0.9411764705882353,5.470588235294118,0.0625,0.0,0.0,0.0,0.0,0.0,0.0,0.0,0.0,0.0,1.0,0.0
tank,aquarium,public_aquarium,58,19,104,1,0.9,4.15,0.05263157894736842,0.0,0.0,0.0,0.0,0.0,1.0,0.0,0.0,0.0,0.0,0.0
tank,aquarium,public_aquarium,59,22,138,1,0.9130434782608695,4.956521739130435,0.045454545454545456,0.0,0.0,0.0,0.0,0.0,0.0,0.0,0.0,0.0,0.0,1.0
tank,aquarium,public_aquarium,60,15,86,2,0.8666666666666667,4.466666666666667,0.06666666666666667,0.0,1.0,0.0,0.0,0.0,0.0,0.0,1.0,0.0,0.0,0.0
tank,aquarium,public_aquarium,61,14,95,1,0.9285714285714286,5.785714285714286,0.0,0.0,0.0,0.0,0.0,0.0,0.0,0.0,0.0,0.0,0.0,1.0
tank,aquarium,public_aquarium,62,13,81,1,0.8461538461538461,5.0,0.15384615384615385,0.07692307692307693,0.0,0.0,0.0,0.0,0.0,0.0,0.0,0.0,0.0,1.0
tank,aquarium,public_aquarium,63,20,125,1,0.9545454545454546,4.590909090909091,0.1,0.0,0.0,0.0,0.0,0.0,0.0,1.0,0.0,0.0,0.0,0.0
tank,aquarium,public_aquarium,64,16,98,1,0.9411764705882353,4.705882352941177,0.0625,0.0,0.0,0.0,0.0,0.0,0.0,0.0,0.0,0.0,0.0,1.0
tank,aquarium,public_aquarium,65,19,109,1,0.8947368421052632,4.684210526315789,0.05263157894736842,0.0,0.0,0.0,0.0,0.0,0.0,0.0,0.0,0.0,0.0,1.0
tank,aquarium,public_aquarium,66,15,98,1,1.0,5.0625,0.06666666666666667,0.0,0.0,0.0,0.0,0.0,0.0,0.0,0.0,0.0,0.0,1.0
tank,aquarium,public_aquarium,67,18,112,1,0.8888888888888888,5.166666666666667,0.05555555555555555,0.0,0.0,0.0,0.0,0.0,0.0,0.0,0.0,0.0,0.0,1.0
tank,aquarium,public_aquarium,68,18,105,1,0.8888888888888888,4.777777777777778,0.05555555555555555,0.0,0.0,0.0,0.0,0.0,0.0,0.0,0.0,0.0,0.0,1.0
tank,aquarium,public_aquarium,69,17,115,1,0.9411764705882353,5.705882352941177,0.058823529411764705,0.0,0.0,0.0,0.0,0.0,0.0,0.0,0.0,0.0,1.0,0.0
tank,aquarium,public_aquarium,70,16,109,1,0.9375,5.8125,0.0,0.0,0.0,0.0,0.0,0.0,0.0,0.0,0.0,0.0,0.0,1.0
tank,aquarium,public_aquarium,71,17,100,1,0.9411764705882353,4.764705882352941,0.11764705882352941,0.0,0.0,0.0,0.0,0.0,1.0,0.0,0.0,0.0,0.0,0.0
tank,aquarium,public_aquarium,72,18,99,1,0.9444444444444444,4.444444444444445,0.05555555555555555,0.0,0.0,0.0,0.0,0.0,0.0,0.0,0.0,0.0,0.0,1.0
tank,aquarium,public_aquarium,73,17,117,1,0.9411764705882353,5.882352941176471,0.0,0.0,0.0,0.0,0.0,0.0,0.0,0.0,0.0,0.0,0.0,1.0
tank,aquarium,public_aquarium,74,17,87,1,0.9411764705882353,4.117647058823529,0.0,0.0,0.0,0.0,0.0,0.0,0.0,0.0,0.0,0.0,0.0,1.0
tank,aquarium,breeding_room,75,16,97,1,0.875,5.0,0.0625,0.0,0.0,0.0,0.0,0.0,1.0,0.0,0.0,0.0,0.0,0.0
tank,aquarium,breeding_room,76,16,91,1,1.0,5.071428571428571,0.0,0.0,0.0,1.0,0.03296703296703297,0.0,0.0,0.0,0.0,0.0,0.0,1.0
tank,aquarium,breeding_room,77,14,88,1,1.0,4.466666666666667,0.14285714285714285,0.0,1.0,0.0,0.0,0.0,0.0,0.0,1.0,0.0,0.0,0.0
tank,aquarium,breeding_room,78,14,72,1,0.9285714285714286,4.142857142857143,0.0,0.0,0.0,0.0,0.0,0.0,0.0,0.0,0.0,0.0,0.0,1.0
tank,aquarium,breeding_room,79,16,78,1,0.9375,3.75,0.125,0.0,0.0,0.0,0.0,0.0,0.0,1.0,0.0,0.0,0.0,0.0
tank,aquarium,breeding_room,80,17,90,1,0.9411764705882353,4.235294117647059,0.058823529411764705,0.0,0.0,0.0,0.0,0.0,0.0,0.0,0.0,0.0,1.0,0.0
tank,aquarium,breeding_room,81,14,77,1,0.9333333333333333,4.133333333333334,0.0,0.0,0.0,0.0,0.0,0.0,0.0,0.0,0.0,1.0,0.0,0.0
tank,aquarium,breeding_room,82,15,100,1,0.9333333333333333,5.533333333333333,0.06666666666666667,0.0,0.0,0.0,0.0,0.0,0.0,0.0,0.0,0.0,0.0,1.0
tank,aquarium,breeding_room,83,14,87,1,1.0,5.214285714285714,0.0,0.0,0.0,0.0,0.0,0.0,0.0,0.0,0.0,0.0,0.0,1.0
tank,aquarium,breeding_room,84,18,97,1,0.8823529411764706,4.411764705882353,0.16666666666666666,0.0,0.0,1.0,0.0,0.0,1.0,0.0,0.0,0.0,0.0,0.0
tank,aquarium,breeding_room,85,14,94,1,1.0,5.714285714285714,0.0,0.0,0.0,0.0,0.0,0.0,0.0,0.0,0.0,0.0,0.0,1.0
tank,aquarium,breeding_room,86,16,95,1,1.0,4.875,0.0625,0.0,0.0,0.0,0.0,0.0,0.0,0.0,0.0,0.0,1.0,0.0
tank,aquarium,breeding_room,87,14,91,1,1.0,5.066666666666666,0.0,0.0,0.0,0.0,0.0,0.0,0.0,0.0,0.0,0.0,0.0,1.0
tank,aquarium,breeding_room,88,14,89,1,0.9285714285714286,5.285714285714286,0.0,0.07142857142857142,0.0,0.0,0.0,0.0,0.0,0.0,0.0,0.0,0.0,1.0
tank,aquarium,breeding_room,89,16,101,1,0.8823529411764706,4.9411764705882355,0.0,0.0,0.0,0.0,0.0,0.0,0.0,0.0,0.0,0.0,0.0,1.0
tank,aquarium,breeding_room,90,16,92,1,0.9375,4.6875,0.0625,0.0,0.0,0.0,0.0,0.0,0.0,0.0,0.0,0.0,0.0,1.0
tank,aquarium,breeding_room,91,13,71,1,1.0,4.384615384615385,0.0,0.07692307692307693,0.0,0.0,0.0,0.0,0.0,0.0,0.0,0.0,1.0,0.0
tank,aquarium,breeding_room,92,16,80,1,1.0,4.0,0.0,0.0,0.0,0.0,0.0,0.0,0.0,0.0,0.0,0.0,1.0,0.0
tank,aquarium,breeding_room,93,14,76,3,0.9166666666666666,4.583333333333333,0.07142857142857142,0.0,0.0,0.0,0.05263157894736842,0.0,0.0,0.0,0.0,0.0,1.0,0.0
tank,aquarium,breeding_room,94,16,84,1,1.0,4.1875,0.0625,0.0,0.0,0.0,0.0,0.0,0.0,0.0,0.0,0.0,0.0,1.0
tank,aquarium,breeding_room,95,15,82,2,0.9333333333333333,4.266666666666667,0.0,0.0,0.0,1.0,0.0,0.0,0.0,0.0,0.0,1.0,0.0,0.0
tank,aquarium,breeding_room,96,15,81,1,1.0,4.4,0.0,0.0,0.0,0.0,0.0,0.0,0.0,0.0,0.0,0.0,0.0,1.0
tank,aquarium,breeding_room,97,14,86,1,0.8571428571428571,5.142857142857143,0.0,0.0,0.0,0.0,0.0,0.0,0.0,1.0,0.0,0.0,0.0,0.0
tank,aquarium,breeding_room,98,15,93,1,1.0,5.2,0.0,0.0,0.0,0.0,0.0,0.0,0.0,0.0,0.0,0.0,0.0,1.0
tank,aquarium,breeding_room,99,14,80,1,1.0,4.5,0.14285714285714285,0.0,0.0,0.0,0.0,0.0,0.0,1.0,0.0,0.0,0.0,0.0
tank,aquarium,reef_club,100,21,111,1,0.9047619047619048,4.238095238095238,0.047619047619047616,0.0,0.0,0.0,0.0,0.0,0.0,0.0,0.0,0.0,0.0,1.0
tank,aquarium,reef_club,101,21,141,2,0.95,5.65,0.09523809523809523,0.0,0.0,0.0,0.028368794326241134,0.0,0.0,1.0,0.0,0.0,0.0,0.0
tank,aquarium,reef_club,102,17,95,1,0.9375,4.8125,0.0,0.0,0.0,1.0,0.0,0.0,0.0,0.0,0.0,1.0,0.0,0.0
tank,aquarium,reef_club,103,19,104,1,0.9473684210526315,4.368421052631579,0.10526315789473684,0.0,0.0,0.0,0.0,0.0,0.0,0.0,0.0,0.0,0.0,1.0
tank,aquarium,reef_club,104,19,118,1,1.0,5.2105263157894735,0.0,0.0,0.0,0.0,0.0,0.0,1.0,0.0,0.0,0.0,0.0,0.0
tank,aquarium,reef_club,105,21,140,1,1.0,5.086956521739131,0.0,0.0,0.0,0.0,0.0,0.0,0.0,0.0,0.0,0.0,1.0,0.0
tank,aquarium,reef_club,106,18,100,1,0.95,4.0,0.0,0.0,0.0,0.0,0.0,0.0,0.0,1.0,0.0,0.0,0.0,0.0
tank,aquarium,reef_club,107,22,129,1,0.8181818181818182,4.863636363636363,0.0,0.0,0.0,0.0,0.0,0.0,0.0,1.0,0.0,0.0,0.0,0.0
tank,aquarium,reef_club,108,18,111,1,0.8888888888888888,4.888888888888889,0.16666666666666666,0.0,1.0,0.0,0.0,0.0,0.0,0.0,1.0,0.0,0.0,0.0
tank,aquarium,reef_club,109,16,119,1,0.9411764705882353,5.9411764705882355,0.0625,0.0,0.0,0.0,0.0,0.0,0.0,0.0,0.0,0.0,0.0,1.0
tank,aquarium,reef_club,110,19,119,1,0.8947368421052632,5.105263157894737,0.10526315789473684,0.05263157894736842,0.0,0.0,0.0,0.0,0.0,0.0,0.0,0.0,0.0,1.0
tank,aquarium,reef_club,111,22,107,1,0.9047619047619048,3.857142857142857,0.09090909090909091,0.0,0.0,0.0,0.009345794392523364,0.0,0.0,0.0,0.0,0.0,0.0,1.0
tank,aquarium,reef_club,112,15,85,1,0.9333333333333333,4.666666666666667,0.0,0.0,0.0,0.0,0.0,0.0,0.0,0.0,0.0,1.0,0.0,0.0
tank,aquarium,reef_club,113,20,124,1,1.0,4.590909090909091,0.05,0.0,0.0,0.0,0.0,0.0,0.0,1.0,0.0,0.0,0.0,0.0
tank,aquarium,reef_club,114,20,128,1,0.9,5.3,0.1,0.0,0.0,0.0,0.0,0.0,0.0,0.0,0.0,0.0,1.0,0.0
tank,aquarium,reef_club,115,17,109,1,1.0,5.294117647058823,0.058823529411764705,0.0,0.0,0.0,0.009174311926605505,0.0,0.0,0.0,0.0,0.0,1.0,0.0
tank,aquarium,reef_club,116,14,96,1,0.8666666666666667,5.333333333333333,0.07142857142857142,0.0,0.0,0.0,0.0,0.0,0.0,0.0,0.0,0.0,0.0,1.0
tank,aquarium,reef_club,117,15,103,1,0.9444444444444444,4.666666666666667,0.06666666666666667,0.0,0.0,0.0,0.0,0.0,0.0,0.0,0.0,0.0,0.0,1.0
tank,aquarium,reef_club,118,18,99,1,1.0,4.647058823529412,0.05555555555555555,0.0,0.0,1.0,0.0,0.0,0.0,0.0,0.0,0.0,0.0,1.0
tank,aquarium,reef_club,119,19,106,1,0.8,4.3,0.0,0.0,0.0,0.0,0.0,0.0,1.0,0.0,0.0,0.0,0.0,0.0
tank,aquarium,reef_club,120,15,95,1,1.0,5.266666666666667,0.06666666666666667,0.0,0.0,0.0,0.0,0.0,0.0,1.0,0.0,0.0,0.0,0.0
tank,aquarium,reef_club,121,14,89,1,0.9333333333333333,4.933333333333334,0.0,0.0,0.0,0.0,0.0,0.0,0.0,0.0,0.0,0.0,0.0,1.0
tank,aquarium,reef_club,122,18,117,1,0.8947368421052632,5.052631578947368,0.1111111111111111,0.0,0.0,0.0,0.0,0.0,0.0,0.0,0.0,0.0,0.0,1.0
tank,aquarium,reef_club,123,18,117,1,0.8947368421052632,5.157894736842105,0.0,0.0,0.0,0.0,0.0,0.0,0.0,0.0,0.0,0.0,0.0,1.0
tank,aquarium,reef_club,124,17,106,1,0.9411764705882353,5.235294117647059,0.0,0.0,0.0,0.0,0.0,0.0,0.0,0.0,0.0,0.0,0.0,1.0
tank,aquarium,classroom,125,18,126,2,1.0,5.833333333333333,0.1111111111111111,0.0,0.0,0.0,0.0,0.0,0.0,0.0,0.0,0.0,0.0,1.0
tank,aquarium,classroom,126,20,125,1,0.9,5.15,0.1,0.0,0.0,0.0,0.0,0.0,0.0,0.0,0.0,0.0,1.0,0.0
tank,aquarium,classroom,127,17,99,3,1.0,4.529411764705882,0.058823529411764705,0.0,1.0,0.0,0.0,0.0,0.0,0.0,1.0,0.0,0.0,0.0
tank,aquarium,classroom,128,20,141,1,0.9473684210526315,6.2105263157894735,0.0,0.05,0.0,0.0,0.014184397163120567,0.0,0.0,0.0,0.0,0.0,0.0,1.0
tank,aquarium,classroom,129,20,107,2,1.0,4.25,0.05,0.0,0.0,0.0,0.0,0.0,0.0,1.0,0.0,0.0,0.0,0.0
tank,aquarium,classroom,130,18,110,1,1.0,5.111111111111111,0.0,0.0,0.0,0.0,0.0,0.0,0.0,0.0,0.0,0.0,0.0,1.0
tank,aquarium,classroom,131,13,73,1,1.0,4.583333333333333,0.15384615384615385,0.0,1.0,1.0,0.0,0.0,0.0,0.0,1.0,0.0,0.0,0.0
tank,aquarium,classroom,132,18,104,1,1.0,4.473684210526316,0.0,0.0,0.0,0.0,0.0,0.0,0.0,1.0,0.0,0.0,0.0,0.0
tank,aquarium,classroom,133,18,120,1,0.8888888888888888,5.611111111111111,0.05555555555555555,0.0,0.0,0.0,0.0,0.0,0.0,0.0,0.0,0.0,1.0,0.0
tank,aquarium,classroom,134,21,114,1,0.9,4.5,0.047619047619047616,0.0,0.0,0.0,0.017543859649122806,0.0,0.0,0.0,0.0,0.0,1.0,0.0
tank,aquarium,classroom,135,20,139,1,0.9047619047619048,5.523809523809524,0.1,0.0,0.0,0.0,0.0,0.0,1.0,0.0,0.0,0.0,0.0,0.0
tank,aquarium,classroom,136,18,96,1,1.0,4.277777777777778,0.05555555555555555,0.0,0.0,0.0,0.0,0.0,0.0,0.0,0.0,1.0,0.0,0.0
tank,aquarium,classroom,137,18,129,1,0.8888888888888888,6.0,0.05555555555555555,0.05555555555555555,0.0,0.0,0.0,0.0,0.0,0.0,0.0,0.0,0.0,1.0
tank,aquarium,classroom,138,18,117,1,1.0,5.444444444444445,0.05555555555555555,0.0,0.0,0.0,0.0,0.0,0.0,0.0,0.0,0.0,0.0,1.0
tank,aquarium,classroom,139,19,122,1,0.8947368421052632,5.421052631578948,0.0,0.0,0.0,0.0,0.0,0.0,0.0,0.0,0.0,0.0,0.0,1.0
tank,aquarium,classroom,140,19,117,1,1.0,5.105263157894737,0.05263157894736842,0.0,0.0,0.0,0.0,0.0,0.0,0.0,0.0,0.0,0.0,1.0
tank,aquarium,classroom,141,20,128,1,0.95,5.35,0.05,0.0,0.0,0.0,0.0,0.0,1.0,0.0,0.0,0.0,0.0,0.0
tank,aquarium,classroom,142,18,108,2,0.9444444444444444,4.666666666666667,0.16666666666666666,0.0,1.0,0.0,0.0,0.0,0.0,0.0,1.0,0.0,0.0,0.0
tank,aquarium,classroom,143,18,121,1,0.8888888888888888,5.666666666666667,0.05555555555555555,0.0,0.0,0.0,0.0,0.0,0.0,0.0,0.0,0.0,0.0,1.0
tank,aquarium,classroom,144,23,116,2,0.9130434782608695,3.9565217391304346,0.043478260869565216,0.0,0.0,0.0,0.0,0.0,0.0,1.0,0.0,0.0,0.0,0.0
tank,aquarium,classroom,145,17,113,1,0.9411764705882353,5.470588235294118,0.058823529411764705,0.0,0.0,0.0,0.017699115044247787,0.0,0.0,0.0,0.0,0.0,0.0,1.0
tank,aquarium,classroom,146,18,125,1,0.9444444444444444,5.944444444444445,0.0,0.0,0.0,0.0,0.0,0.0,0.0,0.0,0.0,0.0,0.0,1.0
tank,aquarium,classroom,147,18,118,1,1.0,5.2105263157894735,0.0,0.0,0.0,0.0,0.0,0.0,0.0,0.0,0.0,0.0,0.0,1.0
tank,aquarium,classroom,148,17,95,2,1.0,4.411764705882353,0.0,0.0,1.0,0.0,0.0,0.0,0.0,0.0,1.0,0.0,0.0,0.0
tank,aquarium,classroom,149,22,128,1,0.8181818181818182,4.7272727272727275,0.09090909090909091,0.0,0.0,0.0,0.0,0.0,0.0,0.0,0.0,0.0,1.0,0.0
tank,aquarium,maintenance_route,150,22,122,1,0.9545454545454546,4.5,0.045454545454545456,0.0,0.0,0.0,0.0,0.0,0.0,0.0,0.0,0.0,0.0,1.0
tank,aquarium,maintenance_route,151,20,127,1,0.95,5.1,0.15,0.0,1.0,0.0,0.0,0.0,0.0,0.0,1.0,0.0,0.0,0.0
tank,aquarium,maintenance_route,152,20,115,1,0.8421052631578947,4.7894736842105265,0.15,0.0,0.0,1.0,0.0,0.0,0.0,0.0,0.0,0.0,0.0,1.0
tank,aquarium,maintenance_route,153,22,125,1,0.9130434782608695,4.434782608695652,0.0,0.0,0.0,0.0,0.0,0.0,0.0,0.0,0.0,0.0,1.0,0.0
tank,aquarium,maintenance_route,154,12,72,1,1.0,5.0,0.0,0.0,0.0,0.0,0.0,0.0,0.0,0.0,0.0,1.0,0.0,0.0
tank,aquarium,maintenance_route,155,19,120,1,0.8947368421052632,5.2631578947368425,0.05263157894736842,0.0,0.0,0.0,0.0,0.0,0.0,0.0,0.0,0.0,1.0,0.0
tank,aquarium,maintenance_route,156,18,95,1,0.9444444444444444,4.166666666666667,0.1111111111111111,0.0,0.0,0.0,0.0,0.0,0.0,0.0,0.0,0.0,1.0,0.0
tank,aquarium,maintenance_route,157,18,102,1,0.9444444444444444,4.611111111111111,0.05555555555555555,0.0,0.0,0.0,0.0,0.0,0.0,0.0,0.0,0.0,0.0,1.0
tank,aquarium,maintenance_route,158,23,116,2,0.9545454545454546,4.0,0.08695652173913043,0.0,0.0,0.0,0.017241379310344827,0.0,0.0,0.0,0.0,0.0,0.0,1.0
tank,aquarium,maintenance_route,159,19,104,1,0.8421052631578947,4.421052631578948,0.05263157894736842,0.0,0.0,0.0,0.0,0.0,0.0,0.0,0.0,0.0,1.0,0.0
tank,aquarium,maintenance_route,160,19,108,2,0.8421052631578947,4.473684210526316,0.05263157894736842,0.0,1.0,0.0,0.0,0.0,0.0,0.0,1.0,0.0,0.0,0.0
tank,aquarium,maintenance_route,161,23,132,3,0.9166666666666666,4.333333333333333,0.043478260869565216,0.0,0.0,0.0,0.007575757575757576,0.0,0.0,1.0,0.0,0.0,0.0,0.0
tank,aquarium,maintenance_route,162,25,135,1,0.9565217391304348,4.565217391304348,0.08,0.0,0.0,1.0,0.0,0.0,0.0,1.0,0.0,0.0,0.0,0.0
tank,aquarium,maintenance_route,163,19,109,1,0.8947368421052632,4.631578947368421,0.10526315789473684,0.0,0.0,0.0,0.0,0.0,0.0,0.0,0.0,0.0,1.0,0.0
tank,aquarium,maintenance_route,164,15,84,1,1.0,4.714285714285714,0.0,0.0,1.0,1.0,0.0,0.0,0.0,0.0,1.0,0.0,0.0,0.0
tank,aquarium,maintenance_route,165,20,115,1,0.85,4.55,0.15,0.0,0.0,0.0,0.0,0.0,0.0,0.0,0.0,0.0,1.0,0.0
tank,aquarium,maintenance_route,166,15,100,1,1.0,5.25,0.0,0.0,0.0,0.0,0.0,0.0,0.0,0.0,0.0,1.0,0.0,0.0
tank,aquarium,maintenance_route,167,22,116,1,0.9545454545454546,4.2272727272727275,0.045454545454545456,0.0,0.0,0.0,0.0,0.0,1.0,0.0,0.0,0.0,0.0,0.0
tank,aquarium,maintenance_route,168,18,135,1,1.0,6.388888888888889,0.1111111111111111,0.0,0.0,0.0,0.0,0.0,0.0,0.0,0.0,0.0,0.0,1.0
tank,aquarium,maintenance_route,169,21,125,1,0.8571428571428571,4.904761904761905,0.047619047619047616,0.0,0.0,0.0,0.0,0.0,0.0,0.0,0.0,0.0,0.0,1.0
tank,aquarium,maintenance_route,170,19,98,1,0.8947368421052632,4.105263157894737,0.05263157894736842,0.0,0.0,0.0,0.0,0.0,0.0,0.0,0.0,0.0,0.0,1.0
tank,aquarium,maintenance_route,171,20,115,1,0.95,4.75,0.0,0.0,0.0,0.0,0.0,0.0,0.0,0.0,0.0,0.0,0.0,1.0
tank,aquarium,maintenance_route,172,19,113,1,0.8947368421052632,4.894736842105263,0.05263157894736842,0.0,0.0,0.0,0.0,0.0,0.0,0.0,0.0,0.0,0.0,1.0
tank,aquarium,maintenance_route,173,20,119,1,0.9,4.95,0.0,0.0,0.0,0.0,0.0,0.0,0.0,1.0,0.0,0.0,0.0,0.0
tank,aquarium,maintenance_route,174,18,97,1,0.9444444444444444,4.333333333333333,0.05555555555555555,0.0,0.0,0.0,0.0,0.0,0.0,0.0,0.0,0.0,0.0,1.0
tank,aquarium,quarantine_vet,175,21,116,1,0.9523809523809523,4.476190476190476,0.047619047619047616,0.0,0.0,0.0,0.0,0.0,1.0,0.0,0.0,0.0,0.0,0.0
tank,aquarium,quarantine_vet,176,18,122,1,1.0,5.777777777777778,0.0,0.0,0.0,0.0,0.0,0.0,0.0,0.0,0.0,0.0,0.0,1.0
tank,aquarium,quarantine_vet,177,19,104,1,0.8421052631578947,4.157894736842105,0.10526315789473684,0.0,1.0,0.0,0.0,0.0,0.0,0.0,1.0,0.0,0.0,0.0
tank,aquarium,quarantine_vet,178,22,122,1,0.8636363636363636,4.5,0.045454545454545456,0.0,0.0,0.0,0.0,0.0,0.0,0.0,0.0,0.0,0.0,1.0
tank,aquarium,quarantine_vet,179,23,131,1,0.9545454545454546,4.863636363636363,0.0,0.0,0.0,1.0,0.0,0.0,0.0,0.0,0.0,0.0,0.0,1.0
tank,aquarium,quarantine_vet,180,18,117,1,0.9444444444444444,5.444444444444445,0.05555555555555555,0.0,0.0,0.0,0.0,0.0,0.0,0.0,0.0,0.0,0.0,1.0
tank,aquarium,quarantine_vet,181,19,119,3,0.9473684210526315,4.947368421052632,0.10526315789473684,0.0,0.0,0.0,0.008403361344537815,0.0,0.0,1.0,0.0,0.0,0.0,0.0
tank,aquarium,quarantine_vet,182,20,96,1,1.0,3.8,0.0,0.0,0.0,0.0,0.0,0.0,0.0,0.0,0.0,1.0,0.0,0.0
tank,aquarium,quarantine_vet,183,20,121,1,0.95,4.9,0.05,0.0,0.0,1.0,0.0,0.0,0.0,0.0,0.0,0.0,0.0,1.0
tank,aquarium,quarantine_vet,184,22,122,1,0.9090909090909091,4.5,0.045454545454545456,0.0,0.0,0.0,0.0,0.0,0.0,0.0,0.0,0.0,1.0,0.0
tank,aquarium,quarantine_vet,185,19,103,2,0.95,4.05,0.0,0.0,0.0,0.0,0.009708737864077669,0.0,0.0,0.0,0.0,0.0,0.0,1.0
tank,aquarium,quarantine_vet,186,20,109,1,0.85,4.35,0.1,0.0,0.0,0.0,0.0,0.0,0.0,0.0,0.0,0.0,1.0,0.0
tank,aquarium,quarantine_vet,187,20,129,1,1.0,5.35,0.05,0.05,0.0,0.0,0.0,0.0,0.0,0.0,0.0,0.0,0.0,1.0
tank,aquarium,quarantine_vet,188,17,128,2,0.9444444444444444,6.0,0.058823529411764705,0.0,0.0,0.0,0.0,0.0,0.0,0.0,0.0,0.0,0.0,1.0
tank,aquarium,quarantine_vet,189,19,115,1,0.8421052631578947,4.947368421052632,0.10526315789473684,0.0,0.0,0.0,0.0,0.0,0.0,1.0,0.0,0.0,0.0,0.0
tank,aquarium,quarantine_vet,190,19,126,1,0.9444444444444444,5.444444444444445,0.10526315789473684,0.0,0.0,1.0,0.031746031746031744,0.0,0.0,0.0,0.0,0.0,0.0,1.0
tank,aquarium,quarantine_vet,191,17,94,1,0.9411764705882353,4.529411764705882,0.0,0.0,0.0,0.0,0.0,0.0,0.0,0.0,0.0,0.0,0.0,1.0
tank,aquarium,quarantine_vet,192,18,114,1,0.9444444444444444,5.277777777777778,0.05555555555555555,0.0,0.0,0.0,0.0,0.0,0.0,1.0,0.0,0.0,0.0,0.0
tank,aquarium,quarantine_vet,193,20,120,1,0.9,4.9,0.1,0.0,0.0,0.0,0.0,0.0,0.0,0.0,0.0,0.0,1.0,0.0
tank,aquarium,quarantine_vet,194,18,98,1,0.9444444444444444,4.277777777777778,0.1111111111111111,0.0,0.0,0.0,0.0,0.0,0.0,1.0,0.0,0.0,0.0,0.0
tank,aquarium,quarantine_vet,195,21,131,1,0.95,5.15,0.09523809523809523,0.0,1.0,1.0,0.0,0.0,0.0,0.0,1.0,0.0,0.0,0.0
tank,aquarium,quarantine_vet,196,22,139,1,0.9545454545454546,5.2727272727272725,0.045454545454545456,0.0,0.0,0.0,0.0,0.0,0.0,0.0,0.0,0.0,0.0,1.0
tank,aquarium,quarantine_vet,197,22,124,1,0.9545454545454546,4.545454545454546,0.09090909090909091,0.0,0.0,0.0,0.0,0.0,0.0,0.0,0.0,0.0,1.0,0.0
tank,aquarium,quarantine_vet,198,19,122,1,1.0,5.368421052631579,0.05263157894736842,0.0,0.0,0.0,0.0,0.0,0.0,0.0,0.0,0.0,0.0,1.0
tank,aquarium,quarantine_vet,199,19,121,1,0.9,5.0,0.05263157894736842,0.0,0.0,0.0,0.0,0.0,0.0,0.0,0.0,0.0,0.0,1.0
tank,aquarium,aquascaping,200,17,104,1,0.8823529411764706,5.117647058823529,0.0,0.0,0.0,0.0,0.0,0.0,1.0,0.0,0.0,0.0,0.0,0.0
tank,aquarium,aquascaping,201,20,134,1,0.9545454545454546,5.0,0.1,0.0,0.0,0.0,0.0,0.0,0.0,0.0,0.0,0.0,0.0,1.0
tank,aquarium,aquascaping,202,16,91,1,1.0,4.0,0.0625,0.0,0.0,0.0,0.0,0.0,0.0,0.0,0.0,1.0,0.0,0.0
tank,aquarium,aquascaping,203,23,140,1,0.9565217391304348,5.043478260869565,0.043478260869565216,0.0,0.0,0.0,0.0,0.0,0.0,0.0,0.0,0.0,0.0,1.0
tank,aquarium,aquascaping,204,20,135,1,0.9523809523809523,5.333333333333333,0.1,0.0,0.0,0.0,0.0,0.0,0.0,0.0,0.0,0.0,0.0,1.0
tank,aquarium,aquascaping,205,16,114,1,1.0,6.0625,0.0625,0.0,0.0,0.0,0.0,0.0,0.0,0.0,0.0,0.0,0.0,1.0
tank,aquarium,aquascaping,206,22,131,1,0.9090909090909091,4.909090909090909,0.045454545454545456,0.0,0.0,0.0,0.0,0.0,0.0,0.0,0.0,0.0,1.0,0.0
tank,aquarium,aquascaping,207,11,73,1,1.0,5.545454545454546,0.0,0.09090909090909091,0.0,0.0,0.0,0.0,0.0,1.0,0.0,0.0,0.0,0.0
tank,aquarium,aquascaping,208,22,133,1,1.0,5.555555555555555,0.09090909090909091,0.0,1.0,1.0,0.03759398496240601,0.0,0.0,0.0,0.0,0.0,0.0,1.0
tank,aquarium,aquascaping,209,18,119,1,0.8888888888888888,5.611111111111111,0.0,0.0,0.0,0.0,0.0,0.0,0.0,1.0,0.0,0.0,0.0,0.0
tank,aquarium,aquascaping,210,17,101,1,1.0,4.823529411764706,0.11764705882352941,0.0,0.0,0.0,0.0,0.0,0.0,0.0,0.0,0.0,0.0,1.0
tank,aquarium,aquascaping,211,19,113,1,0.8947368421052632,4.894736842105263,0.05263157894736842,0.0,0.0,0.0,0.0,0.0,0.0,0.0,0.0,0.0,1.0,0.0
tank,aquarium,aquascaping,212,25,136,1,0.92,4.36,0.04,0.0,0.0,0.0,0.007352941176470588,0.0,0.0,0.0,0.0,0.0,0.0,1.0
tank,aquarium,aquascaping,213,18,102,1,0.8888888888888888,4.611111111111111,0.0,0.0,0.0,0.0,0.0,0.0,0.0,1.0,0.0,0.0,0.0,0.0
tank,aquarium,aquascaping,214,17,108,1,0.9411764705882353,5.352941176470588,0.0,0.0,0.0,0.0,0.0,0.0,0.0,0.0,0.0,0.0,0.0,1.0
tank,aquarium,aquascaping,215,17,118,1,1.0,5.2105263157894735,0.0,0.0,0.0,0.0,0.0,0.0,1.0,0.0,0.0,0.0,0.0,0.0
tank,aquarium,aquascaping,216,19,107,1,0.9444444444444444,4.722222222222222,0.10526315789473684,0.0,0.0,1.0,0.0,0.0,0.0,0.0,0.0,0.0,0.0,1.0
tank,aquarium,aquascaping,217,18,103,1,1.0,4.722222222222222,0.0,0.0,0.0,0.0,0.0,0.0,0.0,0.0,0.0,0.0,0.0,1.0
tank,aquarium,aquascaping,218,21,135,1,0.9047619047619048,5.333333333333333,0.09523809523809523,0.0,0.0,0.0,0.0,0.0,0.0,0.0,0.0,0.0,1.0,0.0
tank,aquarium,aquascaping,219,17,115,1,0.8823529411764706,5.529411764705882,0.11764705882352941,0.0,1.0,0.0,0.0,0.0,0.0,0.0,1.0,0.0,0.0,0.0
tank,aquarium,aquascaping,220,19,111,1,0.8947368421052632,4.7894736842105265,0.05263157894736842,0.0,0.0,0.0,0.0,0.0,0.0,1.0,0.0,0.0,0.0,0.0
tank,aquarium,aquascaping,221,18,109,1,1.0,4.7368421052631575,0.0,0.0,0.0,0.0,0.0,0.0,0.0,0.0,0.0,0.0,0.0,1.0
tank,aquarium,aquascaping,222,17,134,1,1.0,6.388888888888889,0.058823529411764705,0.0,0.0,0.0,0.0,0.0,0.0,0.0,0.0,0.0,0.0,1.0
tank,aquarium,aquascaping,223,20,116,1,0.9473684210526315,4.947368421052632,0.05,0.0,0.0,1.0,0.0,0.0,0.0,0.0,0.0,0.0,0.0,1.0
tank,aquarium,aquascaping,224,20,140,1,0.95,5.9,0.1,0.0,0.0,0.0,0.0,0.0,0.0,0.0,0.0,0.0,1.0,0.0
tank,aquarium,koi_yard,225,19,99,1,0.95,3.75,0.05263157894736842,0.0,0.0,0.0,0.020202020202020204,0.0,1.0,0.0,0.0,0.0,0.0,0.0
tank,aquarium,koi_yard,226,22,130,1,0.9130434782608695,4.478260869565218,0.09090909090909091,0.0,1.0,0.0,0.0,0.0,0.0,0.0,1.0,0.0,0.0,0.0
tank,aquarium,koi_yard,227,18,134,1,0.9473684210526315,5.894736842105263,0.1111111111111111,0.0,0.0,0.0,0.0,0.0,0.0,0.0,0.0,0.0,0.0,1.0
tank,aquarium,koi_yard,228,19,101,1,0.9473684210526315,4.2631578947368425,0.05263157894736842,0.0,0.0,0.0,0.0,0.0,0.0,0.0,0.0,1.0,0.0,0.0
tank,aquarium,koi_yard,229,20,113,1,0.95,4.6,0.05,0.0,0.0,0.0,0.0,0.0,0.0,0.0,0.0,0.0,1.0,0.0
tank,aquarium,koi_yard,230,21,114,1,1.0,4.380952380952381,0.047619047619047616,0.0,0.0,0.0,0.0,0.0,0.0,1.0,0.0,0.0,0.0,0.0
tank,aquarium,koi_yard,231,21,111,1,1.0,4.238095238095238,0.047619047619047616,0.0,0.0,0.0,0.0,0.0,0.0,1.0,0.0,0.0,0.0,0.0
tank,aquarium,koi_yard,232,18,121,1,1.0,5.105263157894737,0.16666666666666666,0.0,0.0,1.0,0.0,0.0,0.0,0.0,0.0,0.0,0.0,1.0
tank,aquarium,koi_yard,233,22,120,1,0.9090909090909091,4.454545454545454,0.0,0.0,0.0,0.0,0.0,0.0,1.0,0.0,0.0,0.0,0.0,0.0
tank,aquarium,koi_yard,234,18,97,1,0.9473684210526315,4.052631578947368,0.0,0.05555555555555555,0.0,0.0,0.0,0.0,0.0,0.0,0.0,0.0,0.0,1.0
tank,aquarium,koi_yard,235,20,105,2,0.9,4.15,0.05,0.0,0.0,0.0,0.0,0.0,1.0,0.0,0.0,0.0,0.0,0.0
tank,aquarium,koi_yard,236,21,109,1,1.0,4.095238095238095,0.09523809523809523,0.0,0.0,0.0,0.0,0.0,0.0,0.0,0.0,0.0,0.0,1.0
tank,aquarium,koi_yard,237,20,112,1,0.95,4.55,0.0,0.05,0.0,0.0,0.0,0.0,0.0,1.0,0.0,0.0,0.0,0.0
tank,aquarium,koi_yard,238,22,130,1,0.9090909090909091,4.863636363636363,0.045454545454545456,0.0,0.0,0.0,0.0,0.0,0.0,0.0,0.0,0.0,0.0,1.0
tank,aquarium,koi_yard,239,17,103,1,1.0,4.882352941176471,0.058823529411764705,0.0,0.0,1.0,0.0,0.0,0.0,0.0,0.0,0.0,0.0,1.0
tank,aquarium,koi_yard,240,20,107,1,0.9523809523809523,3.9047619047619047,0.1,0.0,1.0,0.0,0.0,0.0,0.0,0.0,1.0,0.0,0.0,0.0
tank,aquarium,koi_yard,241,19,117,1,0.9473684210526315,5.0,0.10526315789473684,0.05263157894736842,0.0,0.0,0.0,0.0,0.0,0.0,0.0,0.0,0.0,1.0
tank,aquarium,koi_yard,242,20,111,1,0.85,4.5,0.05,0.0,0.0,0.0,0.0,0.0,0.0,1.0,0.0,0.0,0.0,0.0
tank,aquarium,koi_yard,243,13,75,1,0.9230769230769231,4.461538461538462,0.15384615384615385,0.0,0.0,1.0,0.0,0.0,0.0,0.0,0.0,0.0,0.0,1.0
tank,aquarium,koi_yard,244,17,106,1,1.0,5.0588235294117645,0.11764705882352941,0.0,0.0,0.0,0.0,0.0,1.0,0.0,0.0,0.0,0.0,0.0
tank,aquarium,koi_yard,245,17,98,1,0.9411764705882353,4.647058823529412,0.11764705882352941,0.0,0.0,0.0,0.0,0.0,0.0,0.0,0.0,0.0,0.0,1.0
tank,aquarium,koi_yard,246,15,88,1,0.9375,4.5,0.0,0.0,0.0,0.0,0.0,0.0,0.0,0.0,0.0,0.0,0.0,1.0
tank,aquarium,koi_yard,247,19,127,1,1.0,5.684210526315789,0.0,0.0,0.0,0.0,0.0,0.0,0.0,0.0,0.0,0.0,0.0,1.0
tank,aquarium,koi_yard,248,19,107,1,0.9473684210526315,4.578947368421052,0.0,0.05263157894736842,0.0,0.0,0.0,0.0,0.0,0.0,0.0,1.0,0.0,0.0
tank,aquarium,koi_yard,249,18,104,1,0.9444444444444444,4.666666666666667,0.1111111111111111,0.0,0.0,0.0,0.0,0.0,0.0,0.0,0.0,0.0,0.0,1.0
tank,aquarium,wet_lab,250,19,116,3,0.9473684210526315,4.894736842105263,0.05263157894736842,0.0,0.0,0.0,0.008620689655172414,0.0,0.0,0.0,0.0,0.0,0.0,1.0
tank,aquarium,wet_lab,251,20,116,1,0.85,4.75,0.05,0.0,0.0,0.0,0.0,0.0,0.0,0.0,0.0,0.0,0.0,1.0
tank,aquarium,wet_lab,252,20,113,2,0.8947368421052632,4.578947368421052,0.1,0.0,0.0,0.0,0.02654867256637168,0.0,0.0,0.0,0.0,0.0,0.0,1.0
tank,aquarium,wet_lab,253,14,70,1,0.9285714285714286,4.0,0.0,0.0,0.0,0.0,0.0,0.0,0.0,0.0,0.0,1.0,0.0,0.0
tank,aquarium,wet_lab,254,21,128,1,0.9545454545454546,4.7727272727272725,0.047619047619047616,0.0,0.0,0.0,0.0,0.0,0.0,0.0,0.0,0.0,0.0,1.0
tank,aquarium,wet_lab,255,19,139,1,0.9473684210526315,6.2631578947368425,0.05263157894736842,0.0,0.0,0.0,0.0,0.0,0.0,0.0,0.0,0.0,0.0,1.0
tank,aquarium,wet_lab,256,17,113,1,0.9444444444444444,5.222222222222222,0.0,0.058823529411764705,0.0,0.0,0.0,0.0,0.0,1.0,0.0,0.0,0.0,0.0
tank,aquarium,wet_lab,257,17,109,1,1.0,5.411764705882353,0.0,0.0,0.0,0.0,0.0,0.0,0.0,1.0,0.0,0.0,0.0,0.0
tank,aquarium,wet_lab,258,18,102,1,1.0,4.555555555555555,0.1111111111111111,0.0,0.0,0.0,0.0,0.0,1.0,0.0,0.0,0.0,0.0,0.0
tank,aquarium,wet_lab,259,21,109,1,0.9,4.3,0.047619047619047616,0.0,0.0,1.0,0.0,0.0,0.0,0.0,0.0,0.0,0.0,1.0
tank,aquarium,wet_lab,260,16,123,1,0.9375,6.625,0.0625,0.0,0.0,0.0,0.0,0.0,0.0,0.0,0.0,0.0,1.0,0.0
tank,aquarium,wet_lab,261,16,98,1,1.0,5.125,0.0,0.0,0.0,0.0,0.0,0.0,0.0,1.0,0.0,0.0,0.0,0.0
tank,aquarium,wet_lab,262,19,118,1,0.95,4.55,0.05263157894736842,0.0,0.0,0.0,0.03389830508474576,0.0,0.0,0.0,0.0,0.0,1.0,0.0
tank,aquarium,wet_lab,263,19,111,1,0.9473684210526315,4.7894736842105265,0.05263157894736842,0.0,0.0,0.0,0.0,0.0,0.0,0.0,0.0,0.0,0.0,1.0
tank,aquarium,wet_lab,264,17,104,1,1.0,5.117647058823529,0.0,0.0,0.0,0.0,0.0,0.0,0.0,0.0,0.0,0.0,0.0,1.0
tank,aquarium,wet_lab,265,13,71,1,1.0,4.461538461538462,0.0,0.0,0.0,0.0,0.0,0.0,0.0,0.0,0.0,0.0,0.0,1.0
tank,aquarium,wet_lab,266,18,97,1,0.9444444444444444,4.333333333333333,0.0,0.05555555555555555,0.0,0.0,0.0,0.0,0.0,0.0,0.0,0.0,1.0,0.0
tank,aquarium,wet_lab,267,16,91,1,0.875,4.3125,0.125,0.0,1.0,0.0,0.0,0.0,0.0,0.0,1.0,0.0,0.0,0.0
tank,aquarium,wet_lab,268,18,88,1,0.9444444444444444,3.8333333333333335,0.05555555555555555,0.0,0.0,0.0,0.0,0.0,0.0,0.0,0.0,0.0,0.0,1.0
tank,aquarium,wet_lab,269,16,107,1,1.0,5.625,0.0625,0.0,0.0,0.0,0.0,0.0,0.0,0.0,0.0,0.0,1.0,0.0
tank,aquarium,wet_lab,270,14,89,1,1.0,5.357142857142857,0.0,0.0,0.0,0.0,0.0,0.0,0.0,0.0,0.0,0.0,1.0,0.0
tank,aquarium,wet_lab,271,18,124,1,0.8888888888888888,5.777777777777778,0.05555555555555555,0.0,0.0,0.0,0.008064516129032258,0.0,0.0,0.0,0.0,0.0,0.0,1.0
tank,aquarium,wet_lab,272,16,93,1,1.0,4.6875,0.125,0.0,0.0,0.0,0.0,0.0,0.0,0.0,0.0,0.0,0.0,1.0
tank,aquarium,wet_lab,273,18,114,1,1.0,5.166666666666667,0.1111111111111111,0.0,0.0,0.0,0.0,0.0,0.0,0.0,0.0,0.0,0.0,1.0
tank,aquarium,wet_lab,274,16,103,1,0.9375,5.3125,0.125,0.0,0.0,0.0,0.0,0.0,1.0,0.0,0.0,0.0,0.0,0.0
tank,aquarium,restaurant,275,18,111,1,0.9444444444444444,5.111111111111111,0.05555555555555555,0.0,0.0,0.0,0.0,0.0,0.0,0.0,0.0,0.0,0.0,1.0
tank,aquarium,restaurant,276,18,116,1,0.8888888888888888,5.333333333333333,0.1111111111111111,0.0,0.0,0.0,0.0,0.0,0.0,0.0,0.0,0.0,1.0,0.0
tank,aquarium,restaurant,277,13,73,2,0.9230769230769231,4.3076923076923075,0.07692307692307693,0.0,1.0,0.0,0.0,0.0,0.0,0.0,1.0,0.0,0.0,0.0
tank,aquarium,restaurant,278,21,121,1,0.9523809523809523,4.714285714285714,0.0,0.047619047619047616,0.0,0.0,0.0,0.0,0.0,0.0,0.0,0.0,1.0,0.0
tank,aquarium,restaurant,279,15,89,1,0.9333333333333333,4.866666666666666,0.06666666666666667,0.0,0.0,0.0,0.0,0.0,0.0,0.0,0.0,0.0,0.0,1.0
tank,aquarium,restaurant,280,22,129,2,0.9545454545454546,4.7272727272727275,0.045454545454545456,0.0,0.0,0.0,0.0,0.0,0.0,1.0,0.0,0.0,0.0,0.0
tank,aquarium,restaurant,281,19,104,1,0.8947368421052632,4.421052631578948,0.05263157894736842,0.0,0.0,0.0,0.0,0.0,0.0,0.0,0.0,0.0,0.0,1.0
tank,aquarium,restaurant,282,20,116,1,0.85,4.7,0.1,0.0,0.0,0.0,0.0,0.0,0.0,0.0,0.0,0.0,0.0,1.0
tank,aquarium,restaurant,283,17,111,1,0.9444444444444444,5.111111111111111,0.058823529411764705,0.0,0.0,0.0,0.0,0.0,0.0,0.0,0.0,0.0,1.0,0.0
tank,aquarium,restaurant,284,15,85,1,0.8666666666666667,4.666666666666667,0.0,0.0,0.0,0.0,0.0,0.0,0.0,0.0,0.0,1.0,0.0,0.0
tank,aquarium,restaurant,285,21,131,1,0.9047619047619048,5.190476190476191,0.047619047619047616,0.0,0.0,0.0,0.0,0.0,0.0,0.0,0.0,0.0,0.0,1.0
tank,aquarium,restaurant,286,16,98,1,0.875,5.125,0.0,0.0,0.0,0.0,0.0,0.0,0.0,0.0,0.0,0.0,1.0,0.0
tank,aquarium,restaurant,287,18,104,1,0.9444444444444444,4.722222222222222,0.05555555555555555,0.0,0.0,0.0,0.0,0.0,0.0,1.0,0.0,0.0,0.0,0.0
tank,aquarium,restaurant,288,19,111,1,0.8333333333333334,4.833333333333333,0.05263157894736842,0.0,0.0,0.0,0.036036036036036036,0.0,0.0,0.0,0.0,0.0,0.0,1.0
tank,aquarium,restaurant,289,19,105,1,0.9473684210526315,4.421052631578948,0.05263157894736842,0.05263157894736842,0.0,0.0,0.0,0.0,0.0,0.0,0.0,0.0,0.0,1.0
tank,aquarium,restaurant,290,17,92,1,0.875,4.625,0.0,0.0,0.0,1.0,0.0,0.0,0.0,0.0,0.0,0.0,0.0,1.0
tank,aquarium,restaurant,291,19,107,2,0.95,4.25,0.05263157894736842,0.0,0.0,0.0,0.0,0.0,0.0,0.0,0.0,0.0,0.0,1.0
tank,aquarium,restaurant,292,17,88,1,0.9411764705882353,4.117647058823529,0.058823529411764705,0.0,0.0,0.0,0.0,0.0,1.0,0.0,0.0,0.0,0.0,0.0
tank,aquarium,restaurant,293,12,65,2,0.9166666666666666,4.25,0.08333333333333333,0.0,0.0,0.0,0.0,0.0,0.0,0.0,0.0,0.0,0.0,1.0
tank,aquarium,restaurant,294,21,111,1,0.8571428571428571,4.285714285714286,0.0,0.0,0.0,0.0,0.0,0.0,1.0,0.0,0.0,0.0,0.0,0.0
tank,aquarium,restaurant,295,15,82,2,0.9333333333333333,4.266666666666667,0.13333333333333333,0.0,0.0,0.0,0.0,0.0,0.0,0.0,0.0,0.0,0.0,1.0
tank,aquarium,restaurant,296,19,111,1,0.9473684210526315,4.7894736842105265,0.05263157894736842,0.0,0.0,0.0,0.0,0.0,0.0,0.0,0.0,0.0,0.0,1.0
tank,aquarium,restaurant,297,17,108,1,0.8823529411764706,5.352941176470588,0.0,0.0,0.0,0.0,0.0,0.0,0.0,0.0,0.0,0.0,0.0,1.0
tank,aquarium,restaurant,298,16,114,1,0.875,6.0625,0.0625,0.0,0.0,0.0,0.0,0.0,0.0,0.0,0.0,0.0,1.0,0.0
tank,aquarium,restaurant,299,19,114,1,0.8947368421052632,4.947368421052632,0.05263157894736842,0.0,0.0,0.0,0.0,0.0,0.0,0.0,0.0,0.0,0.0,1.0
tank,vehicle,museum,0,23,124,1,0.9130434782608695,4.391304347826087,0.0,0.0,0.0,0.0,0.0,0.0,1.0,0.0,0.0,0.0,0.0,0.0
tank,vehicle,museum,1,19,100,1,1.0,4.2631578947368425,0.0,0.0,0.0,0.0,0.0,0.0,0.0,0.0,0.0,1.0,0.0,0.0
tank,vehicle,museum,2,22,141,1,1.0,5.380952380952381,0.09090909090909091,0.0,0.0,0.0,0.028368794326241134,0.0,0.0,0.0,0.0,0.0,0.0,1.0
tank,vehicle,museum,3,20,118,1,0.8947368421052632,4.894736842105263,0.1,0.0,1.0,1.0,0.0,0.0,0.0,0.0,1.0,0.0,0.0,0.0
tank,vehicle,museum,4,21,129,1,0.9047619047619048,5.0476190476190474,0.09523809523809523,0.0,0.0,0.0,0.0,0.0,0.0,0.0,0.0,0.0,0.0,1.0
tank,vehicle,museum,5,23,133,1,0.8260869565217391,4.739130434782608,0.043478260869565216,0.0,0.0,0.0,0.0,0.0,0.0,0.0,0.0,0.0,1.0,0.0
tank,vehicle,museum,6,23,150,1,0.9130434782608695,5.478260869565218,0.043478260869565216,0.0,0.0,0.0,0.0,0.0,0.0,0.0,0.0,0.0,0.0,1.0
tank,vehicle,museum,7,16,86,1,0.8125,4.375,0.0,0.0,0.0,0.0,0.0,0.0,0.0,1.0,0.0,0.0,0.0,0.0
tank,vehicle,museum,8,16,99,1,1.0,5.0625,0.125,0.0,0.0,0.0,0.0,0.0,0.0,0.0,0.0,0.0,0.0,1.0
tank,vehicle,museum,9,20,127,1,0.95,5.25,0.1,0.0,0.0,0.0,0.0,0.0,1.0,0.0,0.0,0.0,0.0,0.0
tank,vehicle,museum,10,16,100,1,0.9411764705882353,4.882352941176471,0.0,0.0,0.0,0.0,0.0,0.0,0.0,0.0,0.0,1.0,0.0,0.0
tank,vehicle,museum,11,19,137,1,0.9,5.8,0.05263157894736842,0.0,0.0,0.0,0.0,0.0,0.0,0.0,0.0,0.0,1.0,0.0
tank,vehicle,museum,12,22,130,1,0.9130434782608695,4.565217391304348,0.09090909090909091,0.0,0.0,0.0,0.0,0.0,0.0,0.0,0.0,0.0,0.0,1.0
tank,vehicle,museum,13,16,94,2,0.875,4.5625,0.125,0.0,1.0,0.0,0.0,0.0,0.0,0.0,1.0,0.0,0.0,0.0
tank,vehicle,museum,14,21,112,1,0.9523809523809523,4.333333333333333,0.0,0.0,0.0,0.0,0.0,0.0,0.0,1.0,0.0,0.0,0.0,0.0
tank,vehicle,museum,15,19,116,1,0.9444444444444444,5.111111111111111,0.21052631578947367,0.0,0.0,1.0,0.0,0.0,0.0,0.0,0.0,0.0,0.0,1.0
tank,vehicle,museum,16,21,132,1,0.9047619047619048,5.238095238095238,0.047619047619047616,0.0,0.0,0.0,0.0,0.0,0.0,0.0,0.0,0.0,1.0,0.0
tank,vehicle,museum,17,20,102,1,0.95,4.1,0.0,0.0,0.0,0.0,0.0,0.0,0.0,0.0,0.0,0.0,0.0,1.0
tank,vehicle,museum,18,17,86,1,0.9411764705882353,3.9411764705882355,0.11764705882352941,0.0,0.0,0.0,0.0,0.0,0.0,0.0,0.0,0.0,0.0,1.0
tank,vehicle,museum,19,19,124,1,0.8947368421052632,5.473684210526316,0.05263157894736842,0.0,0.0,0.0,0.0,0.0,0.0,0.0,0.0,0.0,1.0,0.0
tank,vehicle,museum,20,15,82,1,1.0,4.4,0.06666666666666667,0.0,0.0,0.0,0.0,0.0,0.0,0.0,0.0,1.0,0.0,0.0
tank,vehicle,museum,21,20,117,1,0.9,4.85,0.0,0.0,0.0,0.0,0.0,0.0,0.0,0.0,0.0,0.0,1.0,0.0
tank,vehicle,museum,22,22,122,1,0.8636363636363636,4.2727272727272725,0.045454545454545456,0.0,0.0,0.0,0.03278688524590164,0.0,0.0,0.0,0.0,0.0,0.0,1.0
tank,vehicle,museum,23,19,123,1,0.9473684210526315,5.368421052631579,0.10526315789473684,0.0,0.0,0.0,0.0,0.0,0.0,0.0,0.0,0.0,1.0,0.0
tank,vehicle,museum,24,18,118,1,0.9473684210526315,5.2105263157894735,0.0,0.0,0.0,0.0,0.0,0.0,0.0,0.0,0.0,0.0,0.0,1.0
tank,vehicle,training_range,25,16,91,1,0.875,4.6875,0.0,0.0,0.0,0.0,0.0,0.0,0.0,0.0,0.0,0.0,0.0,1.0
tank,vehicle,training_range,26,16,98,1,0.875,4.8125,0.1875,0.0,1.0,0.0,0.0,0.0,0.0,0.0,1.0,0.0,0.0,0.0
tank,vehicle,training_range,27,14,99,1,1.0,6.0,0.07142857142857142,0.0,0.0,0.0,0.0,0.0,0.0,0.0,0.0,0.0,0.0,1.0
tank,vehicle,training_range,28,15,93,1,0.8666666666666667,5.133333333333334,0.06666666666666667,0.0,0.0,0.0,0.0,0.0,0.0,0.0,0.0,1.0,0.0,0.0
tank,vehicle,training_range,29,16,69,1,1.0,3.4,0.0625,0.0,0.0,1.0,0.0,0.0,0.0,0.0,0.0,0.0,0.0,1.0
tank,vehicle,training_range,30,15,92,1,0.8666666666666667,4.933333333333334,0.0,0.0,0.0,0.0,0.03260869565217391,0.0,1.0,0.0,0.0,0.0,0.0,0.0
tank,vehicle,training_range,31,14,85,1,0.9285714285714286,5.071428571428571,0.0,0.0,0.0,0.0,0.0,0.0,0.0,0.0,0.0,0.0,0.0,1.0
tank,vehicle,training_range,32,15,93,1,1.0,4.75,0.06666666666666667,0.0,0.0,0.0,0.0,0.0,0.0,0.0,0.0,0.0,0.0,1.0
tank,vehicle,training_range,33,16,100,1,1.0,5.125,0.0625,0.0,0.0,0.0,0.0,0.0,0.0,0.0,0.0,0.0,0.0,1.0
tank,vehicle,training_range,34,17,113,1,0.8125,5.5625,0.23529411764705882,0.0,1.0,1.0,0.0,0.0,0.0,0.0,1.0,0.0,0.0,0.0
tank,vehicle,training_range,35,15,102,1,1.0,5.733333333333333,0.06666666666666667,0.0,0.0,0.0,0.0,0.0,0.0,0.0,0.0,0.0,1.0,0.0
tank,vehicle,training_range,36,16,95,1,0.875,4.8125,0.125,0.0,0.0,0.0,0.0,0.0,1.0,0.0,0.0,0.0,0.0,0.0
tank,vehicle,training_range,37,17,101,1,0.9411764705882353,4.823529411764706,0.11764705882352941,0.0,0.0,0.0,0.0,0.0,0.0,0.0,0.0,0.0,1.0,0.0
tank,vehicle,training_range,38,17,104,1,0.9411764705882353,5.0588235294117645,0.058823529411764705,0.0,0.0,0.0,0.0,0.0,0.0,0.0,0.0,0.0,0.0,1.0
tank,vehicle,training_range,39,18,102,1,0.8823529411764706,4.882352941176471,0.0,0.0,0.0,1.0,0.0,0.0,0.0,0.0,0.0,0.0,0.0,1.0
tank,vehicle,training_range,40,16,103,1,0.875,5.4375,0.0,0.0,0.0,0.0,0.0,0.0,0.0,0.0,0.0,0.0,1.0,0.0
tank,vehicle,training_range,41,15,91,1,0.9333333333333333,5.0,0.06666666666666667,0.0,0.0,0.0,0.0,0.0,0.0,0.0,0.0,0.0,1.0,0.0
tank,vehicle,training_range,42,17,107,1,0.8823529411764706,5.294117647058823,0.0,0.0,0.0,0.0,0.0,0.0,0.0,0.0,0.0,0.0,0.0,1.0
tank,vehicle,training_range,43,15,90,1,1.0,4.933333333333334,0.06666666666666667,0.0,0.0,0.0,0.0,0.0,0.0,0.0,0.0,0.0,0.0,1.0
tank,vehicle,training_range,44,17,88,1,0.9411764705882353,4.176470588235294,0.0,0.0,0.0,0.0,0.0,0.0,0.0,0.0,0.0,0.0,0.0,1.0
tank,vehicle,training_range,45,13,69,1,0.9230769230769231,4.0,0.15384615384615385,0.0,1.0,0.0,0.0,0.0,0.0,0.0,0.0,0.0,0.0,1.0
tank,vehicle,training_range,46,17,92,1,0.9411764705882353,4.294117647058823,0.11764705882352941,0.0,0.0,0.0,0.0,0.0,0.0,0.0,0.0,0.0,0.0,1.0
tank,vehicle,training_range,47,15,84,1,0.875,4.125,0.13333333333333333,0.0,0.0,0.0,0.0,0.0,0.0,1.0,0.0,0.0,0.0,0.0
tank,vehicle,training_range,48,15,98,1,0.875,5.125,0.0,0.0,0.0,0.0,0.0,0.0,0.0,0.0,0.0,0.0,1.0,0.0
tank,vehicle,training_range,49,17,100,1,0.8823529411764706,4.764705882352941,0.11764705882352941,0.0,0.0,0.0,0.0,0.0,0.0,0.0,0.0,0.0,1.0,0.0
tank,vehicle,assembly_plant,50,18,106,1,0.8947368421052632,4.473684210526316,0.1111111111111111,0.0,0.0,1.0,0.0,0.0,0.0,0.0,0.0,0.0,0.0,1.0
tank,vehicle,assembly_plant,51,18,130,1,1.0,6.222222222222222,0.0,0.0,0.0,0.0,0.0,0.0,0.0,0.0,0.0,0.0,0.0,1.0
tank,vehicle,assembly_plant,52,22,122,1,0.9090909090909091,4.5,0.045454545454545456,0.0,0.0,0.0,0.0,0.0,0.0,0.0,0.0,0.0,1.0,0.0
tank,vehicle,assembly_plant,53,20,124,1,0.8571428571428571,4.857142857142857,0.05,0.0,0.0,0.0,0.0,0.0,0.0,0.0,0.0,0.0,0.0,1.0
tank,vehicle,assembly_plant,54,17,99,1,0.9444444444444444,4.5,0.0,0.0,0.0,1.0,0.0,0.0,0.0,0.0,0.0,1.0,0.0,0.0
tank,vehicle,assembly_plant,55,19,106,1,1.0,4.526315789473684,0.05263157894736842,0.0,0.0,0.0,0.0,0.0,0.0,0.0,0.0,0.0,0.0,1.0
tank,vehicle,assembly_plant,56,13,75,1,0.9230769230769231,4.615384615384615,0.07692307692307693,0.0,0.0,0.0,0.0,0.0,0.0,0.0,0.0,0.0,0.0,1.0
tank,vehicle,assembly_plant,57,20,120,1,0.8,5.0,0.0,0.0,0.0,0.0,0.0,0.0,1.0,0.0,0.0,0.0,0.0,0.0
tank,vehicle,assembly_plant,58,20,98,1,0.9,3.9,0.0,0.0,0.0,0.0,0.0,0.0,0.0,1.0,0.0,0.0,0.0,0.0
tank,vehicle,assembly_plant,59,17,106,1,1.0,5.117647058823529,0.11764705882352941,0.0,0.0,0.0,0.0,0.0,0.0,0.0,0.0,0.0,0.0,1.0
tank,vehicle,assembly_plant,60,18,123,1,1.0,5.722222222222222,0.1111111111111111,0.0,0.0,0.0,0.0,0.0,0.0,0.0,0.0,0.0,0.0,1.0
tank,vehicle,assembly_plant,61,17,96,1,0.8235294117647058,4.588235294117647,0.0,0.058823529411764705,0.0,0.0,0.0,0.0,0.0,1.0,0.0,0.0,0.0,0.0
tank,vehicle,assembly_plant,62,19,118,1,0.9473684210526315,5.157894736842105,0.05263157894736842,0.0,0.0,0.0,0.0,0.0,0.0,0.0,0.0,0.0,0.0,1.0
tank,vehicle,assembly_plant,63,17,89,1,1.0,4.235294117647059,0.0,0.0,0.0,0.0,0.0,0.0,0.0,0.0,0.0,0.0,0.0,1.0
tank,vehicle,assembly_plant,64,16,98,1,1.0,5.0625,0.0625,0.0,0.0,0.0,0.0,0.0,0.0,0.0,0.0,0.0,0.0,1.0
tank,vehicle,assembly_plant,65,19,116,1,0.85,4.75,0.05263157894736842,0.0,0.0,0.0,0.0,0.0,0.0,0.0,0.0,0.0,1.0,0.0
tank,vehicle,assembly_plant,66,18,103,1,0.8888888888888888,4.666666666666667,0.05555555555555555,0.0,0.0,0.0,0.0,0.0,0.0,0.0,0.0,1.0,0.0,0.0
tank,vehicle,assembly_plant,67,20,111,1,0.9,4.5,0.05,0.0,0.0,0.0,0.0,0.0,1.0,0.0,0.0,0.0,0.0,0.0
tank,vehicle,assembly_plant,68,18,113,1,0.8888888888888888,5.222222222222222,0.05555555555555555,0.0,0.0,0.0,0.0,0.0,0.0,0.0,0.0,0.0,0.0,1.0
tank,vehicle,assembly_plant,69,19,119,1,0.9473684210526315,5.2631578947368425,0.0,0.0,0.0,0.0,0.0,0.0,0.0,0.0,0.0,0.0,1.0,0.0
tank,vehicle,assembly_plant,70,18,121,1,0.85,4.9,0.16666666666666666,0.0,0.0,1.0,0.0,0.0,0.0,0.0,0.0,0.0,0.0,1.0
tank,vehicle,assembly_plant,71,18,116,1,0.9444444444444444,5.277777777777778,0.0,0.0,0.0,0.0,0.017241379310344827,0.0,0.0,0.0,0.0,0.0,0.0,1.0
tank,vehicle,assembly_plant,72,12,75,1,1.0,4.769230769230769,0.0,0.0,0.0,1.0,0.0,0.0,0.0,0.0,0.0,0.0,0.0,1.0
tank,vehicle,assembly_plant,73,21,109,1,0.9090909090909091,3.909090909090909,0.0,0.047619047619047616,0.0,0.0,0.0,0.0,0.0,1.0,0.0,0.0,0.0,0.0
tank,vehicle,assembly_plant,74,18,109,1,1.0,5.0,0.05555555555555555,0.0,0.0,0.0,0.0,0.0,0.0,0.0,0.0,0.0,0.0,1.0
tank,vehicle,parade,75,18,101,1,0.9444444444444444,4.555555555555555,0.05555555555555555,0.0,0.0,0.0,0.0,0.0,0.0,0.0,0.0,0.0,0.0,1.0
tank,vehicle,parade,76,18,114,1,1.0,4.894736842105263,0.05555555555555555,0.0,0.0,0.0,0.008771929824561403,0.0,0.0,0.0,0.0,0.0,1.0,0.0
tank,vehicle,parade,77,16,84,1,0.8125,4.25,0.0,0.0,0.0,0.0,0.0,0.0,0.0,0.0,0.0,1.0,0.0,0.0
tank,vehicle,parade,78,26,145,1,0.96,4.6,0.038461538461538464,0.0,0.0,0.0,0.020689655172413793,0.0,0.0,0.0,0.0,0.0,0.0,1.0
tank,vehicle,parade,79,19,107,1,1.0,4.315789473684211,0.10526315789473684,0.0,1.0,0.0,0.0,0.0,0.0,0.0,1.0,0.0,0.0,0.0
tank,vehicle,parade,80,22,133,1,0.9545454545454546,4.7727272727272725,0.045454545454545456,0.0,0.0,0.0,0.03007518796992481,0.0,0.0,0.0,0.0,0.0,0.0,1.0
tank,vehicle,parade,81,18,106,1,0.7777777777777778,4.888888888888889,0.0,0.0,0.0,0.0,0.0,0.0,0.0,1.0,0.0,0.0,0.0,0.0
tank,vehicle,parade,82,15,80,1,0.9333333333333333,4.266666666666667,0.06666666666666667,0.0,0.0,0.0,0.0,0.0,0.0,0.0,0.0,0.0,0.0,1.0
tank,vehicle,parade,83,20,113,1,0.95,4.65,0.0,0.0,0.0,0.0,0.0,0.0,1.0,0.0,0.0,0.0,0.0,0.0
tank,vehicle,parade,84,21,116,1,0.9523809523809523,4.523809523809524,0.0,0.0,0.0,0.0,0.0,0.0,0.0,0.0,0.0,0.0,1.0,0.0
tank,vehicle,parade,85,18,120,1,0.9444444444444444,5.611111111111111,0.05555555555555555,0.0,0.0,0.0,0.0,0.0,0.0,0.0,0.0,0.0,0.0,1.0
tank,vehicle,parade,86,18,109,1,0.8421052631578947,4.684210526315789,0.05555555555555555,0.0,0.0,0.0,0.0,0.0,0.0,0.0,0.0,0.0,0.0,1.0
tank,vehicle,parade,87,22,133,1,0.8636363636363636,5.0,0.045454545454545456,0.0,0.0,0.0,0.0,0.0,0.0,0.0,0.0,0.0,0.0,1.0
tank,vehicle,parade,88,15,89,1,0.8666666666666667,4.866666666666666,0.0,0.06666666666666667,0.0,0.0,0.0,0.0,1.0,0.0,0.0,0.0,0.0,0.0
tank,vehicle,parade,89,16,106,1,1.0,5.5625,0.0625,0.0,0.0,0.0,0.0,0.0,0.0,0.0,0.0,0.0,0.0,1.0
tank,vehicle,parade,90,23,131,1,0.9565217391304348,4.565217391304348,0.13043478260869565,0.0,0.0,0.0,0.0,0.0,0.0,1.0,0.0,0.0,0.0,0.0
tank,vehicle,parade,91,15,92,1,0.9375,4.6875,0.06666666666666667,0.0,0.0,0.0,0.0,0.0,0.0,0.0,0.0,1.0,0.0,0.0
tank,vehicle,parade,92,24,123,1,0.9583333333333334,4.083333333333333,0.041666666666666664,0.0,0.0,0.0,0.0,0.0,1.0,0.0,0.0,0.0,0.0,0.0
tank,vehicle,parade,93,19,119,1,0.9473684210526315,5.2105263157894735,0.05263157894736842,0.0,0.0,0.0,0.0,0.0,0.0,0.0,0.0,0.0,0.0,1.0
tank,vehicle,parade,94,23,130,1,0.9545454545454546,4.590909090909091,0.043478260869565216,0.0,0.0,0.0,0.038461538461538464,0.0,0.0,0.0,0.0,0.0,0.0,1.0
tank,vehicle,parade,95,18,114,1,0.9444444444444444,5.055555555555555,0.16666666666666666,0.0,1.0,0.0,0.0,0.0,0.0,0.0,1.0,0.0,0.0,0.0
tank,vehicle,parade,96,17,98,1,0.9411764705882353,4.705882352941177,0.058823529411764705,0.0,0.0,0.0,0.0,0.0,0.0,0.0,0.0,0.0,1.0,0.0
tank,vehicle,parade,97,12,73,1,0.9090909090909091,5.181818181818182,0.25,0.0,0.0,1.0,0.0,0.0,0.0,0.0,0.0,0.0,0.0,1.0
tank,vehicle,parade,98,18,126,1,0.8888888888888888,5.944444444444445,0.05555555555555555,0.0,0.0,0.0,0.0,0.0,0.0,0.0,0.0,0.0,0.0,1.0
tank,vehicle,parade,99,21,124,1,0.9090909090909091,4.545454545454546,0.09523809523809523,0.0,0.0,0.0,0.0,0.0,0.0,0.0,0.0,0.0,0.0,1.0
tank,vehicle,memoir,100,25,142,1,0.92,4.64,0.04,0.0,0.0,0.0,0.0,0.0,0.0,0.0,0.0,0.0,0.0,1.0
tank,vehicle,memoir,101,19,100,1,0.9473684210526315,3.9473684210526314,0.10526315789473684,0.0,1.0,0.0,0.0,0.0,0.0,0.0,1.0,0.0,0.0,0.0
tank,vehicle,memoir,102,20,121,1,0.95,5.0,0.05,0.0,0.0,0.0,0.0,0.0,0.0,1.0,0.0,0.0,0.0,0.0
tank,vehicle,memoir,103,23,145,1,0.9565217391304348,5.217391304347826,0.08695652173913043,0.0,0.0,0.0,0.0,0.0,1.0,0.0,0.0,0.0,0.0,0.0
tank,vehicle,memoir,104,18,96,1,0.9473684210526315,4.052631578947368,0.0,0.0,0.0,0.0,0.0,0.0,0.0,0.0,0.0,1.0,0.0,0.0
tank,vehicle,memoir,105,14,78,1,1.0,4.5,0.07142857142857142,0.0,0.0,0.0,0.0,0.0,0.0,0.0,0.0,0.0,0.0,1.0
tank,vehicle,memoir,106,21,143,1,0.9130434782608695,5.086956521739131,0.14285714285714285,0.0,0.0,0.0,0.0,0.0,0.0,0.0,0.0,0.0,0.0,1.0
tank,vehicle,memoir,107,22,120,1,0.9090909090909091,4.454545454545454,0.0,0.0,0.0,0.0,0.0,0.0,0.0,1.0,0.0,0.0,0.0,0.0
tank,vehicle,memoir,108,23,116,1,0.9565217391304348,4.0,0.043478260869565216,0.0,0.0,0.0,0.0,0.0,0.0,1.0,0.0,0.0,0.0,0.0
tank,vehicle,memoir,109,18,90,1,0.9444444444444444,3.9444444444444446,0.0,0.05555555555555555,0.0,0.0,0.0,0.0,0.0,0.0,0.0,0.0,0.0,1.0
tank,vehicle,memoir,110,24,141,1,0.9583333333333334,4.833333333333333,0.041666666666666664,0.0,0.0,0.0,0.0,0.0,0.0,0.0,0.0,0.0,0.0,1.0
tank,vehicle,memoir,111,21,114,1,0.9473684210526315,4.684210526315789,0.09523809523809523,0.0,0.0,1.0,0.0,0.0,0.0,1.0,0.0,0.0,0.0,0.0
tank,vehicle,memoir,112,16,97,1,0.875,5.0625,0.0,0.0,0.0,0.0,0.0,0.0,0.0,0.0,0.0,0.0,0.0,1.0
tank,vehicle,memoir,113,22,119,1,0.8181818181818182,4.318181818181818,0.09090909090909091,0.0,0.0,0.0,0.0,0.0,0.0,0.0,0.0,0.0,0.0,1.0
tank,vehicle,memoir,114,16,103,1,0.9375,5.125,0.1875,0.0,1.0,0.0,0.0,0.0,0.0,0.0,1.0,0.0,0.0,0.0
tank,vehicle,memoir,115,18,90,1,0.9444444444444444,3.888888888888889,0.1111111111111111,0.0,0.0,0.0,0.0,0.0,0.0,0.0,0.0,0.0,0.0,1.0
tank,vehicle,memoir,116,24,137,1,0.8333333333333334,4.583333333333333,0.08333333333333333,0.0,0.0,0.0,0.0,0.0,0.0,0.0,0.0,0.0,1.0,0.0
tank,vehicle,memoir,117,18,111,1,1.0,5.111111111111111,0.05555555555555555,0.0,0.0,0.0,0.0,0.0,0.0,0.0,0.0,0.0,1.0,0.0
tank,vehicle,memoir,118,18,97,1,1.0,4.277777777777778,0.1111111111111111,0.0,0.0,0.0,0.0,0.0,0.0,0.0,0.0,1.0,0.0,0.0
tank,vehicle,memoir,119,22,124,1,1.0,4.714285714285714,0.09090909090909091,0.0,0.0,1.0,0.0,0.0,0.0,0.0,0.0,0.0,0.0,1.0
tank,vehicle,memoir,120,18,94,1,0.8888888888888888,4.055555555555555,0.1111111111111111,0.05555555555555555,0.0,0.0,0.0,0.0,0.0,1.0,0.0,0.0,0.0,0.0
tank,vehicle,memoir,121,21,125,1,0.9047619047619048,4.904761904761905,0.047619047619047616,0.0,0.0,0.0,0.0,0.0,0.0,1.0,0.0,0.0,0.0,0.0
tank,vehicle,memoir,122,14,88,1,1.0,5.3076923076923075,0.07142857142857142,0.0,0.0,0.0,0.045454545454545456,0.0,0.0,0.0,0.0,0.0,0.0,1.0
tank,vehicle,memoir,123,19,115,1,0.95,4.65,0.10526315789473684,0.0,0.0,0.0,0.0,0.0,0.0,0.0,0.0,0.0,0.0,1.0
tank,vehicle,memoir,124,19,102,1,0.9473684210526315,4.2631578947368425,0.10526315789473684,0.0,0.0,0.0,0.0,0.0,0.0,0.0,0.0,0.0,1.0,0.0
tank,vehicle,news_report,125,21,135,1,0.9545454545454546,5.090909090909091,0.047619047619047616,0.0,0.0,0.0,0.0,0.0,1.0,0.0,0.0,0.0,0.0,0.0
tank,vehicle,news_report,126,14,74,1,1.0,4.538461538461538,0.0,0.0,0.0,0.0,0.013513513513513514,0.0,0.0,0.0,0.0,0.0,0.0,1.0
tank,vehicle,news_report,127,18,107,1,0.9411764705882353,5.0,0.05555555555555555,0.0,1.0,1.0,0.0,0.0,0.0,0.0,1.0,0.0,0.0,0.0
tank,vehicle,news_report,128,18,94,1,0.9444444444444444,4.222222222222222,0.0,0.0,0.0,0.0,0.0,0.0,0.0,0.0,0.0,1.0,0.0,0.0
tank,vehicle,news_report,129,17,121,1,0.9473684210526315,5.157894736842105,0.11764705882352941,0.0,0.0,0.0,0.024793388429752067,0.0,0.0,0.0,0.0,0.0,0.0,1.0
tank,vehicle,news_report,130,18,113,1,0.8888888888888888,5.222222222222222,0.05555555555555555,0.0,0.0,0.0,0.0,0.0,0.0,0.0,0.0,0.0,0.0,1.0
tank,vehicle,news_report,131,21,143,1,0.9523809523809523,5.761904761904762,0.047619047619047616,0.0,0.0,0.0,0.0,0.0,0.0,0.0,0.0,0.0,1.0,0.0
tank,vehicle,news_report,132,19,107,1,0.8421052631578947,4.578947368421052,0.0,0.0,0.0,0.0,0.0,0.0,0.0,1.0,0.0,0.0,0.0,0.0
tank,vehicle,news_report,133,12,79,1,0.9166666666666666,5.5,0.08333333333333333,0.0,0.0,0.0,0.0,0.0,0.0,0.0,0.0,0.0,0.0,1.0
tank,vehicle,news_report,134,17,94,1,0.8823529411764706,4.529411764705882,0.0,0.0,0.0,0.0,0.0,0.0,0.0,1.0,0.0,0.0,0.0,0.0
tank,vehicle,news_report,135,19,119,1,0.85,4.9,0.05263157894736842,0.0,0.0,0.0,0.0,0.0,1.0,0.0,0.0,0.0,0.0,0.0
tank,vehicle,news_report,136,21,122,1,0.9047619047619048,4.761904761904762,0.047619047619047616,0.0,0.0,0.0,0.0,0.0,0.0,0.0,0.0,0.0,0.0,1.0
tank,vehicle,news_report,137,19,100,1,0.8421052631578947,4.0,0.15789473684210525,0.0,1.0,0.0,0.0,0.0,0.0,1.0,0.0,0.0,0.0,0.0
tank,vehicle,news_report,138,23,129,1,0.9565217391304348,4.521739130434782,0.043478260869565216,0.043478260869565216,0.0,0.0,0.0,0.0,0.0,0.0,0.0,0.0,0.0,1.0
tank,vehicle,news_report,139,23,130,1,0.8695652173913043,4.608695652173913,0.043478260869565216,0.0,0.0,0.0,0.0,0.0,1.0,0.0,0.0,0.0,0.0,0.0
tank,vehicle,news_report,140,12,75,1,0.9166666666666666,5.25,0.0,0.0,0.0,0.0,0.0,0.0,0.0,0.0,0.0,0.0,0.0,1.0
tank,vehicle,news_report,141,20,113,1,0.85,4.55,0.1,0.0,0.0,0.0,0.0,0.0,0.0,0.0,0.0,1.0,0.0,0.0
tank,vehicle,news_report,142,15,94,1,0.9333333333333333,5.2,0.06666666666666667,0.0,0.0,0.0,0.0,0.0,0.0,0.0,0.0,0.0,0.0,1.0
tank,vehicle,news_report,143,22,110,1,0.8636363636363636,3.909090909090909,0.09090909090909091,0.0,0.0,0.0,0.0,0.0,0.0,0.0,0.0,0.0,1.0,0.0
tank,vehicle,news_report,144,19,119,1,0.9473684210526315,5.157894736842105,0.10526315789473684,0.0,0.0,0.0,0.0,0.0,0.0,0.0,0.0,0.0,0.0,1.0
tank,vehicle,news_report,145,22,157,1,1.0,6.045454545454546,0.09090909090909091,0.0,0.0,0.0,0.0,0.0,0.0,0.0,0.0,0.0,0.0,1.0
tank,vehicle,news_report,146,23,121,1,0.9090909090909091,4.2272727272727275,0.17391304347826086,0.0,0.0,1.0,0.0,0.0,0.0,0.0,0.0,0.0,0.0,1.0
tank,vehicle,news_report,147,20,121,1,0.9444444444444444,5.5,0.0,0.0,0.0,1.0,0.0,0.0,0.0,1.0,0.0,0.0,0.0,0.0
tank,vehicle,news_report,148,18,113,1,0.9444444444444444,5.222222222222222,0.05555555555555555,0.0,0.0,0.0,0.0,0.0,0.0,0.0,0.0,0.0,0.0,1.0
tank,vehicle,news_report,149,16,110,1,0.875,5.875,0.0,0.0,0.0,0.0,0.0,0.0,0.0,0.0,0.0,0.0,0.0,1.0
tank,vehicle,model_bench,150,14,86,1,1.0,5.071428571428571,0.07142857142857142,0.0,0.0,0.0,0.0,0.0,1.0,0.0,0.0,0.0,0.0,0.0
tank,vehicle,model_bench,151,14,89,1,1.0,5.285714285714286,0.07142857142857142,0.0,0.0,0.0,0.0,0.0,0.0,0.0,0.0,0.0,0.0,1.0
tank,vehicle,model_bench,152,13,70,1,0.9230769230769231,4.384615384615385,0.0,0.0,0.0,0.0,0.0,0.0,0.0,1.0,0.0,0.0,0.0,0.0
tank,vehicle,model_bench,153,15,91,1,0.9375,4.625,0.06666666666666667,0.0,0.0,0.0,0.0,0.0,0.0,0.0,0.0,0.0,1.0,0.0
tank,vehicle,model_bench,154,19,123,1,1.0,4.95,0.10526315789473684,0.0,1.0,0.0,0.0,0.0,0.0,0.0,1.0,0.0,0.0,0.0
tank,vehicle,model_bench,155,18,99,1,1.0,4.333333333333333,0.05555555555555555,0.0,0.0,1.0,0.0,0.0,0.0,0.0,0.0,0.0,0.0,1.0
tank,vehicle,model_bench,156,17,103,1,0.9411764705882353,4.9411764705882355,0.058823529411764705,0.0,0.0,0.0,0.0,0.0,0.0,0.0,0.0,0.0,0.0,1.0
tank,vehicle,model_bench,157,16,93,1,1.0,4.8125,0.0,0.0,0.0,0.0,0.0,0.0,0.0,1.0,0.0,0.0,0.0,0.0
tank,vehicle,model_bench,158,18,107,1,0.8888888888888888,4.833333333333333,0.1111111111111111,0.0,0.0,0.0,0.0,0.0,0.0,0.0,0.0,0.0,1.0,0.0
tank,vehicle,model_bench,159,15,93,1,1.0,5.0,0.2,0.0,0.0,0.0,0.0,0.0,0.0,0.0,0.0,0.0,0.0,1.0
tank,vehicle,model_bench,160,14,85,1,0.8571428571428571,5.0,0.07142857142857142,0.0,0.0,0.0,0.0,0.0,0.0,0.0,0.0,0.0,0.0,1.0
tank,vehicle,model_bench,161,15,83,1,0.8666666666666667,4.533333333333333,0.0,0.0,0.0,0.0,0.0,0.0,0.0,0.0,0.0,1.0,0.0,0.0
tank,vehicle,model_bench,162,14,75,1,1.0,4.3076923076923075,0.07142857142857142,0.0,0.0,0.0,0.04,0.0,0.0,1.0,0.0,0.0,0.0,0.0
tank,vehicle,model_bench,163,13,88,1,0.9230769230769231,5.6923076923076925,0.07692307692307693,0.0,0.0,0.0,0.0,0.0,0.0,0.0,0.0,0.0,1.0,0.0
tank,vehicle,model_bench,164,16,95,1,0.875,4.875,0.0625,0.0,0.0,0.0,0.0,0.0,1.0,0.0,0.0,0.0,0.0,0.0
tank,vehicle,model_bench,165,16,88,1,1.0,4.4375,0.0,0.0625,0.0,0.0,0.0,0.0,0.0,0.0,0.0,0.0,0.0,1.0
tank,vehicle,model_bench,166,13,78,1,0.9230769230769231,4.923076923076923,0.07692307692307693,0.0,0.0,0.0,0.0,0.0,0.0,0.0,0.0,0.0,0.0,1.0
tank,vehicle,model_bench,167,13,88,1,0.9230769230769231,5.6923076923076925,0.07692307692307693,0.0,0.0,0.0,0.0,0.0,0.0,0.0,0.0,0.0,0.0,1.0
tank,vehicle,model_bench,168,13,78,1,1.0,4.923076923076923,0.07692307692307693,0.0,0.0,0.0,0.0,0.0,0.0,0.0,0.0,0.0,0.0,1.0
tank,vehicle,model_bench,169,19,113,1,0.8947368421052632,4.842105263157895,0.10526315789473684,0.0,0.0,0.0,0.0,0.0,0.0,1.0,0.0,0.0,0.0,0.0
tank,vehicle,model_bench,170,18,133,1,1.0,6.166666666666667,0.16666666666666666,0.0,0.0,0.0,0.0,0.0,0.0,0.0,0.0,0.0,0.0,1.0
tank,vehicle,model_bench,171,14,87,1,0.8461538461538461,5.384615384615385,0.14285714285714285,0.0,0.0,1.0,0.0,0.0,0.0,0.0,0.0,0.0,0.0,1.0
tank,vehicle,model_bench,172,13,75,1,0.9230769230769231,4.769230769230769,0.0,0.0,0.0,0.0,0.0,0.0,0.0,0.0,0.0,1.0,0.0,0.0
tank,vehicle,model_bench,173,10,65,1,1.0,5.4,0.1,0.0,0.0,0.0,0.0,0.0,0.0,0.0,0.0,0.0,1.0,0.0
tank,vehicle,model_bench,174,20,114,1,0.95,4.5,0.15,0.0,0.0,0.0,0.0,0.0,0.0,0.0,0.0,0.0,0.0,1.0
tank,vehicle,rail_depot,175,22,135,1,0.8636363636363636,5.136363636363637,0.0,0.0,0.0,0.0,0.0,0.0,1.0,0.0,0.0,0.0,0.0,0.0
tank,vehicle,rail_depot,176,20,100,1,0.8421052631578947,4.052631578947368,0.0,0.0,1.0,1.0,0.0,0.0,0.0,0.0,1.0,0.0,0.0,0.0
tank,vehicle,rail_depot,177,20,139,1,0.9523809523809523,5.571428571428571,0.05,0.0,0.0,0.0,0.0,0.0,0.0,0.0,0.0,0.0,0.0,1.0
tank,vehicle,rail_depot,178,21,111,1,0.9047619047619048,4.238095238095238,0.047619047619047616,0.0,0.0,0.0,0.0,0.0,0.0,0.0,0.0,0.0,0.0,1.0
tank,vehicle,rail_depot,179,23,122,1,0.9545454545454546,4.318181818181818,0.043478260869565216,0.0,0.0,0.0,0.02459016393442623,0.0,0.0,0.0,0.0,0.0,0.0,1.0
tank,vehicle,rail_depot,180,16,93,1,0.9411764705882353,4.411764705882353,0.0625,0.0,0.0,0.0,0.0,0.0,0.0,0.0,0.0,1.0,0.0,0.0
tank,vehicle,rail_depot,181,22,127,1,0.9545454545454546,4.7272727272727275,0.0,0.045454545454545456,0.0,0.0,0.0,0.0,0.0,0.0,0.0,0.0,0.0,1.0
tank,vehicle,rail_depot,182,20,104,1,1.0,4.2,0.0,0.0,0.0,0.0,0.0,0.0,0.0,1.0,0.0,0.0,0.0,0.0
tank,vehicle,rail_depot,183,20,115,1,0.8947368421052632,4.7368421052631575,0.05,0.0,0.0,0.0,0.034782608695652174,0.0,0.0,0.0,0.0,0.0,1.0,0.0
tank,vehicle,rail_depot,184,16,104,1,0.9375,5.25,0.0625,0.0,1.0,0.0,0.0,0.0,1.0,0.0,0.0,0.0,0.0,0.0
tank,vehicle,rail_depot,185,16,97,1,1.0,5.133333333333334,0.1875,0.0,0.0,1.0,0.0,0.0,0.0,0.0,0.0,0.0,0.0,1.0
tank,vehicle,rail_depot,186,16,93,1,1.0,4.6875,0.125,0.0,0.0,0.0,0.0,0.0,0.0,1.0,0.0,0.0,0.0,0.0
tank,vehicle,rail_depot,187,19,114,1,1.0,5.0,0.0,0.0,0.0,0.0,0.0,0.0,0.0,0.0,0.0,0.0,0.0,1.0
tank,vehicle,rail_depot,188,17,97,1,0.9444444444444444,4.333333333333333,0.058823529411764705,0.0,0.0,0.0,0.0,0.0,0.0,0.0,0.0,0.0,1.0,0.0
tank,vehicle,rail_depot,189,19,98,1,1.0,4.105263157894737,0.05263157894736842,0.0,0.0,0.0,0.0,0.0,0.0,0.0,0.0,0.0,1.0,0.0
tank,vehicle,rail_depot,190,23,128,1,0.9130434782608695,4.521739130434782,0.043478260869565216,0.0,0.0,0.0,0.0,0.0,1.0,0.0,0.0,0.0,0.0,0.0
tank,vehicle,rail_depot,191,24,143,1,0.8333333333333334,4.958333333333333,0.0,0.0,0.0,0.0,0.0,0.0,0.0,0.0,0.0,0.0,0.0,1.0
tank,vehicle,rail_depot,192,20,118,2,0.85,4.65,0.1,0.0,1.0,0.0,0.0,0.0,0.0,0.0,1.0,0.0,0.0,0.0
tank,vehicle,rail_depot,193,16,103,1,0.8823529411764706,5.0,0.0625,0.0,0.0,0.0,0.0,0.0,0.0,0.0,0.0,0.0,0.0,1.0
tank,vehicle,rail_depot,194,22,134,1,0.9545454545454546,4.954545454545454,0.13636363636363635,0.0,0.0,0.0,0.0,0.0,0.0,0.0,0.0,0.0,0.0,1.0
tank,vehicle,rail_depot,195,20,123,1,0.95,5.1,0.0,0.05,0.0,0.0,0.0,0.0,0.0,0.0,0.0,0.0,0.0,1.0
tank,vehicle,rail_depot,196,18,112,1,0.9444444444444444,5.222222222222222,0.0,0.0,0.0,0.0,0.0,0.0,0.0,0.0,0.0,0.0,0.0,1.0
tank,vehicle,rail_depot,197,21,131,1,1.0,5.238095238095238,0.0,0.0,0.0,0.0,0.0,0.0,0.0,0.0,0.0,1.0,0.0,0.0
tank,vehicle,rail_depot,198,19,111,1,1.0,4.684210526315789,0.10526315789473684,0.0,0.0,0.0,0.0,0.0,0.0,0.0,0.0,0.0,0.0,1.0
tank,vehicle,rail_depot,199,24,124,1,0.875,4.125,0.041666666666666664,0.0,0.0,0.0,0.0,0.0,0.0,0.0,0.0,0.0,1.0,0.0
tank,vehicle,procurement,200,21,128,3,0.8421052631578947,5.157894736842105,0.047619047619047616,0.0,0.0,0.0,0.03125,0.0,1.0,0.0,0.0,0.0,0.0,0.0
tank,vehicle,procurement,201,20,120,2,0.9,4.8,0.05,0.0,1.0,0.0,0.0,0.0,0.0,0.0,1.0,0.0,0.0,0.0
tank,vehicle,procurement,202,19,114,1,0.8421052631578947,4.894736842105263,0.0,0.0,0.0,0.0,0.017543859649122806,0.0,0.0,0.0,0.0,0.0,0.0,1.0
tank,vehicle,procurement,203,19,128,1,0.95,5.25,0.05263157894736842,0.0,1.0,0.0,0.0,0.0,0.0,0.0,0.0,0.0,0.0,1.0
tank,vehicle,procurement,204,21,156,1,1.0,6.0,0.09523809523809523,0.0,0.0,0.0,0.0,0.0,0.0,0.0,0.0,0.0,1.0,0.0
tank,vehicle,procurement,205,17,115,1,0.9444444444444444,5.333333333333333,0.0,0.058823529411764705,0.0,0.0,0.0,0.0,0.0,0.0,0.0,0.0,0.0,1.0
tank,vehicle,procurement,206,20,131,3,0.9411764705882353,6.0588235294117645,0.0,0.0,0.0,1.0,0.03816793893129771,0.0,0.0,0.0,0.0,0.0,0.0,1.0
tank,vehicle,procurement,207,20,137,1,0.95,5.8,0.05,0.0,0.0,0.0,0.0,0.0,0.0,0.0,0.0,0.0,1.0,0.0
tank,vehicle,procurement,208,17,114,1,0.8823529411764706,5.705882352941177,0.0,0.0,0.0,0.0,0.0,0.0,0.0,0.0,0.0,1.0,0.0,0.0
tank,vehicle,procurement,209,13,97,1,1.0,5.5,0.23076923076923078,0.15384615384615385,0.0,0.0,0.0,0.0,0.0,1.0,0.0,0.0,0.0,0.0
tank,vehicle,procurement,210,21,140,1,0.9523809523809523,5.619047619047619,0.047619047619047616,0.0,0.0,0.0,0.0,0.0,0.0,0.0,0.0,0.0,1.0,0.0
tank,vehicle,procurement,211,17,123,1,0.9444444444444444,5.666666666666667,0.058823529411764705,0.0,1.0,0.0,0.0,0.0,0.0,0.0,0.0,0.0,0.0,1.0
tank,vehicle,procurement,212,17,106,1,0.9411764705882353,5.176470588235294,0.058823529411764705,0.0,0.0,0.0,0.0,0.0,0.0,0.0,0.0,0.0,0.0,1.0
tank,vehicle,procurement,213,20,112,5,0.8235294117647058,4.705882352941177,0.0,0.05,0.0,0.0,0.0625,0.0,0.0,0.0,0.0,0.0,0.0,1.0
tank,vehicle,procurement,214,17,111,1,0.8888888888888888,5.166666666666667,0.0,0.0,0.0,0.0,0.0,0.0,0.0,1.0,0.0,0.0,0.0,0.0
tank,vehicle,procurement,215,15,100,1,0.9333333333333333,5.666666666666667,0.0,0.0,0.0,0.0,0.0,0.0,0.0,0.0,0.0,0.0,0.0,1.0
tank,vehicle,procurement,216,21,118,1,1.0,4.65,0.09523809523809523,0.0,0.0,0.0,0.00847457627118644,0.0,0.0,0.0,0.0,0.0,0.0,1.0
tank,vehicle,procurement,217,16,111,1,0.8125,5.875,0.0625,0.0,0.0,0.0,0.0,0.0,0.0,0.0,0.0,0.0,0.0,1.0
tank,vehicle,procurement,218,20,134,1,0.8947368421052632,5.7368421052631575,0.05,0.0,0.0,0.0,0.022388059701492536,0.0,0.0,0.0,0.0,0.0,1.0,0.0
tank,vehicle,procurement,219,16,121,1,0.8235294117647058,5.882352941176471,0.125,0.0,1.0,0.0,0.0,0.0,0.0,0.0,1.0,0.0,0.0,0.0
tank,vehicle,procurement,220,18,104,1,0.9444444444444444,4.722222222222222,0.0,0.05555555555555555,0.0,0.0,0.0,0.0,0.0,0.0,0.0,0.0,0.0,1.0
tank,vehicle,procurement,221,22,134,1,0.9090909090909091,5.045454545454546,0.045454545454545456,0.0,0.0,0.0,0.0,0.0,1.0,0.0,0.0,0.0,0.0,0.0
tank,vehicle,procurement,222,17,116,1,0.9411764705882353,5.705882352941177,0.0,0.0,1.0,0.0,0.0,0.0,0.0,0.0,0.0,1.0,0.0,0.0
tank,vehicle,procurement,223,18,113,1,0.9444444444444444,5.222222222222222,0.05555555555555555,0.0,0.0,0.0,0.0,0.0,0.0,0.0,0.0,0.0,1.0,0.0
tank,vehicle,procurement,224,20,139,1,0.9,5.9,0.05,0.0,0.0,0.0,0.0,0.0,0.0,0.0,0.0,0.0,1.0,0.0
tank,vehicle,squad_chat,225,18,94,1,0.9444444444444444,4.166666666666667,0.05555555555555555,0.0,0.0,0.0,0.0,0.0,0.0,0.0,0.0,0.0,0.0,1.0
tank,vehicle,squad_chat,226,11,79,1,1.0,5.0,0.09090909090909091,0.0,0.0,0.0,0.0,0.0,0.0,0.0,0.0,1.0,0.0,0.0
tank,vehicle,squad_chat,227,18,105,1,0.8888888888888888,4.777777777777778,0.05555555555555555,0.0,0.0,0.0,0.0,0.0,0.0,1.0,0.0,0.0,0.0,0.0
tank,vehicle,squad_chat,228,18,115,1,0.9473684210526315,4.947368421052632,0.1111111111111111,0.0,0.0,0.0,0.0,0.0,1.0,0.0,0.0,0.0,0.0,0.0
tank,vehicle,squad_chat,229,12,69,1,1.0,4.416666666666667,0.25,0.0,0.0,0.0,0.014492753623188406,0.0,0.0,0.0,0.0,0.0,0.0,1.0
tank,vehicle,squad_chat,230,15,93,1,1.0,5.133333333333334,0.06666666666666667,0.0,0.0,0.0,0.0,0.0,0.0,0.0,0.0,0.0,0.0,1.0
tank,vehicle,squad_chat,231,15,95,1,1.0,5.266666666666667,0.0,0.06666666666666667,0.0,0.0,0.0,0.0,0.0,0.0,0.0,0.0,0.0,1.0
tank,vehicle,squad_chat,232,18,112,1,1.0,4.842105263157895,0.05555555555555555,0.0,0.0,0.0,0.0,0.0,0.0,0.0,0.0,1.0,0.0,0.0
tank,vehicle,squad_chat,233,18,112,1,0.9444444444444444,5.166666666666667,0.05555555555555555,0.0,0.0,0.0,0.0,0.0,0.0,1.0,0.0,0.0,0.0,0.0
tank,vehicle,squad_chat,234,18,101,1,1.0,4.555555555555555,0.05555555555555555,0.0,0.0,0.0,0.0,0.0,0.0,0.0,0.0,0.0,0.0,1.0
tank,vehicle,squad_chat,235,19,97,1,1.0,4.222222222222222,0.05263157894736842,0.0,0.0,1.0,0.0,0.0,0.0,0.0,0.0,0.0,0.0,1.0
tank,vehicle,squad_chat,236,20,119,1,0.9523809523809523,4.571428571428571,0.1,0.0,0.0,0.0,0.0,0.0,0.0,0.0,0.0,0.0,1.0,0.0
tank,vehicle,squad_chat,237,16,90,1,1.0,4.5,0.125,0.0,0.0,0.0,0.0,0.0,0.0,0.0,0.0,0.0,0.0,1.0
tank,vehicle,squad_chat,238,16,95,1,0.875,4.8125,0.125,0.0,0.0,0.0,0.0,0.0,0.0,0.0,0.0,0.0,0.0,1.0
tank,vehicle,squad_chat,239,19,91,1,0.8947368421052632,3.736842105263158,0.05263157894736842,0.0,0.0,0.0,0.0,0.0,0.0,0.0,0.0,0.0,0.0,1.0
tank,vehicle,squad_chat,240,18,108,1,1.0,4.684210526315789,0.0,0.0,0.0,0.0,0.0,0.0,0.0,0.0,0.0,0.0,0.0,1.0
tank,vehicle,squad_chat,241,13,71,1,1.0,4.666666666666667,0.07692307692307693,0.0,0.0,1.0,0.0,0.0,0.0,0.0,0.0,0.0,0.0,1.0
tank,vehicle,squad_chat,242,17,97,1,1.0,4.277777777777778,0.11764705882352941,0.0,0.0,0.0,0.0,0.0,0.0,0.0,0.0,0.0,0.0,1.0
tank,vehicle,squad_chat,243,17,103,1,1.0,5.0,0.0,0.058823529411764705,0.0,0.0,0.0,0.0,0.0,1.0,0.0,0.0,0.0,0.0
tank,vehicle,squad_chat,244,17,99,1,0.9473684210526315,4.157894736842105,0.058823529411764705,0.0,0.0,0.0,0.0,0.0,0.0,0.0,0.0,0.0,0.0,1.0
tank,vehicle,squad_chat,245,19,104,1,1.0,4.15,0.0,0.05263157894736842,0.0,0.0,0.0,0.0,0.0,0.0,0.0,0.0,0.0,1.0
tank,vehicle,squad_chat,246,18,94,1,0.9411764705882353,4.294117647058823,0.1111111111111111,0.0,0.0,1.0,0.0,0.0,0.0,0.0,0.0,0.0,0.0,1.0
tank,vehicle,squad_chat,247,17,107,1,1.0,4.833333333333333,0.058823529411764705,0.058823529411764705,0.0,0.0,0.0,0.0,0.0,0.0,0.0,0.0,0.0,1.0
tank,vehicle,squad_chat,248,19,104,1,0.9473684210526315,4.368421052631579,0.10526315789473684,0.0,0.0,0.0,0.0,0.0,0.0,0.0,0.0,0.0,1.0,0.0
tank,vehicle,squad_chat,249,17,95,1,1.0,4.277777777777778,0.0,0.0,0.0,0.0,0.0,0.0,0.0,0.0,0.0,1.0,0.0,0.0
tank,vehicle,archaeology,250,15,95,1,0.9333333333333333,5.266666666666667,0.06666666666666667,0.0,0.0,0.0,0.0,0.0,0.0,0.0,0.0,0.0,0.0,1.0
tank,vehicle,archaeology,251,13,81,1,1.0,4.923076923076923,0.15384615384615385,0.0,1.0,0.0,0.0,0.0,0.0,0.0,1.0,0.0,0.0,0.0
tank,vehicle,archaeology,252,13,76,1,1.0,4.769230769230769,0.07692307692307693,0.0,0.0,0.0,0.0,0.0,0.0,0.0,0.0,0.0,0.0,1.0
tank,vehicle,archaeology,253,12,73,1,1.0,5.083333333333333,0.0,0.0,0.0,0.0,0.0,0.0,0.0,0.0,0.0,1.0,0.0,0.0
tank,vehicle,archaeology,254,13,83,1,0.9230769230769231,5.230769230769231,0.15384615384615385,0.0,0.0,0.0,0.0,0.0,1.0,0.0,0.0,0.0,0.0,0.0
tank,vehicle,archaeology,255,15,94,1,0.9333333333333333,5.266666666666667,0.0,0.0,0.0,0.0,0.0,0.0,0.0,0.0,0.0,0.0,0.0,1.0
tank,vehicle,archaeology,256,16,97,1,1.0,5.0625,0.0,0.0,0.0,0.0,0.0,0.0,0.0,0.0,0.0,0.0,0.0,1.0
tank,vehicle,archaeology,257,14,89,1,1.0,5.071428571428571,0.21428571428571427,0.07142857142857142,0.0,0.0,0.0,0.0,0.0,0.0,0.0,0.0,0.0,1.0
tank,vehicle,archaeology,258,17,103,1,0.875,5.3125,0.0,0.0,0.0,1.0,0.0,0.0,0.0,0.0,0.0,0.0,0.0,1.0
tank,vehicle,archaeology,259,14,85,1,1.0,5.0,0.07142857142857142,0.0,0.0,0.0,0.0,0.0,1.0,0.0,0.0,0.0,0.0,0.0
tank,vehicle,archaeology,260,15,90,1,0.8666666666666667,4.933333333333334,0.06666666666666667,0.0,0.0,0.0,0.0,0.0,0.0,0.0,0.0,0.0,0.0,1.0
tank,vehicle,archaeology,261,16,94,1,0.9375,4.8125,0.0625,0.0,0.0,0.0,0.0,0.0,0.0,0.0,0.0,0.0,1.0,0.0
tank,vehicle,archaeology,262,14,85,1,0.9285714285714286,5.071428571428571,0.0,0.0,0.0,0.0,0.0,0.0,0.0,0.0,0.0,0.0,0.0,1.0
tank,vehicle,archaeology,263,15,86,1,0.8,4.666666666666667,0.06666666666666667,0.0,0.0,0.0,0.0,0.0,0.0,0.0,0.0,1.0,0.0,0.0
tank,vehicle,archaeology,264,16,97,1,1.0,4.647058823529412,0.0,0.0625,0.0,0.0,0.0,0.0,0.0,0.0,0.0,0.0,0.0,1.0
tank,vehicle,archaeology,265,15,100,1,1.0,5.0625,0.2,0.0,0.0,0.0,0.0,0.0,0.0,0.0,0.0,0.0,1.0,0.0
tank,vehicle,archaeology,266,15,99,1,0.9333333333333333,5.533333333333333,0.06666666666666667,0.0,0.0,0.0,0.0,0.0,0.0,0.0,0.0,0.0,1.0,0.0
tank,vehicle,archaeology,267,13,92,1,1.0,5.846153846153846,0.15384615384615385,0.0,0.0,0.0,0.010869565217391304,0.0,0.0,0.0,0.0,0.0,0.0,1.0
tank,vehicle,archaeology,268,17,98,1,0.9375,4.9375,0.058823529411764705,0.0,0.0,1.0,0.0,0.0,0.0,1.0,0.0,0.0,0.0,0.0
tank,vehicle,archaeology,269,16,91,1,1.0,4.294117647058823,0.0625,0.0,0.0,0.0,0.0,0.0,0.0,0.0,0.0,0.0,0.0,1.0
tank,vehicle,archaeology,270,15,107,1,1.0,5.5625,0.06666666666666667,0.06666666666666667,0.0,0.0,0.0,0.0,0.0,1.0,0.0,0.0,0.0,0.0
tank,vehicle,archaeology,271,14,88,1,0.9285714285714286,5.285714285714286,0.0,0.0,0.0,0.0,0.0,0.0,0.0,0.0,0.0,0.0,0.0,1.0
tank,vehicle,archaeology,272,18,91,1,0.8823529411764706,4.235294117647059,0.0,0.0,0.0,1.0,0.0,0.0,0.0,0.0,0.0,0.0,0.0,1.0
tank,vehicle,archaeology,273,16,101,1,1.0,5.25,0.0625,0.0,0.0,0.0,0.0,0.0,0.0,0.0,0.0,0.0,0.0,1.0
tank,vehicle,archaeology,274,16,108,1,0.9411764705882353,5.176470588235294,0.1875,0.0,0.0,0.0,0.0,0.0,0.0,0.0,0.0,0.0,1.0,0.0
tank,vehicle,film_set,275,17,97,1,0.8823529411764706,4.705882352941177,0.0,0.0,0.0,0.0,0.0,0.0,1.0,0.0,0.0,0.0,0.0,0.0
tank,vehicle,film_set,276,18,113,1,1.0,5.176470588235294,0.1111111111111111,0.0,0.0,0.0,0.035398230088495575,0.0,0.0,0.0,0.0,0.0,0.0,1.0
tank,vehicle,film_set,277,11,83,1,1.0,6.545454545454546,0.0,0.0,0.0,0.0,0.0,0.0,0.0,0.0,0.0,1.0,0.0,0.0
tank,vehicle,film_set,278,19,104,1,0.8947368421052632,4.421052631578948,0.05263157894736842,0.0,0.0,0.0,0.0,0.0,0.0,0.0,0.0,0.0,0.0,1.0
tank,vehicle,film_set,279,18,107,1,0.9444444444444444,4.888888888888889,0.05555555555555555,0.0,0.0,0.0,0.0,0.0,1.0,0.0,0.0,0.0,0.0,0.0
tank,vehicle,film_set,280,18,115,1,0.9444444444444444,5.333333333333333,0.05555555555555555,0.0,0.0,0.0,0.0,0.0,0.0,0.0,0.0,0.0,0.0,1.0
tank,vehicle,film_set,281,17,90,1,0.9375,4.3125,0.058823529411764705,0.0,1.0,1.0,0.0,0.0,0.0,0.0,1.0,0.0,0.0,0.0
tank,vehicle,film_set,282,16,101,1,1.0,5.25,0.0625,0.0,0.0,0.0,0.0,0.0,0.0,0.0,0.0,0.0,0.0,1.0
tank,vehicle,film_set,283,18,112,1,0.9444444444444444,5.166666666666667,0.05555555555555555,0.0,0.0,0.0,0.0,0.0,0.0,0.0,0.0,0.0,0.0,1.0
tank,vehicle,film_set,284,11,57,1,0.9090909090909091,4.181818181818182,0.0,0.0,0.0,0.0,0.0,0.0,0.0,0.0,0.0,1.0,0.0,0.0
tank,vehicle,film_set,285,19,110,1,0.8947368421052632,4.7368421052631575,0.05263157894736842,0.0,0.0,0.0,0.0,0.0,0.0,0.0,0.0,0.0,1.0,0.0
tank,vehicle,film_set,286,17,101,1,1.0,4.882352941176471,0.0,0.058823529411764705,0.0,0.0,0.0,0.0,0.0,0.0,0.0,0.0,0.0,1.0
tank,vehicle,film_set,287,17,91,1,1.0,4.375,0.0,0.0,0.0,0.0,0.04395604395604396,0.0,0.0,1.0,0.0,0.0,0.0,0.0
tank,vehicle,film_set,288,13,88,1,1.0,4.866666666666666,0.0,0.0,0.0,0.0,0.0,0.0,0.0,1.0,0.0,0.0,0.0,0.0
tank,vehicle,film_set,289,11,78,1,1.0,6.0,0.09090909090909091,0.0,0.0,0.0,0.0,0.0,0.0,0.0,0.0,0.0,0.0,1.0
tank,vehicle,film_set,290,15,90,1,1.0,4.933333333333334,0.0,0.0,0.0,0.0,0.0,0.0,0.0,0.0,0.0,0.0,0.0,1.0
tank,vehicle,film_set,291,20,101,1,1.0,3.8,0.15,0.0,1.0,0.0,0.0,0.0,0.0,0.0,1.0,0.0,0.0,0.0
tank,vehicle,film_set,292,17,105,1,0.9411764705882353,5.176470588235294,0.0,0.0,0.0,0.0,0.0,0.0,0.0,0.0,0.0,0.0,0.0,1.0
tank,vehicle,film_set,293,18,127,1,0.95,5.35,0.0,0.0,0.0,0.0,0.0,0.0,0.0,0.0,0.0,0.0,0.0,1.0
tank,vehicle,film_set,294,17,110,1,0.9411764705882353,5.411764705882353,0.058823529411764705,0.0,0.0,0.0,0.0,0.0,0.0,0.0,0.0,0.0,0.0,1.0
tank,vehicle,film_set,295,17,103,1,0.9333333333333333,5.533333333333333,0.058823529411764705,0.0,0.0,1.0,0.0,0.0,0.0,0.0,0.0,0.0,1.0,0.0
tank,vehicle,film_set,296,16,102,1,0.9375,5.3125,0.0625,0.0,0.0,0.0,0.0,0.0,0.0,0.0,0.0,0.0,0.0,1.0
tank,vehicle,film_set,297,18,89,1,0.8888888888888888,3.888888888888889,0.05555555555555555,0.0,0.0,0.0,0.0,0.0,0.0,0.0,0.0,1.0,0.0,0.0
tank,vehicle,film_set,298,16,93,1,0.9375,4.75,0.0625,0.0,0.0,0.0,0.0,0.0,0.0,1.0,0.0,0.0,0.0,0.0
tank,vehicle,film_set,299,18,100,1,0.9444444444444444,4.5,0.05555555555555555,0.0,0.0,0.0,0.0,0.0,0.0,0.0,0.0,0.0,1.0,0.0
fr,fictional,01_novelist,0,21,119,1,1.0,4.619047619047619,0.0,0.047619047619047616,0.0,0.0,0.0,0.0,0.0,0.0,0.0,0.0,0.0,1.0
fr,fictional,01_novelist,1,17,109,1,1.0,5.352941176470588,0.058823529411764705,0.0,0.0,0.0,0.0,0.0,0.0,1.0,0.0,0.0,0.0,0.0
fr,fictional,01_novelist,2,14,69,1,0.9285714285714286,3.857142857142857,0.07142857142857142,0.0,0.0,0.0,0.0,0.0,0.0,0.0,0.0,1.0,0.0,0.0
fr,fictional,01_novelist,3,22,128,1,0.8260869565217391,4.478260869565218,0.09090909090909091,0.0,0.0,1.0,0.0,0.0,0.0,1.0,0.0,0.0,0.0,0.0
fr,fictional,01_novelist,4,18,108,1,0.9444444444444444,4.944444444444445,0.05555555555555555,0.0,0.0,0.0,0.0,0.0,0.0,0.0,0.0,0.0,0.0,1.0
fr,fictional,01_novelist,5,20,135,1,0.9,5.4,0.15,0.0,1.0,0.0,0.0,0.0,0.0,0.0,1.0,0.0,0.0,0.0
fr,fictional,01_novelist,6,20,142,1,0.9,6.05,0.05,0.0,0.0,0.0,0.0,0.0,0.0,0.0,0.0,0.0,0.0,1.0
fr,fictional,01_novelist,7,21,123,1,1.0,4.761904761904762,0.047619047619047616,0.047619047619047616,0.0,0.0,0.0,0.0,0.0,0.0,0.0,0.0,0.0,1.0
fr,fictional,01_novelist,8,19,105,1,0.9444444444444444,4.722222222222222,0.0,0.0,0.0,1.0,0.0,0.0,1.0,0.0,0.0,0.0,0.0,0.0
fr,fictional,01_novelist,9,19,114,1,0.9473684210526315,4.894736842105263,0.05263157894736842,0.0,0.0,0.0,0.0,0.0,0.0,0.0,0.0,0.0,1.0,0.0
fr,fictional,01_novelist,10,12,76,2,0.9166666666666666,5.25,0.0,0.0,0.0,0.0,0.0,0.0,0.0,0.0,0.0,0.0,0.0,1.0
fr,fictional,01_novelist,11,20,123,1,0.8636363636363636,4.545454545454546,0.05,0.0,0.0,0.0,0.0,0.0,0.0,0.0,0.0,0.0,0.0,1.0
fr,fictional,01_novelist,12,19,127,1,1.0,6.176470588235294,0.05263157894736842,0.0,0.0,1.0,0.0,0.0,0.0,1.0,0.0,0.0,0.0,0.0
fr,fictional,01_novelist,13,23,127,1,0.9130434782608695,4.434782608695652,0.08695652173913043,0.0,0.0,0.0,0.0,0.0,0.0,0.0,0.0,0.0,0.0,1.0
fr,fictional,01_novelist,14,14,96,2,1.0,5.785714285714286,0.0,0.0,0.0,0.0,0.0,0.0,0.0,0.0,0.0,0.0,0.0,1.0
fr,fictional,01_novelist,15,19,126,1,0.95,5.25,0.0,0.05263157894736842,0.0,0.0,0.0,0.0,0.0,0.0,0.0,0.0,0.0,1.0
fr,fictional,01_novelist,16,23,136,1,0.9545454545454546,5.0,0.08695652173913043,0.0,0.0,1.0,0.0,0.0,0.0,0.0,0.0,0.0,0.0,1.0
fr,fictional,01_novelist,17,15,105,1,1.0,5.933333333333334,0.06666666666666667,0.0,0.0,0.0,0.0,0.0,0.0,0.0,0.0,0.0,0.0,1.0
fr,fictional,01_novelist,18,19,101,1,0.9473684210526315,4.2631578947368425,0.05263157894736842,0.0,0.0,0.0,0.0,0.0,0.0,0.0,0.0,1.0,0.0,0.0
fr,fictional,01_novelist,19,21,126,1,0.8571428571428571,5.0,0.0,0.0,0.0,0.0,0.0,0.0,0.0,0.0,0.0,0.0,0.0,1.0
fr,fictional,01_novelist,20,20,123,1,0.95,5.1,0.0,0.05,0.0,0.0,0.0,0.0,0.0,0.0,0.0,0.0,0.0,1.0
fr,fictional,01_novelist,21,19,104,1,0.9473684210526315,4.473684210526316,0.0,0.0,0.0,0.0,0.0,0.0,0.0,1.0,0.0,0.0,0.0,0.0
fr,fictional,01_novelist,22,19,112,1,1.0,4.842105263157895,0.05263157894736842,0.0,0.0,0.0,0.0,0.0,0.0,1.0,0.0,0.0,0.0,0.0
fr,fictional,01_novelist,23,19,107,1,0.9444444444444444,4.833333333333333,0.0,0.0,0.0,1.0,0.0,0.0,0.0,0.0,0.0,0.0,1.0,0.0
fr,fictional,01_novelist,24,23,136,1,0.9565217391304348,4.782608695652174,0.08695652173913043,0.043478260869565216,0.0,0.0,0.0,0.0,0.0,0.0,0.0,0.0,0.0,1.0
fr,fictional,02_screenwriting,25,18,114,1,1.0,4.947368421052632,0.05555555555555555,0.0,0.0,0.0,0.0,0.0,1.0,0.0,0.0,0.0,0.0,0.0
fr,fictional,02_screenwriting,26,20,114,1,0.9,4.65,0.05,0.0,0.0,0.0,0.0,0.0,0.0,0.0,0.0,1.0,0.0,0.0
fr,fictional,02_screenwriting,27,14,91,1,1.0,5.071428571428571,0.14285714285714285,0.0,1.0,0.0,0.0,0.0,0.0,0.0,1.0,0.0,0.0,0.0
fr,fictional,02_screenwriting,28,20,119,1,0.9523809523809523,4.619047619047619,0.05,0.0,0.0,0.0,0.0,0.0,0.0,1.0,0.0,0.0,0.0,0.0
fr,fictional,02_screenwriting,29,25,142,1,1.0,4.791666666666667,0.04,0.0,0.0,1.0,0.0,0.0,0.0,0.0,0.0,0.0,0.0,1.0
fr,fictional,02_screenwriting,30,17,99,1,0.9411764705882353,4.823529411764706,0.0,0.0,0.0,0.0,0.0,0.0,0.0,0.0,0.0,0.0,0.0,1.0
fr,fictional,02_screenwriting,31,16,94,1,0.875,4.8125,0.0,0.0625,0.0,0.0,0.0,0.0,0.0,0.0,0.0,0.0,0.0,1.0
fr,fictional,02_screenwriting,32,18,101,1,0.9444444444444444,4.611111111111111,0.0,0.0,0.0,0.0,0.0,0.0,0.0,0.0,0.0,1.0,0.0,0.0
fr,fictional,02_screenwriting,33,19,124,1,0.95,5.1,0.10526315789473684,0.0,0.0,0.0,0.0,0.0,0.0,0.0,0.0,0.0,1.0,0.0
fr,fictional,02_screenwriting,34,21,116,1,0.9047619047619048,4.428571428571429,0.047619047619047616,0.0,0.0,0.0,0.0,0.0,0.0,0.0,0.0,0.0,0.0,1.0
fr,fictional,02_screenwriting,35,18,103,1,1.0,4.611111111111111,0.1111111111111111,0.0,0.0,0.0,0.0,0.0,0.0,0.0,0.0,0.0,0.0,1.0
fr,fictional,02_screenwriting,36,20,143,1,0.95,6.15,0.0,0.0,0.0,0.0,0.0,0.0,0.0,0.0,0.0,0.0,0.0,1.0
fr,fictional,02_screenwriting,37,22,130,1,0.9565217391304348,4.521739130434782,0.045454545454545456,0.0,1.0,0.0,0.0,0.0,0.0,0.0,0.0,0.0,0.0,1.0
fr,fictional,02_screenwriting,38,20,119,1,0.8571428571428571,4.571428571428571,0.1,0.0,0.0,0.0,0.0,0.0,0.0,0.0,0.0,0.0,0.0,1.0
fr,fictional,02_screenwriting,39,16,105,2,0.9375,5.3125,0.0625,0.0,1.0,0.0,0.0,0.0,0.0,0.0,1.0,0.0,0.0,0.0
fr,fictional,02_screenwriting,40,13,69,1,1.0,4.230769230769231,0.0,0.0,0.0,0.0,0.0,0.0,0.0,1.0,0.0,0.0,0.0,0.0
fr,fictional,02_screenwriting,41,19,99,1,0.8947368421052632,4.2105263157894735,0.0,0.0,0.0,0.0,0.0,0.0,0.0,1.0,0.0,0.0,0.0,0.0
fr,fictional,02_screenwriting,42,22,135,2,0.9523809523809523,5.238095238095238,0.045454545454545456,0.0,0.0,1.0,0.0,0.0,0.0,0.0,0.0,0.0,0.0,1.0
fr,fictional,02_screenwriting,43,18,113,1,0.9473684210526315,4.894736842105263,0.05555555555555555,0.0,0.0,0.0,0.0,0.0,0.0,0.0,0.0,0.0,0.0,1.0
fr,fictional,02_screenwriting,44,18,95,1,0.8888888888888888,4.055555555555555,0.1111111111111111,0.0,0.0,1.0,0.0,0.0,0.0,0.0,0.0,0.0,1.0,0.0
fr,fictional,02_screenwriting,45,17,99,1,0.9411764705882353,4.764705882352941,0.0,0.058823529411764705,0.0,0.0,0.0,0.0,0.0,0.0,0.0,0.0,0.0,1.0
fr,fictional,02_screenwriting,46,16,102,1,0.9333333333333333,5.6,0.0625,0.0,0.0,1.0,0.0,0.0,0.0,0.0,0.0,0.0,0.0,1.0
fr,fictional,02_screenwriting,47,19,115,1,0.9047619047619048,4.428571428571429,0.05263157894736842,0.0,0.0,0.0,0.0,0.0,0.0,0.0,0.0,0.0,1.0,0.0
fr,fictional,02_screenwriting,48,17,114,1,1.0,5.588235294117647,0.058823529411764705,0.0,0.0,0.0,0.0,0.0,0.0,0.0,0.0,0.0,0.0,1.0
fr,fictional,02_screenwriting,49,21,116,1,0.9523809523809523,4.428571428571429,0.09523809523809523,0.0,0.0,0.0,0.0,0.0,0.0,0.0,0.0,0.0,0.0,1.0
fr,fictional,03_tabletop,50,19,113,1,0.9,4.5,0.15789473684210525,0.0,0.0,1.0,0.0,0.0,0.0,0.0,0.0,0.0,0.0,1.0
fr,fictional,03_tabletop,51,20,105,1,0.9473684210526315,4.315789473684211,0.05,0.0,0.0,0.0,0.01904761904761905,0.0,1.0,0.0,0.0,0.0,0.0,0.0
fr,fictional,03_tabletop,52,15,90,1,0.9333333333333333,5.0,0.0,0.0,0.0,0.0,0.0,0.0,0.0,0.0,0.0,1.0,0.0,0.0
fr,fictional,03_tabletop,53,17,115,1,0.8823529411764706,5.705882352941177,0.058823529411764705,0.0,0.0,0.0,0.0,0.0,0.0,0.0,0.0,0.0,0.0,1.0
fr,fictional,03_tabletop,54,16,96,2,1.0,4.75,0.0625,0.0,1.0,0.0,0.0,0.0,0.0,0.0,1.0,0.0,0.0,0.0
fr,fictional,03_tabletop,55,17,104,1,1.0,4.722222222222222,0.058823529411764705,0.0,0.0,0.0,0.0,0.0,0.0,0.0,0.0,0.0,1.0,0.0
fr,fictional,03_tabletop,56,15,84,1,1.0,4.533333333333333,0.06666666666666667,0.0,0.0,0.0,0.0,0.0,0.0,0.0,0.0,0.0,0.0,1.0
fr,fictional,03_tabletop,57,18,103,1,0.8947368421052632,4.368421052631579,0.05555555555555555,0.0,0.0,0.0,0.0,0.0,0.0,0.0,0.0,0.0,0.0,1.0
fr,fictional,03_tabletop,58,18,107,1,0.9444444444444444,4.888888888888889,0.0,0.05555555555555555,0.0,0.0,0.0,0.0,0.0,0.0,0.0,0.0,0.0,1.0
fr,fictional,03_tabletop,59,19,114,1,0.9473684210526315,4.842105263157895,0.05263157894736842,0.0,0.0,1.0,0.0,0.0,0.0,0.0,0.0,0.0,1.0,0.0
fr,fictional,03_tabletop,60,19,112,1,0.8947368421052632,4.7368421052631575,0.10526315789473684,0.0,0.0,0.0,0.0,0.0,0.0,1.0,0.0,0.0,0.0,0.0
fr,fictional,03_tabletop,61,13,74,1,1.0,4.384615384615385,0.15384615384615385,0.0,0.0,0.0,0.02702702702702703,0.0,0.0,0.0,0.0,0.0,0.0,1.0
fr,fictional,03_tabletop,62,20,104,1,0.9,4.1,0.1,0.0,0.0,0.0,0.0,0.0,0.0,0.0,0.0,0.0,1.0,0.0
fr,fictional,03_tabletop,63,19,104,1,1.0,4.421052631578948,0.05263157894736842,0.0,0.0,0.0,0.0,0.0,0.0,0.0,0.0,0.0,0.0,1.0
fr,fictional,03_tabletop,64,17,120,1,0.8823529411764706,6.0,0.058823529411764705,0.0,0.0,0.0,0.0,0.0,0.0,0.0,0.0,0.0,1.0,0.0
fr,fictional,03_tabletop,65,19,95,1,0.9444444444444444,4.0,0.05263157894736842,0.0,1.0,1.0,0.0,0.0,0.0,0.0,0.0,0.0,0.0,1.0
fr,fictional,03_tabletop,66,15,97,1,0.9333333333333333,5.466666666666667,0.0,0.0,0.0,0.0,0.0,0.0,1.0,0.0,0.0,0.0,0.0,0.0
fr,fictional,03_tabletop,67,18,109,1,0.9473684210526315,4.684210526315789,0.05555555555555555,0.0,0.0,0.0,0.0,0.0,0.0,0.0,0.0,1.0,0.0,0.0
fr,fictional,03_tabletop,68,13,84,1,1.0,4.928571428571429,0.07692307692307693,0.0,0.0,0.0,0.0,0.0,0.0,1.0,0.0,0.0,0.0,0.0
fr,fictional,03_tabletop,69,15,88,1,0.9333333333333333,4.8,0.0,0.06666666666666667,0.0,0.0,0.0,0.0,0.0,1.0,0.0,0.0,0.0,0.0
fr,fictional,03_tabletop,70,19,119,1,0.8947368421052632,5.157894736842105,0.10526315789473684,0.0,0.0,0.0,0.0,0.0,0.0,0.0,0.0,0.0,0.0,1.0
fr,fictional,03_tabletop,71,16,92,1,0.9333333333333333,4.933333333333334,0.0625,0.0,0.0,1.0,0.0,0.0,0.0,0.0,0.0,0.0,0.0,1.0
fr,fictional,03_tabletop,72,20,109,1,0.95,4.4,0.0,0.05,0.0,0.0,0.0,0.0,0.0,0.0,0.0,0.0,0.0,1.0
fr,fictional,03_tabletop,73,21,101,1,1.0,3.95,0.0,0.0,0.0,1.0,0.0,0.0,0.0,1.0,0.0,0.0,0.0,0.0
fr,fictional,03_tabletop,74,15,92,1,0.8666666666666667,4.666666666666667,0.2,0.0,1.0,0.0,0.021739130434782608,0.0,0.0,0.0,1.0,0.0,0.0,0.0
fr,fictional,04_fanfic,75,17,107,1,1.0,5.3125,0.058823529411764705,0.0,1.0,0.0,0.018691588785046728,0.0,1.0,0.0,0.0,0.0,0.0,0.0
fr,fictional,04_fanfic,76,20,115,1,0.9,4.7,0.05,0.0,0.0,0.0,0.0,0.0,0.0,1.0,0.0,0.0,0.0,0.0
fr,fictional,04_fanfic,77,16,96,1,0.9375,4.75,0.0,0.0,1.0,0.0,0.0,0.0,0.0,0.0,0.0,0.0,0.0,1.0
fr,fictional,04_fanfic,78,17,101,1,1.0,4.9411764705882355,0.0,0.0,0.0,0.0,0.0,0.0,0.0,0.0,0.0,1.0,0.0,0.0
fr,fictional,04_fanfic,79,17,123,1,1.0,6.176470588235294,0.0,0.058823529411764705,0.0,0.0,0.0,0.0,0.0,0.0,0.0,0.0,0.0,1.0
fr,fictional,04_fanfic,80,21,140,1,0.9545454545454546,5.318181818181818,0.047619047619047616,0.0,0.0,0.0,0.0,0.0,0.0,0.0,0.0,0.0,0.0,1.0
fr,fictional,04_fanfic,81,21,117,1,0.95,4.45,0.09523809523809523,0.0,1.0,0.0,0.02564102564102564,0.0,0.0,1.0,0.0,0.0,0.0,0.0
fr,fictional,04_fanfic,82,20,124,1,0.9,5.15,0.05,0.0,0.0,0.0,0.0,0.0,0.0,0.0,0.0,0.0,0.0,1.0
fr,fictional,04_fanfic,83,22,106,1,0.9545454545454546,3.6818181818181817,0.13636363636363635,0.0,0.0,0.0,0.0,0.0,0.0,1.0,0.0,0.0,0.0,0.0
fr,fictional,04_fanfic,84,20,127,1,1.0,4.7272727272727275,0.05,0.0,0.0,0.0,0.0,0.0,0.0,0.0,0.0,0.0,0.0,1.0
fr,fictional,04_fanfic,85,19,127,1,1.0,5.631578947368421,0.05263157894736842,0.0,0.0,0.0,0.0,0.0,0.0,0.0,0.0,0.0,0.0,1.0
fr,fictional,04_fanfic,86,18,111,1,0.8888888888888888,4.944444444444445,0.16666666666666666,0.0,0.0,0.0,0.0,0.0,0.0,0.0,0.0,0.0,0.0,1.0
fr,fictional,04_fanfic,87,16,97,1,0.9375,5.0,0.0625,0.0,0.0,0.0,0.0,0.0,0.0,0.0,0.0,1.0,0.0,0.0
fr,fictional,04_fanfic,88,14,96,1,0.9285714285714286,5.714285714285714,0.0,0.0,1.0,0.0,0.0,0.0,0.0,0.0,0.0,0.0,0.0,1.0
fr,fictional,04_fanfic,89,23,126,1,0.9565217391304348,4.391304347826087,0.08695652173913043,0.0,0.0,0.0,0.0,0.0,0.0,1.0,0.0,0.0,0.0,0.0
fr,fictional,04_fanfic,90,22,154,1,0.8636363636363636,5.954545454545454,0.045454545454545456,0.0,0.0,0.0,0.0,0.0,0.0,0.0,0.0,0.0,0.0,1.0
fr,fictional,04_fanfic,91,20,125,1,0.9473684210526315,5.473684210526316,0.0,0.0,0.0,1.0,0.0,0.0,0.0,0.0,0.0,0.0,0.0,1.0
fr,fictional,04_fanfic,92,17,96,1,0.9333333333333333,4.733333333333333,0.11764705882352941,0.0,1.0,0.0,0.041666666666666664,0.0,0.0,0.0,1.0,0.0,0.0,0.0
fr,fictional,04_fanfic,93,23,120,1,0.9523809523809523,4.380952380952381,0.043478260869565216,0.0,0.0,0.0,0.03333333333333333,0.0,0.0,1.0,0.0,0.0,0.0,0.0
fr,fictional,04_fanfic,94,11,71,1,1.0,5.4,0.18181818181818182,0.0,1.0,0.0,0.028169014084507043,0.0,0.0,1.0,0.0,0.0,0.0,0.0
fr,fictional,04_fanfic,95,17,114,1,0.9473684210526315,5.0,0.0,0.0,0.0,0.0,0.0,0.0,0.0,0.0,0.0,0.0,0.0,1.0
fr,fictional,04_fanfic,96,18,95,1,0.9444444444444444,4.111111111111111,0.16666666666666666,0.0,0.0,0.0,0.0,0.0,0.0,0.0,0.0,0.0,0.0,1.0
fr,fictional,04_fanfic,97,20,122,1,0.8636363636363636,4.545454545454546,0.0,0.0,0.0,0.0,0.0,0.0,0.0,0.0,0.0,0.0,1.0,0.0
fr,fictional,04_fanfic,98,21,122,1,0.8571428571428571,4.619047619047619,0.09523809523809523,0.0,1.0,0.0,0.0,0.0,0.0,0.0,0.0,0.0,0.0,1.0
fr,fictional,04_fanfic,99,19,112,1,0.8947368421052632,4.7894736842105265,0.10526315789473684,0.0,0.0,0.0,0.0,0.0,0.0,0.0,0.0,0.0,1.0,0.0
fr,fictional,05_theater,100,20,105,1,0.95,4.2,0.05,0.0,0.0,0.0,0.0,0.0,1.0,0.0,0.0,0.0,0.0,0.0
fr,fictional,05_theater,101,19,106,1,0.95,4.25,0.0,0.05263157894736842,0.0,0.0,0.0,0.0,0.0,0.0,0.0,0.0,0.0,1.0
fr,fictional,05_theater,102,21,120,1,0.9545454545454546,4.409090909090909,0.047619047619047616,0.0,0.0,0.0,0.0,0.0,0.0,0.0,0.0,0.0,1.0,0.0
fr,fictional,05_theater,103,21,113,1,0.9545454545454546,4.090909090909091,0.047619047619047616,0.0,0.0,0.0,0.0,0.0,0.0,0.0,0.0,0.0,0.0,1.0
fr,fictional,05_theater,104,18,111,1,1.0,5.352941176470588,0.05555555555555555,0.0,0.0,1.0,0.0,0.0,0.0,0.0,0.0,0.0,0.0,1.0
fr,fictional,05_theater,105,19,96,1,0.8947368421052632,4.052631578947368,0.0,0.0,0.0,0.0,0.0,0.0,0.0,0.0,0.0,1.0,0.0,0.0
fr,fictional,05_theater,106,18,109,1,0.9444444444444444,4.833333333333333,0.1111111111111111,0.0,0.0,1.0,0.0,0.0,0.0,0.0,0.0,0.0,0.0,1.0
fr,fictional,05_theater,107,21,128,1,0.9523809523809523,5.0,0.09523809523809523,0.0,0.0,0.0,0.0,0.0,0.0,0.0,0.0,0.0,1.0,0.0
fr,fictional,05_theater,108,20,103,1,0.9523809523809523,3.9047619047619047,0.0,0.0,0.0,0.0,0.0,0.0,0.0,0.0,0.0,0.0,0.0,1.0
fr,fictional,05_theater,109,20,107,1,0.9,4.35,0.0,0.0,0.0,0.0,0.0,0.0,0.0,0.0,0.0,0.0,0.0,1.0
fr,fictional,05_theater,110,21,122,1,0.9523809523809523,4.761904761904762,0.047619047619047616,0.0,0.0,0.0,0.0,0.0,0.0,1.0,0.0,0.0,0.0,0.0
fr,fictional,05_theater,111,19,116,1,0.8947368421052632,5.052631578947368,0.05263157894736842,0.0,0.0,0.0,0.0,0.0,0.0,0.0,0.0,0.0,1.0,0.0
fr,fictional,05_theater,112,19,107,1,0.8947368421052632,4.473684210526316,0.10526315789473684,0.0,0.0,0.0,0.0,0.0,0.0,0.0,0.0,0.0,0.0,1.0
fr,fictional,05_theater,113,19,116,1,0.8421052631578947,4.7894736842105265,0.05263157894736842,0.05263157894736842,1.0,0.0,0.0,0.0,0.0,0.0,1.0,0.0,0.0,0.0
fr,fictional,05_theater,114,20,107,1,0.85,4.2,0.15,0.0,0.0,0.0,0.0,0.0,0.0,0.0,0.0,0.0,1.0,0.0
fr,fictional,05_theater,115,19,106,1,0.9523809523809523,4.0,0.05263157894736842,0.0,0.0,0.0,0.0,0.0,0.0,0.0,0.0,0.0,0.0,1.0
fr,fictional,05_theater,116,20,127,1,1.0,5.2,0.1,0.0,0.0,0.0,0.0,0.0,0.0,0.0,0.0,0.0,0.0,1.0
fr,fictional,05_theater,117,20,111,1,0.85,4.45,0.1,0.0,0.0,0.0,0.0,0.0,1.0,0.0,0.0,0.0,0.0,0.0
fr,fictional,05_theater,118,19,121,1,1.0,5.0,0.0,0.05263157894736842,0.0,0.0,0.0,0.0,0.0,0.0,0.0,0.0,0.0,1.0
fr,fictional,05_theater,119,20,117,1,0.95,4.8,0.05,0.0,0.0,0.0,0.0,0.0,0.0,0.0,0.0,0.0,0.0,1.0
fr,fictional,05_theater,120,21,122,1,0.9523809523809523,4.761904761904762,0.047619047619047616,0.0,0.0,0.0,0.0,0.0,0.0,0.0,0.0,0.0,1.0,0.0
fr,fictional,05_theater,121,20,105,1,0.95,4.1,0.1,0.0,0.0,0.0,0.0,0.0,0.0,0.0,0.0,1.0,0.0,0.0
fr,fictional,05_theater,122,20,114,1,0.95,4.65,0.05,0.0,0.0,0.0,0.0,0.0,0.0,1.0,0.0,0.0,0.0,0.0
fr,fictional,05_theater,123,21,114,1,0.9047619047619048,4.380952380952381,0.047619047619047616,0.0,0.0,0.0,0.0,0.0,0.0,0.0,0.0,0.0,0.0,1.0
fr,fictional,05_theater,124,20,130,1,0.85,5.4,0.05,0.05,0.0,0.0,0.0,0.0,0.0,0.0,0.0,0.0,0.0,1.0
fr,fictional,06_gamedesign,125,16,98,1,1.0,4.705882352941177,0.0625,0.0,0.0,1.0,0.0,0.0,0.0,0.0,0.0,0.0,0.0,1.0
fr,fictional,06_gamedesign,126,18,89,1,0.8888888888888888,3.888888888888889,0.05555555555555555,0.0,0.0,0.0,0.0,0.0,0.0,0.0,0.0,1.0,0.0,0.0
fr,fictional,06_gamedesign,127,20,115,1,0.95,4.75,0.0,0.0,0.0,0.0,0.0,0.0,1.0,0.0,0.0,0.0,0.0,0.0
fr,fictional,06_gamedesign,128,18,131,1,0.8888888888888888,6.277777777777778,0.0,0.0,0.0,0.0,0.0,0.0,0.0,0.0,0.0,0.0,0.0,1.0
fr,fictional,06_gamedesign,129,16,97,1,0.9375,4.75,0.1875,0.0,1.0,0.0,0.0,0.0,0.0,0.0,1.0,0.0,0.0,0.0
fr,fictional,06_gamedesign,130,18,111,1,0.9444444444444444,5.166666666666667,0.0,0.0,0.0,0.0,0.0,0.0,0.0,1.0,0.0,0.0,0.0,0.0
fr,fictional,06_gamedesign,131,16,102,1,1.0,5.3125,0.0,0.0,0.0,0.0,0.0,0.0,0.0,1.0,0.0,0.0,0.0,0.0
fr,fictional,06_gamedesign,132,20,106,1,0.9,4.25,0.0,0.05,0.0,0.0,0.0,0.0,0.0,0.0,0.0,0.0,0.0,1.0
fr,fictional,06_gamedesign,133,14,86,1,0.9333333333333333,4.6,0.0,0.0,1.0,0.0,0.0,0.0,0.0,0.0,0.0,0.0,0.0,1.0
fr,fictional,06_gamedesign,134,20,109,1,0.9,4.45,0.0,0.0,0.0,0.0,0.0,0.0,0.0,0.0,0.0,0.0,0.0,1.0
fr,fictional,06_gamedesign,135,15,87,1,0.9375,4.375,0.06666666666666667,0.0,0.0,1.0,0.0,0.0,0.0,0.0,0.0,1.0,0.0,0.0
fr,fictional,06_gamedesign,136,15,89,1,0.9333333333333333,4.933333333333334,0.0,0.0,0.0,0.0,0.0,0.0,0.0,0.0,0.0,0.0,0.0,1.0
fr,fictional,06_gamedesign,137,19,110,1,0.9473684210526315,4.7368421052631575,0.05263157894736842,0.0,0.0,0.0,0.0,0.0,0.0,0.0,0.0,0.0,0.0,1.0
fr,fictional,06_gamedesign,138,15,95,1,1.0,5.133333333333334,0.13333333333333333,0.0,0.0,0.0,0.0,0.0,0.0,0.0,0.0,0.0,0.0,1.0
fr,fictional,06_gamedesign,139,17,115,1,0.9411764705882353,5.764705882352941,0.0,0.0,0.0,0.0,0.0,0.0,0.0,0.0,0.0,0.0,1.0,0.0
fr,fictional,06_gamedesign,140,13,81,1,0.8461538461538461,5.153846153846154,0.0,0.07692307692307693,0.0,0.0,0.0,0.0,0.0,0.0,0.0,0.0,0.0,1.0
fr,fictional,06_gamedesign,141,21,116,1,0.8095238095238095,4.428571428571429,0.09523809523809523,0.0,0.0,0.0,0.0,0.0,0.0,0.0,0.0,0.0,1.0,0.0
fr,fictional,06_gamedesign,142,16,95,1,1.0,4.8125,0.0,0.0,1.0,0.0,0.0,0.0,0.0,0.0,0.0,0.0,0.0,1.0
fr,fictional,06_gamedesign,143,10,73,1,1.0,5.545454545454546,0.1,0.0,0.0,1.0,0.0,0.0,0.0,0.0,0.0,0.0,0.0,1.0
fr,fictional,06_gamedesign,144,17,98,1,1.0,4.388888888888889,0.058823529411764705,0.0,0.0,0.0,0.0,0.0,0.0,1.0,0.0,0.0,0.0,0.0
fr,fictional,06_gamedesign,145,19,102,1,1.0,4.315789473684211,0.05263157894736842,0.0,0.0,0.0,0.0,0.0,0.0,0.0,0.0,0.0,0.0,1.0
fr,fictional,06_gamedesign,146,20,125,1,0.95,5.2,0.05,0.0,0.0,0.0,0.0,0.0,0.0,0.0,0.0,0.0,0.0,1.0
fr,fictional,06_gamedesign,147,18,85,1,0.9444444444444444,3.6666666666666665,0.05555555555555555,0.0,0.0,0.0,0.0,0.0,0.0,0.0,0.0,1.0,0.0,0.0
fr,fictional,06_gamedesign,148,19,112,1,0.8947368421052632,4.842105263157895,0.0,0.05263157894736842,0.0,0.0,0.0,0.0,0.0,1.0,0.0,0.0,0.0,0.0
fr,fictional,06_gamedesign,149,20,110,1,0.8571428571428571,4.190476190476191,0.05,0.0,0.0,1.0,0.0,0.0,0.0,0.0,0.0,0.0,1.0,0.0
fr,fictional,07_mfa,150,20,109,1,1.0,4.45,0.0,0.0,0.0,0.0,0.0,0.0,0.0,0.0,0.0,0.0,0.0,1.0
fr,fictional,07_mfa,151,19,125,1,0.8421052631578947,5.473684210526316,0.05263157894736842,0.0,0.0,0.0,0.0,0.0,1.0,0.0,0.0,0.0,0.0,0.0
fr,fictional,07_mfa,152,20,107,1,0.9523809523809523,4.0476190476190474,0.05,0.0,0.0,0.0,0.0,0.0,0.0,0.0,0.0,1.0,0.0,0.0
fr,fictional,07_mfa,153,21,124,1,0.9523809523809523,4.904761904761905,0.0,0.0,0.0,0.0,0.0,0.0,0.0,0.0,0.0,0.0,0.0,1.0
fr,fictional,07_mfa,154,14,83,1,0.7857142857142857,4.857142857142857,0.0,0.07142857142857142,0.0,0.0,0.0,0.0,0.0,0.0,0.0,0.0,0.0,1.0
fr,fictional,07_mfa,155,20,130,1,0.8571428571428571,5.095238095238095,0.1,0.0,0.0,0.0,0.0,0.0,0.0,0.0,0.0,0.0,0.0,1.0
fr,fictional,07_mfa,156,20,117,1,0.9,4.75,0.1,0.0,0.0,0.0,0.0,0.0,0.0,1.0,0.0,0.0,0.0,0.0
fr,fictional,07_mfa,157,18,99,1,0.8235294117647058,4.647058823529412,0.05555555555555555,0.0,0.0,1.0,0.0,0.0,0.0,0.0,0.0,0.0,0.0,1.0
fr,fictional,07_mfa,158,18,110,1,1.0,5.0,0.05555555555555555,0.0,0.0,0.0,0.0,0.0,0.0,0.0,0.0,0.0,0.0,1.0
fr,fictional,07_mfa,159,17,106,1,1.0,5.176470588235294,0.058823529411764705,0.0,0.0,0.0,0.0,0.0,0.0,0.0,0.0,1.0,0.0,0.0
fr,fictional,07_mfa,160,18,91,1,1.0,4.0,0.05555555555555555,0.0,0.0,0.0,0.0,0.0,0.0,0.0,0.0,0.0,0.0,1.0
fr,fictional,07_mfa,161,15,96,1,1.0,5.333333333333333,0.06666666666666667,0.0,0.0,0.0,0.0,0.0,0.0,0.0,0.0,0.0,1.0,0.0
fr,fictional,07_mfa,162,18,110,1,1.0,4.944444444444445,0.1111111111111111,0.0,0.0,0.0,0.0,0.0,0.0,0.0,0.0,0.0,0.0,1.0
fr,fictional,07_mfa,163,16,90,1,0.8666666666666667,4.733333333333333,0.125,0.0,0.0,1.0,0.0,0.0,0.0,0.0,0.0,0.0,0.0,1.0
fr,fictional,07_mfa,164,20,112,1,1.0,4.55,0.05,0.0,0.0,0.0,0.0,0.0,0.0,1.0,0.0,0.0,0.0,0.0
fr,fictional,07_mfa,165,18,125,1,0.8947368421052632,5.526315789473684,0.0,0.05555555555555555,0.0,0.0,0.0,0.0,0.0,0.0,0.0,0.0,0.0,1.0
fr,fictional,07_mfa,166,19,117,1,0.9444444444444444,5.333333333333333,0.05263157894736842,0.0,0.0,1.0,0.0,0.0,0.0,0.0,0.0,0.0,0.0,1.0
fr,fictional,07_mfa,167,15,98,1,1.0,5.133333333333334,0.13333333333333333,0.0,1.0,0.0,0.0,0.0,0.0,0.0,1.0,0.0,0.0,0.0
fr,fictional,07_mfa,168,17,111,1,1.0,5.411764705882353,0.058823529411764705,0.0,0.0,0.0,0.0,0.0,0.0,0.0,0.0,0.0,0.0,1.0
fr,fictional,07_mfa,169,21,139,1,0.9,5.8,0.047619047619047616,0.0,0.0,1.0,0.0,0.0,0.0,0.0,0.0,0.0,1.0,0.0
fr,fictional,07_mfa,170,17,103,1,0.9444444444444444,4.722222222222222,0.0,0.0,0.0,0.0,0.0,0.0,0.0,0.0,0.0,0.0,0.0,1.0
fr,fictional,07_mfa,171,18,110,1,1.0,5.0,0.1111111111111111,0.0,0.0,0.0,0.0,0.0,0.0,0.0,0.0,0.0,0.0,1.0
fr,fictional,07_mfa,172,20,126,1,0.9523809523809523,4.904761904761905,0.05,0.0,0.0,0.0,0.0,0.0,0.0,0.0,0.0,0.0,0.0,1.0
fr,fictional,07_mfa,173,19,107,1,0.8888888888888888,4.777777777777778,0.05263157894736842,0.0,0.0,1.0,0.0,0.0,0.0,1.0,0.0,0.0,0.0,0.0
fr,fictional,07_mfa,174,23,143,1,1.0,4.875,0.08695652173913043,0.0,0.0,0.0,0.0,0.0,0.0,0.0,0.0,0.0,1.0,0.0
fr,fictional,08_comics,175,17,83,1,0.875,4.0,0.058823529411764705,0.0,0.0,1.0,0.0,0.0,0.0,0.0,0.0,0.0,0.0,1.0
fr,fictional,08_comics,176,20,112,1,0.95,4.55,0.0,0.05,0.0,0.0,0.0,0.0,0.0,0.0,0.0,0.0,0.0,1.0
fr,fictional,08_comics,177,17,105,1,0.8888888888888888,4.777777777777778,0.058823529411764705,0.0,0.0,0.0,0.0,0.0,1.0,0.0,0.0,0.0,0.0,0.0
fr,fictional,08_comics,178,17,112,1,0.9411764705882353,5.588235294117647,0.0,0.0,0.0,0.0,0.0,0.0,0.0,1.0,0.0,0.0,0.0,0.0
fr,fictional,08_comics,179,18,94,1,0.9444444444444444,4.166666666666667,0.05555555555555555,0.0,0.0,0.0,0.0,0.0,0.0,0.0,0.0,1.0,0.0,0.0
fr,fictional,08_comics,180,13,83,1,1.0,5.076923076923077,0.15384615384615385,0.0,1.0,0.0,0.0,0.0,0.0,0.0,1.0,0.0,0.0,0.0
fr,fictional,08_comics,181,18,100,1,0.9444444444444444,4.5,0.05555555555555555,0.0,0.0,0.0,0.0,0.0,0.0,0.0,0.0,0.0,0.0,1.0
fr,fictional,08_comics,182,17,101,1,1.0,4.882352941176471,0.058823529411764705,0.0,0.0,0.0,0.0,0.0,0.0,0.0,0.0,0.0,0.0,1.0
fr,fictional,08_comics,183,15,87,1,0.9333333333333333,4.733333333333333,0.0,0.06666666666666667,0.0,0.0,0.0,0.0,0.0,1.0,0.0,0.0,0.0,0.0
fr,fictional,08_comics,184,18,96,1,1.0,4.277777777777778,0.05555555555555555,0.0,0.0,0.0,0.0,0.0,0.0,0.0,0.0,0.0,0.0,1.0
fr,fictional,08_comics,185,17,101,1,0.8888888888888888,4.555555555555555,0.058823529411764705,0.0,0.0,0.0,0.0,0.0013605442176870747,0.0,0.0,0.0,0.0,0.0,1.0
fr,fictional,08_comics,186,17,95,1,0.8823529411764706,4.529411764705882,0.0,0.058823529411764705,0.0,0.0,0.0,0.0,0.0,0.0,0.0,0.0,0.0,1.0
fr,fictional,08_comics,187,17,84,1,0.8235294117647058,3.8823529411764706,0.058823529411764705,0.0,0.0,0.0,0.0,0.0,0.0,0.0,0.0,1.0,0.0,0.0
fr,fictional,08_comics,188,16,105,1,0.9411764705882353,5.0588235294117645,0.0625,0.0,0.0,0.0,0.0,0.0,0.0,0.0,0.0,0.0,0.0,1.0
fr,fictional,08_comics,189,19,100,1,1.0,4.2105263157894735,0.0,0.05263157894736842,0.0,0.0,0.0,0.0,0.0,0.0,0.0,0.0,0.0,1.0
fr,fictional,08_comics,190,15,94,1,1.0,5.0,0.2,0.06666666666666667,1.0,1.0,0.0,0.0,0.0,0.0,1.0,0.0,0.0,0.0
fr,fictional,08_comics,191,16,94,1,0.9375,4.8125,0.0625,0.0,0.0,0.0,0.0,0.0,0.0,0.0,0.0,0.0,0.0,1.0
fr,fictional,08_comics,192,16,94,1,1.0,4.8125,0.0625,0.0,0.0,0.0,0.0,0.0,0.0,0.0,0.0,0.0,0.0,1.0
fr,fictional,08_comics,193,18,93,1,0.8888888888888888,4.111111111111111,0.05555555555555555,0.0,0.0,0.0,0.0,0.0,0.0,0.0,0.0,0.0,0.0,1.0
fr,fictional,08_comics,194,17,90,1,0.9375,4.375,0.11764705882352941,0.0,0.0,1.0,0.0,0.0,0.0,0.0,0.0,0.0,0.0,1.0
fr,fictional,08_comics,195,16,104,1,0.9375,5.0625,0.0625,0.0,0.0,0.0,0.028846153846153848,0.0,1.0,0.0,0.0,0.0,0.0,0.0
fr,fictional,08_comics,196,15,84,1,0.9333333333333333,4.533333333333333,0.06666666666666667,0.0,0.0,0.0,0.0,0.0,0.0,0.0,0.0,1.0,0.0,0.0
fr,fictional,08_comics,197,18,123,1,0.9411764705882353,6.0,0.1111111111111111,0.0,0.0,1.0,0.0,0.0,0.0,0.0,0.0,0.0,0.0,1.0
fr,fictional,08_comics,198,18,108,1,0.9444444444444444,4.944444444444445,0.05555555555555555,0.0,0.0,0.0,0.0,0.0,0.0,1.0,0.0,0.0,0.0,0.0
fr,fictional,08_comics,199,17,102,1,1.0,4.764705882352941,0.11764705882352941,0.0,0.0,1.0,0.0,0.0,0.0,0.0,0.0,0.0,0.0,1.0
fr,fictional,09_audiodrama,200,17,114,1,1.0,5.647058823529412,0.058823529411764705,0.0,0.0,0.0,0.0,0.0,0.0,1.0,0.0,0.0,0.0,0.0
fr,fictional,09_audiodrama,201,19,102,1,0.9473684210526315,4.315789473684211,0.0,0.05263157894736842,0.0,0.0,0.0,0.0,0.0,0.0,0.0,0.0,0.0,1.0
fr,fictional,09_audiodrama,202,18,108,1,0.9444444444444444,4.944444444444445,0.05555555555555555,0.0,0.0,0.0,0.0,0.0,0.0,0.0,0.0,1.0,0.0,0.0
fr,fictional,09_audiodrama,203,19,102,1,0.9473684210526315,4.2631578947368425,0.0,0.0,0.0,1.0,0.0,0.0,0.0,0.0,0.0,0.0,0.0,1.0
fr,fictional,09_audiodrama,204,20,111,1,0.85,4.5,0.05,0.0,0.0,0.0,0.0,0.0,1.0,0.0,0.0,0.0,0.0,0.0
fr,fictional,09_audiodrama,205,21,107,1,0.9523809523809523,4.0,0.047619047619047616,0.047619047619047616,0.0,0.0,0.0,0.0,0.0,0.0,0.0,0.0,0.0,1.0
fr,fictional,09_audiodrama,206,16,97,1,1.0,4.647058823529412,0.0625,0.0,0.0,0.0,0.0,0.0,0.0,0.0,0.0,0.0,0.0,1.0
fr,fictional,09_audiodrama,207,18,109,1,0.9411764705882353,5.0588235294117645,0.1111111111111111,0.0,0.0,0.0,0.01834862385321101,0.0,0.0,0.0,0.0,0.0,0.0,1.0
fr,fictional,09_audiodrama,208,18,113,1,0.9411764705882353,5.352941176470588,0.05555555555555555,0.0,1.0,1.0,0.0,0.0,0.0,0.0,1.0,0.0,0.0,0.0
fr,fictional,09_audiodrama,209,19,97,1,1.0,4.105263157894737,0.0,0.0,0.0,0.0,0.0,0.0,0.0,0.0,0.0,0.0,1.0,0.0
fr,fictional,09_audiodrama,210,19,110,1,0.9473684210526315,4.7368421052631575,0.05263157894736842,0.0,0.0,0.0,0.0,0.0,0.0,1.0,0.0,0.0,0.0,0.0
fr,fictional,09_audiodrama,211,19,120,1,0.9473684210526315,5.105263157894737,0.15789473684210525,0.0,0.0,0.0,0.0,0.0,0.0,0.0,0.0,0.0,0.0,1.0
fr,fictional,09_audiodrama,212,18,102,1,0.9411764705882353,4.647058823529412,0.0,0.0,0.0,0.0,0.0392156862745098,0.0,1.0,0.0,0.0,0.0,0.0,0.0
fr,fictional,09_audiodrama,213,21,116,1,0.9130434782608695,4.0,0.0,0.047619047619047616,0.0,0.0,0.0,0.0,0.0,0.0,0.0,0.0,0.0,1.0
fr,fictional,09_audiodrama,214,18,104,2,0.9411764705882353,4.9411764705882355,0.0,0.0,0.0,1.0,0.0,0.0,0.0,0.0,0.0,1.0,0.0,0.0
fr,fictional,09_audiodrama,215,21,127,1,0.9523809523809523,5.0,0.047619047619047616,0.0,0.0,0.0,0.0,0.0,0.0,0.0,0.0,0.0,0.0,1.0
fr,fictional,09_audiodrama,216,22,127,1,0.9090909090909091,4.7272727272727275,0.045454545454545456,0.0,0.0,0.0,0.0,0.0,1.0,0.0,0.0,0.0,0.0,0.0
fr,fictional,09_audiodrama,217,16,95,1,0.875,4.8125,0.0625,0.0,0.0,0.0,0.0,0.0,0.0,0.0,0.0,0.0,0.0,1.0
fr,fictional,09_audiodrama,218,20,120,1,0.9,4.95,0.05,0.0,0.0,0.0,0.0,0.0,0.0,1.0,0.0,0.0,0.0,0.0
fr,fictional,09_audiodrama,219,19,119,1,0.8421052631578947,5.2631578947368425,0.0,0.0,0.0,0.0,0.0,0.0,0.0,0.0,0.0,0.0,0.0,1.0
fr,fictional,09_audiodrama,220,20,114,1,1.0,4.65,0.05,0.0,0.0,0.0,0.0,0.0,0.0,0.0,0.0,0.0,1.0,0.0
fr,fictional,09_audiodrama,221,12,87,1,1.0,6.083333333333333,0.16666666666666666,0.0,0.0,0.0,0.0,0.0,1.0,0.0,0.0,0.0,0.0,0.0
fr,fictional,09_audiodrama,222,17,90,1,0.9375,4.4375,0.058823529411764705,0.0,0.0,1.0,0.0,0.0,0.0,0.0,0.0,0.0,0.0,1.0
fr,fictional,09_audiodrama,223,19,119,1,0.8947368421052632,5.2105263157894735,0.0,0.05263157894736842,0.0,0.0,0.0,0.0,1.0,0.0,0.0,0.0,0.0,0.0
fr,fictional,09_audiodrama,224,16,105,1,1.0,5.5,0.0,0.0,0.0,0.0,0.0,0.0,0.0,0.0,0.0,0.0,0.0,1.0
fr,fictional,10_anthology,225,22,116,1,0.9,4.1,0.18181818181818182,0.0,0.0,0.0,0.06896551724137931,0.0,1.0,0.0,0.0,0.0,0.0,0.0
fr,fictional,10_anthology,226,16,104,1,1.0,5.733333333333333,0.0625,0.0,0.0,1.0,0.0,0.0,0.0,0.0,0.0,0.0,0.0,1.0
fr,fictional,10_anthology,227,18,99,1,0.9444444444444444,4.444444444444445,0.0,0.05555555555555555,0.0,0.0,0.0,0.0,0.0,0.0,0.0,0.0,0.0,1.0
fr,fictional,10_anthology,228,16,121,1,1.0,5.882352941176471,0.1875,0.0,0.0,0.0,0.0,0.0,0.0,0.0,0.0,0.0,0.0,1.0
fr,fictional,10_anthology,229,17,105,1,0.8235294117647058,5.117647058823529,0.058823529411764705,0.0,0.0,0.0,0.0,0.0,0.0,0.0,0.0,0.0,0.0,1.0
fr,fictional,10_anthology,230,16,91,1,0.875,4.4375,0.125,0.0,1.0,0.0,0.0,0.0,0.0,0.0,0.0,1.0,0.0,0.0
fr,fictional,10_anthology,231,19,111,1,0.8947368421052632,4.7894736842105265,0.05263157894736842,0.0,0.0,0.0,0.0,0.0,0.0,0.0,0.0,0.0,0.0,1.0
fr,fictional,10_anthology,232,16,116,1,0.9411764705882353,5.764705882352941,0.0625,0.0,0.0,0.0,0.0,0.0,0.0,1.0,0.0,0.0,0.0,0.0
fr,fictional,10_anthology,233,19,122,1,0.9473684210526315,5.368421052631579,0.05263157894736842,0.0,0.0,0.0,0.0,0.0,0.0,0.0,0.0,0.0,0.0,1.0
fr,fictional,10_anthology,234,17,104,1,1.0,5.0,0.058823529411764705,0.058823529411764705,0.0,0.0,0.0,0.0,0.0,1.0,0.0,0.0,0.0,0.0
fr,fictional,10_anthology,235,20,126,1,0.9047619047619048,4.9523809523809526,0.05,0.0,0.0,0.0,0.0,0.0,0.0,0.0,0.0,0.0,1.0,0.0
fr,fictional,10_anthology,236,18,112,2,0.9444444444444444,5.166666666666667,0.0,0.0,0.0,0.0,0.0,0.0,0.0,0.0,0.0,0.0,0.0,1.0
fr,fictional,10_anthology,237,12,76,1,1.0,5.083333333333333,0.16666666666666666,0.0,0.0,0.0,0.0,0.0,0.0,0.0,0.0,0.0,0.0,1.0
fr,fictional,10_anthology,238,18,109,1,1.0,5.0625,0.1111111111111111,0.0,0.0,0.0,0.07339449541284404,0.0,0.0,0.0,0.0,0.0,0.0,1.0
fr,fictional,10_anthology,239,18,106,1,0.9444444444444444,4.833333333333333,0.05555555555555555,0.0,0.0,0.0,0.0,0.0,0.0,0.0,0.0,1.0,0.0,0.0
fr,fictional,10_anthology,240,18,120,1,1.0,5.2631578947368425,0.0,0.05555555555555555,0.0,0.0,0.0,0.0,0.0,0.0,0.0,0.0,0.0,1.0
fr,fictional,10_anthology,241,16,94,1,0.9411764705882353,4.411764705882353,0.125,0.0,0.0,0.0,0.0,0.0,0.0,0.0,0.0,0.0,0.0,1.0
fr,fictional,10_anthology,242,23,117,1,0.9130434782608695,3.9565217391304346,0.043478260869565216,0.0,1.0,0.0,0.0,0.0,0.0,0.0,0.0,0.0,1.0,0.0
fr,fictional,10_anthology,243,15,91,1,1.0,4.928571428571429,0.13333333333333333,0.0,0.0,0.0,0.04395604395604396,0.0,0.0,0.0,0.0,0.0,0.0,1.0
fr,fictional,10_anthology,244,18,102,1,0.9411764705882353,4.823529411764706,0.05555555555555555,0.0,0.0,1.0,0.0,0.0,0.0,0.0,0.0,0.0,0.0,1.0
fr,fictional,10_anthology,245,19,123,1,1.0,5.421052631578948,0.05263157894736842,0.0,0.0,0.0,0.0,0.0,0.0,1.0,0.0,0.0,0.0,0.0
fr,fictional,10_anthology,246,12,71,1,1.0,4.666666666666667,0.08333333333333333,0.0,1.0,0.0,0.0,0.0,0.0,1.0,0.0,0.0,0.0,0.0
fr,fictional,10_anthology,247,21,124,3,0.9545454545454546,4.454545454545454,0.047619047619047616,0.0,0.0,0.0,0.008064516129032258,0.0,0.0,0.0,0.0,0.0,0.0,1.0
fr,fictional,10_anthology,248,17,96,1,1.0,4.588235294117647,0.0,0.058823529411764705,0.0,0.0,0.0,0.0,0.0,0.0,0.0,0.0,0.0,1.0
fr,fictional,10_anthology,249,19,106,1,0.9473684210526315,4.526315789473684,0.05263157894736842,0.0,0.0,0.0,0.0,0.0,0.0,0.0,0.0,0.0,0.0,1.0
fr,fictional,11_filmschool,250,18,102,1,0.9444444444444444,4.611111111111111,0.05555555555555555,0.0,0.0,0.0,0.0,0.0,1.0,0.0,0.0,0.0,0.0,0.0
fr,fictional,11_filmschool,251,12,66,1,0.9166666666666666,4.5,0.0,0.0,0.0,0.0,0.0,0.0,0.0,0.0,0.0,1.0,0.0,0.0
fr,fictional,11_filmschool,252,14,72,1,1.0,4.0,0.0,0.0,1.0,0.0,0.0,0.0,0.0,1.0,0.0,0.0,0.0,0.0
fr,fictional,11_filmschool,253,18,105,1,0.8888888888888888,4.777777777777778,0.05555555555555555,0.0,0.0,0.0,0.0,0.0,0.0,0.0,0.0,0.0,0.0,1.0
fr,fictional,11_filmschool,254,16,90,1,0.8235294117647058,4.0588235294117645,0.125,0.0,1.0,1.0,0.0,0.0,0.0,0.0,1.0,0.0,0.0,0.0
fr,fictional,11_filmschool,255,15,93,1,1.0,5.357142857142857,0.06666666666666667,0.0,0.0,0.0,0.021505376344086023,0.0,0.0,0.0,0.0,0.0,0.0,1.0
fr,fictional,11_filmschool,256,21,120,1,0.9523809523809523,4.666666666666667,0.047619047619047616,0.0,0.0,0.0,0.0,0.0,0.0,1.0,0.0,0.0,0.0,0.0
fr,fictional,11_filmschool,257,20,118,1,0.85,4.85,0.0,0.05,0.0,0.0,0.0,0.0,0.0,0.0,0.0,0.0,0.0,1.0
fr,fictional,11_filmschool,258,12,75,1,0.9230769230769231,4.6923076923076925,0.08333333333333333,0.0,0.0,0.0,0.0,0.0,0.0,0.0,0.0,0.0,0.0,1.0
fr,fictional,11_filmschool,259,20,129,1,0.9,5.4,0.05,0.0,0.0,0.0,0.0,0.0,0.0,0.0,0.0,0.0,1.0,0.0
fr,fictional,11_filmschool,260,19,101,1,0.8947368421052632,4.315789473684211,0.0,0.0,0.0,0.0,0.0,0.0,0.0,1.0,0.0,0.0,0.0,0.0
fr,fictional,11_filmschool,261,20,124,1,0.95,5.1,0.05,0.05,0.0,0.0,0.0,0.0,0.0,0.0,0.0,0.0,0.0,1.0
fr,fictional,11_filmschool,262,16,103,1,0.9411764705882353,5.0588235294117645,0.0,0.0,0.0,0.0,0.0,0.0,0.0,0.0,0.0,1.0,0.0,0.0
fr,fictional,11_filmschool,263,20,114,1,1.0,4.6,0.1,0.0,0.0,0.0,0.0,0.0,0.0,0.0,0.0,0.0,0.0,1.0
fr,fictional,11_filmschool,264,17,106,1,1.0,5.235294117647059,0.0,0.0,0.0,0.0,0.0,0.0,0.0,0.0,0.0,0.0,1.0,0.0
fr,fictional,11_filmschool,265,17,104,1,1.0,4.823529411764706,0.058823529411764705,0.0,0.0,0.0,0.028846153846153848,0.0,0.0,0.0,0.0,0.0,0.0,1.0
fr,fictional,11_filmschool,266,18,109,1,0.8888888888888888,5.055555555555555,0.0,0.0,0.0,0.0,0.0,0.0,0.0,0.0,0.0,0.0,0.0,1.0
fr,fictional,11_filmschool,267,16,106,1,1.0,5.5,0.125,0.0,0.0,0.0,0.0,0.0,0.0,0.0,0.0,0.0,0.0,1.0
fr,fictional,11_filmschool,268,18,101,1,0.9411764705882353,4.647058823529412,0.05555555555555555,0.0,0.0,0.0,0.019801980198019802,0.0,0.0,0.0,0.0,0.0,0.0,1.0
fr,fictional,11_filmschool,269,20,116,1,1.0,4.75,0.05,0.0,0.0,0.0,0.0,0.0,0.0,1.0,0.0,0.0,0.0,0.0
fr,fictional,11_filmschool,270,15,93,1,0.9333333333333333,5.133333333333334,0.06666666666666667,0.0,0.0,0.0,0.0,0.0,0.0,0.0,0.0,0.0,1.0,0.0
fr,fictional,11_filmschool,271,21,127,1,0.9047619047619048,5.0,0.0,0.0,0.0,0.0,0.0,0.0,0.0,0.0,0.0,0.0,0.0,1.0
fr,fictional,11_filmschool,272,15,94,1,0.8666666666666667,5.2,0.0,0.06666666666666667,0.0,0.0,0.0,0.0,0.0,0.0,0.0,0.0,0.0,1.0
fr,fictional,11_filmschool,273,18,94,1,0.8888888888888888,4.166666666666667,0.05555555555555555,0.0,0.0,0.0,0.0,0.0,0.0,1.0,0.0,0.0,0.0,0.0
fr,fictional,11_filmschool,274,19,102,1,0.9444444444444444,4.111111111111111,0.05263157894736842,0.0,0.0,0.0,0.058823529411764705,0.0,0.0,0.0,0.0,0.0,0.0,1.0
fr,fictional,12_ghostwriting,275,20,113,1,0.9,4.55,0.1,0.0,0.0,0.0,0.0,0.0,1.0,0.0,0.0,0.0,0.0,0.0
fr,fictional,12_ghostwriting,276,19,101,1,1.0,4.2631578947368425,0.05263157894736842,0.0,0.0,0.0,0.0,0.0,0.0,0.0,0.0,0.0,0.0,1.0
fr,fictional,12_ghostwriting,277,19,98,3,0.9444444444444444,4.0,0.05263157894736842,0.0,1.0,1.0,0.01020408163265306,0.0,0.0,0.0,1.0,0.0,0.0,0.0
fr,fictional,12_ghostwriting,278,18,103,1,1.0,4.666666666666667,0.05555555555555555,0.0,0.0,0.0,0.0,0.0,0.0,0.0,0.0,0.0,0.0,1.0
fr,fictional,12_ghostwriting,279,17,91,1,0.8823529411764706,4.235294117647059,0.0,0.0,1.0,0.0,0.0,0.0,0.0,1.0,0.0,0.0,0.0,0.0
fr,fictional,12_ghostwriting,280,14,76,1,0.9285714285714286,4.357142857142857,0.07142857142857142,0.0,0.0,0.0,0.0,0.0,0.0,0.0,0.0,1.0,0.0,0.0
fr,fictional,12_ghostwriting,281,16,117,1,1.0,5.5,0.0,0.0,0.0,0.0,0.0,0.0,0.0,0.0,0.0,0.0,0.0,1.0
fr,fictional,12_ghostwriting,282,18,111,1,0.8333333333333334,5.055555555555555,0.05555555555555555,0.05555555555555555,0.0,0.0,0.0,0.0,0.0,0.0,0.0,0.0,0.0,1.0
fr,fictional,12_ghostwriting,283,17,109,1,0.8823529411764706,5.235294117647059,0.11764705882352941,0.0,0.0,0.0,0.0,0.0,0.0,0.0,0.0,0.0,0.0,1.0
fr,fictional,12_ghostwriting,284,16,102,1,1.0,5.3125,0.0625,0.0,0.0,0.0,0.0,0.0,0.0,0.0,0.0,0.0,0.0,1.0
fr,fictional,12_ghostwriting,285,18,87,1,0.9444444444444444,3.6666666666666665,0.05555555555555555,0.0,1.0,0.0,0.0,0.0,0.0,1.0,0.0,0.0,0.0,0.0
fr,fictional,12_ghostwriting,286,18,93,1,1.0,4.166666666666667,0.0,0.0,0.0,0.0,0.0,0.0,0.0,1.0,0.0,0.0,0.0,0.0
fr,fictional,12_ghostwriting,287,11,66,1,1.0,4.7272727272727275,0.0,0.0,1.0,0.0,0.0,0.0,0.0,0.0,0.0,0.0,0.0,1.0
fr,fictional,12_ghostwriting,288,18,113,1,0.8333333333333334,5.166666666666667,0.1111111111111111,0.0,0.0,0.0,0.0,0.0,0.0,0.0,0.0,0.0,1.0,0.0
fr,fictional,12_ghostwriting,289,14,82,1,0.8571428571428571,4.857142857142857,0.0,0.0,0.0,0.0,0.0,0.0,0.0,1.0,0.0,0.0,0.0,0.0
fr,fictional,12_ghostwriting,290,18,113,1,0.9444444444444444,5.166666666666667,0.05555555555555555,0.05555555555555555,0.0,0.0,0.0,0.0,0.0,0.0,0.0,0.0,0.0,1.0
fr,fictional,12_ghostwriting,291,17,113,1,0.9411764705882353,5.647058823529412,0.0,0.0,0.0,0.0,0.0,0.0,0.0,0.0,0.0,0.0,0.0,1.0
fr,fictional,12_ghostwriting,292,19,103,1,0.8947368421052632,4.315789473684211,0.05263157894736842,0.0,0.0,0.0,0.0,0.0,0.0,0.0,0.0,0.0,0.0,1.0
fr,fictional,12_ghostwriting,293,12,69,1,0.9166666666666666,4.25,0.16666666666666666,0.0,1.0,0.0,0.0,0.0,0.0,0.0,1.0,0.0,0.0,0.0
fr,fictional,12_ghostwriting,294,19,113,1,0.7368421052631579,4.894736842105263,0.0,0.05263157894736842,0.0,0.0,0.0,0.0,1.0,0.0,0.0,0.0,0.0,0.0
fr,fictional,12_ghostwriting,295,20,121,1,0.95,5.0,0.05,0.0,0.0,0.0,0.0,0.0,0.0,0.0,0.0,0.0,0.0,1.0
fr,fictional,12_ghostwriting,296,20,120,1,0.9,4.9,0.1,0.0,0.0,0.0,0.0,0.0,0.0,1.0,0.0,0.0,0.0,0.0
fr,fictional,12_ghostwriting,297,17,115,1,0.8823529411764706,5.588235294117647,0.058823529411764705,0.0,1.0,0.0,0.0,0.0,0.0,0.0,0.0,1.0,0.0,0.0
fr,fictional,12_ghostwriting,298,16,96,1,1.0,5.0,0.0,0.0,0.0,0.0,0.0,0.0,0.0,0.0,0.0,0.0,1.0,0.0
fr,fictional,12_ghostwriting,299,21,112,1,0.9047619047619048,4.238095238095238,0.09523809523809523,0.0,0.0,0.0,0.0,0.0,0.0,1.0,0.0,0.0,0.0,0.0
fr,fictional,01_novelist,300,22,137,1,1.0,5.136363636363637,0.09090909090909091,0.0,0.0,0.0,0.0,0.0,0.0,1.0,0.0,0.0,0.0,0.0
fr,fictional,01_novelist,301,16,80,1,0.9375,3.8125,0.0625,0.0,1.0,0.0,0.0,0.0,0.0,1.0,0.0,0.0,0.0,0.0
fr,fictional,01_novelist,302,18,120,1,0.9444444444444444,5.611111111111111,0.05555555555555555,0.0,0.0,0.0,0.0,0.0,0.0,0.0,0.0,0.0,0.0,1.0
fr,fictional,01_novelist,303,15,95,1,1.0,5.133333333333334,0.06666666666666667,0.0,1.0,0.0,0.0,0.0,0.0,0.0,0.0,0.0,0.0,1.0
fr,fictional,01_novelist,304,24,129,1,0.9583333333333334,4.375,0.0,0.0,0.0,0.0,0.0,0.0,0.0,1.0,0.0,0.0,0.0,0.0
fr,fictional,01_novelist,305,16,115,1,0.9375,5.9375,0.1875,0.0625,0.0,0.0,0.0,0.0,0.0,0.0,0.0,0.0,0.0,1.0
fr,fictional,01_novelist,306,15,98,1,0.9375,5.0625,0.13333333333333333,0.0,0.0,0.0,0.0,0.0,0.0,0.0,0.0,0.0,0.0,1.0
fr,fictional,01_novelist,307,22,125,1,0.9090909090909091,4.636363636363637,0.045454545454545456,0.0,0.0,0.0,0.0,0.0,0.0,0.0,0.0,0.0,0.0,1.0
fr,fictional,01_novelist,308,19,109,1,1.0,4.631578947368421,0.10526315789473684,0.0,0.0,0.0,0.0,0.0,0.0,0.0,0.0,0.0,0.0,1.0
fr,fictional,01_novelist,309,16,83,1,0.875,4.125,0.0625,0.0,0.0,0.0,0.0,0.0,0.0,0.0,0.0,1.0,0.0,0.0
fr,fictional,01_novelist,310,20,119,1,0.8421052631578947,5.105263157894737,0.05,0.0,0.0,1.0,0.0,0.0,0.0,0.0,0.0,0.0,0.0,1.0
fr,fictional,01_novelist,311,21,136,1,0.8947368421052632,5.368421052631579,0.14285714285714285,0.0,0.0,0.0,0.07352941176470588,0.0,1.0,0.0,0.0,0.0,0.0,0.0
fr,fictional,01_novelist,312,20,113,1,0.95,4.6,0.05,0.0,0.0,0.0,0.0,0.0,0.0,0.0,0.0,0.0,1.0,0.0
fr,fictional,01_novelist,313,17,99,1,0.8823529411764706,4.764705882352941,0.058823529411764705,0.0,0.0,0.0,0.0,0.0,0.0,0.0,0.0,0.0,1.0,0.0
fr,fictional,01_novelist,314,22,128,1,0.9545454545454546,4.7727272727272725,0.0,0.0,0.0,0.0,0.0,0.0,0.0,1.0,0.0,0.0,0.0,0.0
fr,fictional,01_novelist,315,17,115,1,0.9444444444444444,5.166666666666667,0.11764705882352941,0.0,1.0,0.0,0.0,0.0,0.0,0.0,1.0,0.0,0.0,0.0
fr,fictional,01_novelist,316,16,93,1,1.0,4.294117647058823,0.0625,0.0,1.0,0.0,0.0,0.0,0.0,0.0,0.0,0.0,0.0,1.0
fr,fictional,01_novelist,317,20,122,1,0.9,5.05,0.0,0.05,0.0,0.0,0.0,0.0,0.0,0.0,0.0,0.0,0.0,1.0
fr,fictional,01_novelist,318,18,100,1,1.0,4.444444444444445,0.1111111111111111,0.0,0.0,0.0,0.0,0.0,0.0,0.0,0.0,0.0,0.0,1.0
fr,fictional,01_novelist,319,17,105,1,0.8235294117647058,5.0588235294117645,0.058823529411764705,0.0,0.0,0.0,0.0,0.0,0.0,0.0,0.0,0.0,0.0,1.0
fr,fictional,01_novelist,320,17,108,1,0.9411764705882353,5.294117647058823,0.058823529411764705,0.0,0.0,0.0,0.0,0.0,0.0,0.0,0.0,0.0,0.0,1.0
fr,fictional,01_novelist,321,15,83,1,1.0,4.4,0.06666666666666667,0.06666666666666667,0.0,0.0,0.0,0.0,1.0,0.0,0.0,0.0,0.0,0.0
fr,fictional,01_novelist,322,19,122,1,0.9473684210526315,5.368421052631579,0.05263157894736842,0.0,0.0,0.0,0.0,0.0,0.0,0.0,0.0,0.0,0.0,1.0
fr,fictional,01_novelist,323,18,130,1,1.0,6.055555555555555,0.16666666666666666,0.0,0.0,0.0,0.0,0.0,0.0,0.0,0.0,0.0,0.0,1.0
fr,fictional,01_novelist,324,22,135,1,0.9545454545454546,5.090909090909091,0.045454545454545456,0.0,0.0,0.0,0.0,0.0,0.0,0.0,0.0,0.0,0.0,1.0
fr,fictional,02_screenwriting,325,23,142,1,0.9130434782608695,5.130434782608695,0.043478260869565216,0.0,0.0,0.0,0.0,0.0,1.0,0.0,0.0,0.0,0.0,0.0
fr,fictional,02_screenwriting,326,19,106,1,0.8421052631578947,4.526315789473684,0.05263157894736842,0.0,0.0,0.0,0.0,0.0,0.0,0.0,0.0,1.0,0.0,0.0
fr,fictional,02_screenwriting,327,15,95,1,0.875,4.875,0.0,0.06666666666666667,0.0,0.0,0.0,0.0,0.0,0.0,0.0,0.0,0.0,1.0
fr,fictional,02_screenwriting,328,23,136,1,0.9090909090909091,5.045454545454546,0.043478260869565216,0.0,0.0,1.0,0.0,0.0,0.0,0.0,0.0,0.0,0.0,1.0
fr,fictional,02_screenwriting,329,22,122,1,0.8636363636363636,4.5,0.0,0.0,0.0,0.0,0.0,0.0,0.0,0.0,0.0,0.0,0.0,1.0
fr,fictional,02_screenwriting,330,21,135,1,0.8095238095238095,5.142857142857143,0.09523809523809523,0.0,1.0,0.0,0.0,0.0,0.0,0.0,1.0,0.0,0.0,0.0
fr,fictional,02_screenwriting,331,22,128,1,0.9090909090909091,4.7272727272727275,0.045454545454545456,0.0,0.0,0.0,0.0,0.0,0.0,1.0,0.0,0.0,0.0,0.0
fr,fictional,02_screenwriting,332,20,123,1,0.8947368421052632,5.315789473684211,0.05,0.0,0.0,1.0,0.0,0.0,0.0,0.0,0.0,0.0,1.0,0.0
fr,fictional,02_screenwriting,333,21,118,1,0.9047619047619048,4.523809523809524,0.047619047619047616,0.047619047619047616,0.0,0.0,0.0,0.0,0.0,0.0,0.0,0.0,0.0,1.0
fr,fictional,02_screenwriting,334,21,113,1,0.9523809523809523,4.333333333333333,0.047619047619047616,0.0,0.0,0.0,0.0,0.0,0.0,0.0,0.0,1.0,0.0,0.0
fr,fictional,02_screenwriting,335,22,126,1,0.9090909090909091,4.681818181818182,0.045454545454545456,0.0,0.0,0.0,0.0,0.0,0.0,0.0,0.0,0.0,0.0,1.0
fr,fictional,02_screenwriting,336,21,124,1,0.9523809523809523,4.809523809523809,0.0,0.0,0.0,1.0,0.0,0.0,0.0,0.0,0.0,0.0,0.0,1.0
fr,fictional,02_screenwriting,337,15,92,1,0.9333333333333333,4.866666666666666,0.2,0.0,0.0,0.0,0.0,0.0,0.0,0.0,0.0,0.0,0.0,1.0
fr,fictional,02_screenwriting,338,21,142,1,1.0,5.409090909090909,0.047619047619047616,0.0,0.0,0.0,0.0,0.0,0.0,0.0,0.0,0.0,0.0,1.0
fr,fictional,02_screenwriting,339,21,121,1,0.85,4.8,0.047619047619047616,0.0,1.0,1.0,0.0,0.0,0.0,0.0,0.0,0.0,1.0,0.0
fr,fictional,02_screenwriting,340,24,134,1,0.875,4.458333333333333,0.041666666666666664,0.0,0.0,1.0,0.0,0.0,0.0,0.0,0.0,0.0,0.0,1.0
fr,fictional,02_screenwriting,341,21,136,1,0.9047619047619048,5.333333333333333,0.09523809523809523,0.047619047619047616,0.0,0.0,0.0,0.0,0.0,0.0,0.0,0.0,0.0,1.0
fr,fictional,02_screenwriting,342,21,104,1,0.8571428571428571,3.9523809523809526,0.0,0.0,0.0,0.0,0.0,0.0,0.0,0.0,0.0,1.0,0.0,0.0
fr,fictional,02_screenwriting,343,20,122,1,0.95,5.05,0.0,0.0,0.0,0.0,0.0,0.0,0.0,0.0,0.0,0.0,0.0,1.0
fr,fictional,02_screenwriting,344,29,174,1,0.8214285714285714,5.071428571428571,0.06896551724137931,0.0,0.0,1.0,0.0,0.0,0.0,0.0,0.0,0.0,1.0,0.0
fr,fictional,02_screenwriting,345,20,128,1,0.9,5.25,0.1,0.0,0.0,0.0,0.0,0.0,0.0,0.0,0.0,0.0,0.0,1.0
fr,fictional,02_screenwriting,346,20,118,1,0.95,4.85,0.05,0.0,0.0,0.0,0.0,0.0,0.0,0.0,0.0,0.0,0.0,1.0
fr,fictional,02_screenwriting,347,20,131,1,0.95,5.3,0.05,0.0,1.0,1.0,0.0,0.0,0.0,0.0,1.0,0.0,0.0,0.0
fr,fictional,02_screenwriting,348,21,128,1,0.9523809523809523,4.904761904761905,0.14285714285714285,0.0,0.0,0.0,0.0,0.0,0.0,0.0,0.0,0.0,1.0,0.0
fr,fictional,02_screenwriting,349,17,104,1,0.8823529411764706,4.882352941176471,0.17647058823529413,0.0,0.0,0.0,0.0,0.0,0.0,0.0,0.0,0.0,0.0,1.0
fr,fictional,03_tabletop,350,19,117,1,0.8421052631578947,5.105263157894737,0.05263157894736842,0.0,0.0,0.0,0.0,0.0,1.0,0.0,0.0,0.0,0.0,0.0
fr,fictional,03_tabletop,351,15,103,1,1.0,5.375,0.06666666666666667,0.0,0.0,0.0,0.0,0.0,0.0,0.0,0.0,0.0,0.0,1.0
fr,fictional,03_tabletop,352,17,114,1,0.9411764705882353,5.647058823529412,0.058823529411764705,0.0,0.0,0.0,0.0,0.0,0.0,0.0,0.0,1.0,0.0,0.0
fr,fictional,03_tabletop,353,20,104,1,1.0,4.0,0.1,0.0,1.0,0.0,0.0,0.0,0.0,1.0,0.0,0.0,0.0,0.0
fr,fictional,03_tabletop,354,19,110,1,0.9473684210526315,4.7894736842105265,0.0,0.0,0.0,0.0,0.0,0.0,0.0,0.0,0.0,0.0,0.0,1.0
fr,fictional,03_tabletop,355,21,134,1,0.9047619047619048,5.333333333333333,0.0,0.047619047619047616,0.0,0.0,0.0,0.0,0.0,0.0,0.0,0.0,0.0,1.0
fr,fictional,03_tabletop,356,15,94,1,0.9375,4.875,0.0,0.0,0.0,0.0,0.0,0.0,0.0,0.0,0.0,1.0,0.0,0.0
fr,fictional,03_tabletop,357,20,113,1,0.7894736842105263,4.7894736842105265,0.05,0.0,0.0,1.0,0.0,0.0,0.0,0.0,0.0,0.0,0.0,1.0
fr,fictional,03_tabletop,358,20,118,1,0.9,4.6,0.1,0.0,1.0,0.0,0.0,0.0,0.0,0.0,1.0,0.0,0.0,0.0
fr,fictional,03_tabletop,359,18,116,1,1.0,5.333333333333333,0.1111111111111111,0.0,0.0,0.0,0.0,0.0,0.0,0.0,0.0,0.0,0.0,1.0
fr,fictional,03_tabletop,360,25,137,1,0.96,4.44,0.04,0.0,0.0,0.0,0.0,0.0,0.0,1.0,0.0,0.0,0.0,0.0
fr,fictional,03_tabletop,361,18,97,1,0.9444444444444444,4.222222222222222,0.1111111111111111,0.0,0.0,0.0,0.0,0.0,0.0,0.0,0.0,0.0,0.0,1.0
fr,fictional,03_tabletop,362,21,130,1,0.8095238095238095,5.142857142857143,0.047619047619047616,0.0,0.0,0.0,0.0,0.0,0.0,0.0,0.0,0.0,1.0,0.0
fr,fictional,03_tabletop,363,13,86,1,1.0,5.461538461538462,0.07692307692307693,0.0,0.0,0.0,0.0,0.0,0.0,0.0,0.0,0.0,0.0,1.0
fr,fictional,03_tabletop,364,16,115,1,0.875,6.125,0.0625,0.0,0.0,0.0,0.0,0.0,0.0,0.0,0.0,0.0,0.0,1.0
fr,fictional,03_tabletop,365,20,115,1,0.95,4.55,0.1,0.0,1.0,0.0,0.0,0.0,0.0,0.0,0.0,1.0,0.0,0.0
fr,fictional,03_tabletop,366,17,100,1,0.9411764705882353,4.823529411764706,0.058823529411764705,0.0,0.0,0.0,0.0,0.0,0.0,0.0,0.0,0.0,0.0,1.0
fr,fictional,03_tabletop,367,21,124,1,0.9523809523809523,4.857142857142857,0.047619047619047616,0.0,0.0,0.0,0.0,0.0,0.0,0.0,0.0,0.0,0.0,1.0
fr,fictional,03_tabletop,368,23,139,1,0.782608695652174,4.913043478260869,0.08695652173913043,0.0,0.0,0.0,0.0,0.0,0.0,0.0,0.0,0.0,0.0,1.0
fr,fictional,03_tabletop,369,17,111,1,0.9411764705882353,5.470588235294118,0.0,0.058823529411764705,0.0,0.0,0.0,0.0,1.0,0.0,0.0,0.0,0.0,0.0
fr,fictional,03_tabletop,370,20,124,1,0.9,5.15,0.05,0.0,0.0,0.0,0.0,0.0,0.0,0.0,0.0,0.0,1.0,0.0
fr,fictional,03_tabletop,371,18,98,1,0.8947368421052632,4.052631578947368,0.05555555555555555,0.0,0.0,0.0,0.0,0.0,0.0,0.0,0.0,0.0,0.0,1.0
fr,fictional,03_tabletop,372,18,103,1,0.8888888888888888,4.611111111111111,0.1111111111111111,0.0,0.0,0.0,0.0,0.0,0.0,0.0,0.0,0.0,0.0,1.0
fr,fictional,03_tabletop,373,20,117,1,0.7619047619047619,4.428571428571429,0.05,0.0,1.0,0.0,0.0,0.0,0.0,0.0,0.0,0.0,1.0,0.0
fr,fictional,03_tabletop,374,20,109,1,0.8947368421052632,4.526315789473684,0.1,0.0,0.0,1.0,0.0,0.0,0.0,1.0,0.0,0.0,0.0,0.0
fr,fictional,04_fanfic,375,21,136,1,1.0,5.333333333333333,0.14285714285714285,0.0,0.0,0.0,0.0,0.0,0.0,0.0,0.0,0.0,0.0,1.0
fr,fictional,04_fanfic,376,20,115,1,0.9,4.7,0.05,0.0,0.0,0.0,0.0,0.0,0.0,1.0,0.0,0.0,0.0,0.0
fr,fictional,04_fanfic,377,20,121,1,1.0,5.0,0.05,0.0,0.0,0.0,0.0,0.0,0.0,0.0,0.0,1.0,0.0,0.0
fr,fictional,04_fanfic,378,20,133,1,1.0,5.190476190476191,0.05,0.05,0.0,0.0,0.0,0.0,0.0,0.0,0.0,0.0,0.0,1.0
fr,fictional,04_fanfic,379,19,95,1,0.8947368421052632,3.8947368421052633,0.0,0.05263157894736842,0.0,0.0,0.010526315789473684,0.0,0.0,0.0,0.0,0.0,0.0,1.0
fr,fictional,04_fanfic,380,17,127,1,0.8823529411764706,6.411764705882353,0.058823529411764705,0.0,0.0,0.0,0.0,0.0,0.0,0.0,0.0,0.0,0.0,1.0
fr,fictional,04_fanfic,381,24,133,1,0.9130434782608695,4.6521739130434785,0.041666666666666664,0.0,0.0,1.0,0.0,0.0,0.0,1.0,0.0,0.0,0.0,0.0
fr,fictional,04_fanfic,382,19,145,1,1.0,6.05,0.15789473684210525,0.0,0.0,0.0,0.0,0.0,0.0,0.0,0.0,0.0,0.0,1.0
fr,fictional,04_fanfic,383,18,101,1,1.0,4.611111111111111,0.0,0.0,0.0,0.0,0.0,0.0,1.0,0.0,0.0,0.0,0.0,0.0
fr,fictional,04_fanfic,384,21,129,1,0.9523809523809523,5.095238095238095,0.047619047619047616,0.0,0.0,0.0,0.0,0.0,0.0,0.0,0.0,0.0,0.0,1.0
fr,fictional,04_fanfic,385,18,94,1,1.0,4.166666666666667,0.05555555555555555,0.0,0.0,0.0,0.0,0.0,0.0,0.0,0.0,0.0,1.0,0.0
fr,fictional,04_fanfic,386,19,133,1,1.0,5.45,0.05263157894736842,0.0,0.0,0.0,0.015037593984962405,0.0,0.0,0.0,0.0,0.0,0.0,1.0
fr,fictional,04_fanfic,387,18,114,1,0.9473684210526315,5.0,0.0,0.0,0.0,0.0,0.0,0.0,0.0,0.0,0.0,0.0,0.0,1.0
fr,fictional,04_fanfic,388,19,98,1,0.9473684210526315,3.9473684210526314,0.10526315789473684,0.0,1.0,0.0,0.0,0.0,0.0,0.0,1.0,0.0,0.0,0.0
fr,fictional,04_fanfic,389,20,109,1,0.9,4.4,0.05,0.0,0.0,0.0,0.0,0.0,0.0,0.0,0.0,0.0,0.0,1.0
fr,fictional,04_fanfic,390,23,145,1,0.9583333333333334,4.958333333333333,0.043478260869565216,0.0,0.0,0.0,0.0,0.0,0.0,0.0,0.0,0.0,0.0,1.0
fr,fictional,04_fanfic,391,16,106,1,1.0,5.625,0.0,0.0,0.0,0.0,0.0,0.0,0.0,0.0,0.0,0.0,0.0,1.0
fr,fictional,04_fanfic,392,14,105,1,0.875,5.375,0.14285714285714285,0.0,0.0,0.0,0.0,0.0,0.0,0.0,0.0,0.0,0.0,1.0
fr,fictional,04_fanfic,393,21,138,1,0.9047619047619048,5.523809523809524,0.047619047619047616,0.0,0.0,0.0,0.0,0.0,0.0,0.0,0.0,0.0,1.0,0.0
fr,fictional,04_fanfic,394,18,116,1,0.9444444444444444,5.444444444444445,0.0,0.0,0.0,0.0,0.0,0.0,0.0,0.0,0.0,0.0,0.0,1.0
fr,fictional,04_fanfic,395,18,94,1,0.9444444444444444,4.166666666666667,0.05555555555555555,0.0,0.0,0.0,0.0,0.0,0.0,0.0,0.0,1.0,0.0,0.0
fr,fictional,04_fanfic,396,19,126,1,0.7894736842105263,5.473684210526316,0.05263157894736842,0.0,0.0,1.0,0.0,0.0,0.0,0.0,0.0,0.0,0.0,1.0
fr,fictional,04_fanfic,397,21,131,1,0.9047619047619048,5.142857142857143,0.0,0.047619047619047616,0.0,0.0,0.007633587786259542,0.0,0.0,0.0,0.0,0.0,0.0,1.0
fr,fictional,04_fanfic,398,18,96,1,1.0,4.333333333333333,0.0,0.0,0.0,0.0,0.0,0.0,0.0,1.0,0.0,0.0,0.0,0.0
fr,fictional,04_fanfic,399,21,116,1,0.9523809523809523,4.476190476190476,0.0,0.047619047619047616,0.0,0.0,0.0,0.0,0.0,0.0,0.0,0.0,0.0,1.0
fr,fictional,05_theater,400,19,109,1,0.8947368421052632,4.684210526315789,0.05263157894736842,0.0,0.0,0.0,0.0,0.0,1.0,0.0,0.0,0.0,0.0,0.0
fr,fictional,05_theater,401,19,113,1,0.8421052631578947,4.842105263157895,0.10526315789473684,0.0,0.0,0.0,0.0,0.0,0.0,0.0,0.0,0.0,1.0,0.0
fr,fictional,05_theater,402,19,100,1,0.8947368421052632,4.2105263157894735,0.05263157894736842,0.0,0.0,0.0,0.0,0.0,0.0,0.0,0.0,1.0,0.0,0.0
fr,fictional,05_theater,403,19,108,1,0.8947368421052632,4.631578947368421,0.0,0.0,0.0,0.0,0.0,0.0,0.0,0.0,0.0,0.0,0.0,1.0
fr,fictional,05_theater,404,17,100,1,0.875,5.0625,0.0,0.0,0.0,0.0,0.02,0.0,0.0,0.0,0.0,0.0,0.0,1.0
fr,fictional,05_theater,405,19,103,1,0.8421052631578947,4.105263157894737,0.05263157894736842,0.05263157894736842,1.0,0.0,0.0,0.0,0.0,0.0,1.0,0.0,0.0,0.0
fr,fictional,05_theater,406,17,115,1,1.0,5.705882352941177,0.058823529411764705,0.0,0.0,0.0,0.0,0.0,0.0,0.0,0.0,0.0,0.0,1.0
fr,fictional,05_theater,407,17,101,1,1.0,5.125,0.058823529411764705,0.0,0.0,1.0,0.0,0.0,0.0,0.0,0.0,0.0,0.0,1.0
fr,fictional,05_theater,408,18,113,1,0.8888888888888888,5.222222222222222,0.05555555555555555,0.0,0.0,0.0,0.0,0.0,0.0,0.0,0.0,0.0,1.0,0.0
fr,fictional,05_theater,409,18,117,1,0.9444444444444444,5.5,0.0,0.0,0.0,0.0,0.0,0.0,0.0,0.0,0.0,0.0,0.0,1.0
fr,fictional,05_theater,410,19,120,1,0.8947368421052632,5.2631578947368425,0.05263157894736842,0.0,0.0,0.0,0.0,0.0,0.0,0.0,0.0,0.0,0.0,1.0
fr,fictional,05_theater,411,20,103,1,0.95,4.05,0.1,0.0,0.0,0.0,0.0,0.0,0.0,1.0,0.0,0.0,0.0,0.0
fr,fictional,05_theater,412,16,98,1,0.875,5.0625,0.0625,0.0,0.0,0.0,0.0,0.0,0.0,0.0,0.0,0.0,0.0,1.0
fr,fictional,05_theater,413,19,108,1,0.9473684210526315,4.684210526315789,0.0,0.0,0.0,0.0,0.0,0.0,0.0,1.0,0.0,0.0,0.0,0.0
fr,fictional,05_theater,414,15,81,1,0.9333333333333333,4.4,0.0,0.0,0.0,0.0,0.0,0.0,0.0,0.0,0.0,1.0,0.0,0.0
fr,fictional,05_theater,415,19,103,1,1.0,4.388888888888889,0.15789473684210525,0.0,0.0,1.0,0.0,0.0,0.0,0.0,0.0,0.0,0.0,1.0
fr,fictional,05_theater,416,18,112,1,0.8888888888888888,5.166666666666667,0.05555555555555555,0.0,0.0,0.0,0.0,0.0,0.0,1.0,0.0,0.0,0.0,0.0
fr,fictional,05_theater,417,18,115,1,0.9444444444444444,5.333333333333333,0.05555555555555555,0.0,0.0,0.0,0.0,0.0,0.0,0.0,0.0,0.0,1.0,0.0
fr,fictional,05_theater,418,19,129,1,0.9473684210526315,5.7368421052631575,0.05263157894736842,0.0,0.0,0.0,0.0,0.0,0.0,0.0,0.0,0.0,1.0,0.0
fr,fictional,05_theater,419,19,107,1,0.8947368421052632,4.631578947368421,0.0,0.0,0.0,0.0,0.0,0.0,0.0,1.0,0.0,0.0,0.0,0.0
fr,fictional,05_theater,420,18,116,1,0.8888888888888888,5.388888888888889,0.0,0.05555555555555555,0.0,0.0,0.0,0.0,0.0,0.0,0.0,0.0,0.0,1.0
fr,fictional,05_theater,421,19,103,1,0.8947368421052632,4.052631578947368,0.15789473684210525,0.0,1.0,0.0,0.0,0.0,0.0,0.0,1.0,0.0,0.0,0.0
fr,fictional,05_theater,422,20,117,1,0.9,4.8,0.0,0.05,0.0,0.0,0.0,0.0,0.0,0.0,0.0,0.0,0.0,1.0
fr,fictional,05_theater,423,19,111,1,0.8421052631578947,4.684210526315789,0.10526315789473684,0.0,0.0,0.0,0.0,0.0,0.0,0.0,0.0,0.0,0.0,1.0
fr,fictional,05_theater,424,19,102,1,0.95,4.05,0.05263157894736842,0.0,0.0,0.0,0.0,0.0,0.0,0.0,0.0,0.0,0.0,1.0
fr,fictional,06_gamedesign,425,24,147,1,0.84,4.88,0.0,0.0,0.0,1.0,0.0,0.0,0.0,0.0,0.0,0.0,0.0,1.0
fr,fictional,06_gamedesign,426,23,132,1,0.875,4.416666666666667,0.043478260869565216,0.0,0.0,0.0,0.007575757575757576,0.0,1.0,0.0,0.0,0.0,0.0,0.0
fr,fictional,06_gamedesign,427,19,112,1,0.9473684210526315,4.842105263157895,0.05263157894736842,0.0,0.0,0.0,0.0,0.0,0.0,0.0,0.0,1.0,0.0,0.0
fr,fictional,06_gamedesign,428,22,145,1,0.9130434782608695,5.304347826086956,0.0,0.0,0.0,0.0,0.0,0.0,0.0,0.0,0.0,0.0,0.0,1.0
fr,fictional,06_gamedesign,429,17,112,1,1.0,5.111111111111111,0.058823529411764705,0.0,0.0,0.0,0.0,0.0,0.0,0.0,0.0,0.0,0.0,1.0
fr,fictional,06_gamedesign,430,19,101,1,0.9473684210526315,4.2631578947368425,0.05263157894736842,0.0,0.0,0.0,0.0,0.0,0.0,0.0,0.0,1.0,0.0,0.0
fr,fictional,06_gamedesign,431,19,122,1,0.9090909090909091,4.5,0.05263157894736842,0.0,0.0,0.0,0.0,0.0,0.0,0.0,0.0,0.0,0.0,1.0
fr,fictional,06_gamedesign,432,17,106,1,0.9411764705882353,5.117647058823529,0.058823529411764705,0.058823529411764705,0.0,0.0,0.0,0.0,0.0,0.0,0.0,0.0,0.0,1.0
fr,fictional,06_gamedesign,433,23,143,1,0.9166666666666666,4.916666666666667,0.043478260869565216,0.0,0.0,0.0,0.0,0.0,0.0,1.0,0.0,0.0,0.0,0.0
fr,fictional,06_gamedesign,434,17,118,1,0.9411764705882353,5.882352941176471,0.058823529411764705,0.0,0.0,0.0,0.0,0.0,0.0,0.0,0.0,0.0,1.0,0.0
fr,fictional,06_gamedesign,435,19,106,1,0.95,4.1,0.10526315789473684,0.0,1.0,0.0,0.0,0.0,0.0,0.0,1.0,0.0,0.0,0.0
fr,fictional,06_gamedesign,436,19,130,1,0.9130434782608695,4.608695652173913,0.0,0.0,0.0,0.0,0.007692307692307693,0.0,0.0,1.0,0.0,0.0,0.0,0.0
fr,fictional,06_gamedesign,437,18,123,1,1.0,5.1,0.05555555555555555,0.0,0.0,0.0,0.0,0.0,0.0,0.0,0.0,0.0,0.0,1.0
fr,fictional,06_gamedesign,438,20,109,1,0.85,4.4,0.05,0.0,0.0,0.0,0.0,0.0,0.0,0.0,0.0,0.0,0.0,1.0
fr,fictional,06_gamedesign,439,25,151,1,0.9615384615384616,4.769230769230769,0.04,0.0,0.0,0.0,0.0,0.0,0.0,0.0,0.0,0.0,1.0,0.0
fr,fictional,06_gamedesign,440,23,140,1,0.88,4.56,0.043478260869565216,0.0,0.0,1.0,0.0,0.0,0.0,0.0,0.0,0.0,0.0,1.0
fr,fictional,06_gamedesign,441,20,128,1,0.95,5.3,0.05,0.0,0.0,0.0,0.0,0.0,0.0,0.0,0.0,0.0,0.0,1.0
fr,fictional,06_gamedesign,442,22,128,1,0.9090909090909091,4.7272727272727275,0.045454545454545456,0.045454545454545456,0.0,0.0,0.0,0.0,0.0,0.0,0.0,0.0,0.0,1.0
fr,fictional,06_gamedesign,443,26,149,1,0.8888888888888888,4.407407407407407,0.11538461538461539,0.0,0.0,0.0,0.0,0.0,0.0,0.0,0.0,0.0,0.0,1.0
fr,fictional,06_gamedesign,444,20,108,2,0.9444444444444444,4.444444444444445,0.05,0.0,1.0,0.0,0.037037037037037035,0.0,0.0,0.0,1.0,0.0,0.0,0.0
fr,fictional,06_gamedesign,445,21,132,1,0.9523809523809523,5.238095238095238,0.047619047619047616,0.0,0.0,0.0,0.0,0.0,0.0,0.0,0.0,0.0,0.0,1.0
fr,fictional,06_gamedesign,446,23,133,1,0.9565217391304348,4.739130434782608,0.0,0.043478260869565216,0.0,0.0,0.0,0.0,0.0,0.0,0.0,0.0,0.0,1.0
fr,fictional,06_gamedesign,447,21,137,1,0.8571428571428571,5.476190476190476,0.047619047619047616,0.0,0.0,0.0,0.0,0.0,0.0,0.0,0.0,0.0,0.0,1.0
fr,fictional,06_gamedesign,448,24,143,1,0.875,4.916666666666667,0.041666666666666664,0.0,0.0,0.0,0.0,0.0,0.0,0.0,0.0,0.0,1.0,0.0
fr,fictional,06_gamedesign,449,22,138,1,1.0,4.956521739130435,0.045454545454545456,0.0,0.0,0.0,0.0,0.0,0.0,0.0,0.0,0.0,1.0,0.0
fr,fictional,07_mfa,450,21,129,1,0.9047619047619048,5.095238095238095,0.047619047619047616,0.0,0.0,0.0,0.0,0.0,0.0,0.0,0.0,0.0,0.0,1.0
fr,fictional,07_mfa,451,26,153,2,0.8461538461538461,4.769230769230769,0.038461538461538464,0.038461538461538464,0.0,0.0,0.0,0.0,0.0,0.0,0.0,0.0,0.0,1.0
fr,fictional,07_mfa,452,22,124,1,0.8181818181818182,4.590909090909091,0.045454545454545456,0.0,0.0,0.0,0.0,0.0,0.0,0.0,0.0,1.0,0.0,0.0
fr,fictional,07_mfa,453,17,109,1,1.0,5.117647058823529,0.058823529411764705,0.0,0.0,0.0,0.027522935779816515,0.0,0.0,0.0,0.0,0.0,1.0,0.0
fr,fictional,07_mfa,454,18,112,1,1.0,5.166666666666667,0.05555555555555555,0.0,0.0,0.0,0.0,0.0,0.0,1.0,0.0,0.0,0.0,0.0
fr,fictional,07_mfa,455,21,142,1,1.0,5.666666666666667,0.09523809523809523,0.0,0.0,0.0,0.0,0.0,1.0,0.0,0.0,0.0,0.0,0.0
fr,fictional,07_mfa,456,23,140,1,0.8695652173913043,4.956521739130435,0.13043478260869565,0.0,0.0,0.0,0.0,0.0,0.0,0.0,0.0,0.0,0.0,1.0
fr,fictional,07_mfa,457,19,119,1,1.0,5.388888888888889,0.10526315789473684,0.0,0.0,1.0,0.0,0.0,0.0,0.0,0.0,0.0,0.0,1.0
fr,fictional,07_mfa,458,22,138,1,0.8636363636363636,5.136363636363637,0.09090909090909091,0.0,0.0,0.0,0.0,0.0,0.0,0.0,0.0,0.0,1.0,0.0
fr,fictional,07_mfa,459,19,115,2,1.0,5.294117647058823,0.05263157894736842,0.0,1.0,1.0,0.0,0.0,0.0,0.0,0.0,0.0,0.0,1.0
fr,fictional,07_mfa,460,16,83,1,1.0,4.1875,0.0,0.0,0.0,0.0,0.0,0.0,0.0,1.0,0.0,0.0,0.0,0.0
fr,fictional,07_mfa,461,20,123,1,0.9523809523809523,4.761904761904762,0.1,0.0,0.0,0.0,0.0,0.0,0.0,0.0,0.0,0.0,0.0,1.0
fr,fictional,07_mfa,462,13,76,1,0.9230769230769231,4.846153846153846,0.0,0.0,0.0,0.0,0.0,0.0,0.0,0.0,0.0,0.0,0.0,1.0
fr,fictional,07_mfa,463,22,152,1,0.9545454545454546,5.818181818181818,0.09090909090909091,0.0,0.0,0.0,0.0,0.0,0.0,0.0,0.0,0.0,0.0,1.0
fr,fictional,07_mfa,464,15,86,1,0.7142857142857143,4.642857142857143,0.06666666666666667,0.0,0.0,0.0,0.03488372093023256,0.0,0.0,0.0,0.0,0.0,1.0,0.0
fr,fictional,07_mfa,465,15,91,1,1.0,5.066666666666666,0.0,0.0,0.0,0.0,0.0,0.0,0.0,0.0,0.0,0.0,0.0,1.0
fr,fictional,07_mfa,466,25,145,1,0.9166666666666666,4.875,0.08,0.0,0.0,1.0,0.0,0.0,0.0,0.0,0.0,0.0,0.0,1.0
fr,fictional,07_mfa,467,19,112,1,1.0,4.7368421052631575,0.15789473684210525,0.0,0.0,0.0,0.0,0.0,0.0,0.0,0.0,0.0,0.0,1.0
fr,fictional,07_mfa,468,18,100,1,1.0,4.5,0.0,0.05555555555555555,0.0,0.0,0.0,0.0,1.0,0.0,0.0,0.0,0.0,0.0
fr,fictional,07_mfa,469,15,96,1,0.9333333333333333,5.266666666666667,0.13333333333333333,0.0,0.0,0.0,0.0,0.0,0.0,0.0,0.0,0.0,0.0,1.0
fr,fictional,07_mfa,470,20,131,1,0.85,5.45,0.1,0.0,0.0,0.0,0.0,0.0,0.0,0.0,0.0,0.0,0.0,1.0
fr,fictional,07_mfa,471,22,140,1,0.9545454545454546,5.318181818181818,0.0,0.0,0.0,0.0,0.0,0.0,0.0,0.0,0.0,0.0,0.0,1.0
fr,fictional,07_mfa,472,23,123,1,0.9130434782608695,4.260869565217392,0.08695652173913043,0.0,0.0,0.0,0.0,0.0,0.0,0.0,0.0,0.0,0.0,1.0
fr,fictional,07_mfa,473,22,121,1,0.9090909090909091,4.454545454545454,0.045454545454545456,0.0,0.0,0.0,0.0,0.0,0.0,0.0,0.0,0.0,0.0,1.0
fr,fictional,07_mfa,474,21,123,1,1.0,4.761904761904762,0.09523809523809523,0.0,0.0,0.0,0.0,0.0,0.0,0.0,0.0,0.0,0.0,1.0
fr,fictional,08_comics,475,23,122,1,0.9130434782608695,4.173913043478261,0.043478260869565216,0.0,0.0,1.0,0.0,0.0,0.0,0.0,0.0,0.0,0.0,1.0
fr,fictional,08_comics,476,20,133,1,0.9047619047619048,5.285714285714286,0.0,0.05,0.0,0.0,0.0,0.0,0.0,0.0,0.0,0.0,0.0,1.0
fr,fictional,08_comics,477,20,112,1,0.95,4.6,0.0,0.0,0.0,0.0,0.0,0.0,0.0,1.0,0.0,0.0,0.0,0.0
fr,fictional,08_comics,478,20,112,1,0.8947368421052632,4.631578947368421,0.1,0.0,0.0,1.0,0.0,0.0,0.0,0.0,0.0,0.0,0.0,1.0
fr,fictional,08_comics,479,19,97,1,0.8421052631578947,4.052631578947368,0.05263157894736842,0.0,0.0,0.0,0.0,0.0,0.0,0.0,0.0,1.0,0.0,0.0
fr,fictional,08_comics,480,20,119,1,0.8,4.95,0.0,0.0,0.0,0.0,0.0,0.0,1.0,0.0,0.0,0.0,0.0,0.0
fr,fictional,08_comics,481,22,126,1,0.9545454545454546,4.636363636363637,0.09090909090909091,0.0,0.0,0.0,0.0,0.0,0.0,0.0,0.0,0.0,1.0,0.0
fr,fictional,08_comics,482,14,82,1,0.9285714285714286,4.714285714285714,0.07142857142857142,0.0,0.0,0.0,0.0,0.0,0.0,0.0,0.0,0.0,0.0,1.0
fr,fictional,08_comics,483,19,117,1,0.95,4.85,0.0,0.0,0.0,0.0,0.0,0.0,0.0,1.0,0.0,0.0,0.0,0.0
fr,fictional,08_comics,484,20,108,1,0.8947368421052632,4.578947368421052,0.0,0.0,0.0,1.0,0.0,0.0,0.0,0.0,0.0,0.0,0.0,1.0
fr,fictional,08_comics,485,23,140,1,0.8695652173913043,5.0,0.08695652173913043,0.0,0.0,0.0,0.0,0.0,0.0,0.0,0.0,0.0,1.0,0.0
fr,fictional,08_comics,486,19,103,1,0.8421052631578947,4.315789473684211,0.05263157894736842,0.05263157894736842,0.0,0.0,0.0,0.0,0.0,0.0,0.0,0.0,0.0,1.0
fr,fictional,08_comics,487,18,114,1,0.8421052631578947,4.894736842105263,0.1111111111111111,0.0,0.0,0.0,0.0,0.0,0.0,0.0,0.0,0.0,0.0,1.0
fr,fictional,08_comics,488,19,111,1,0.9,4.35,0.15789473684210525,0.0,0.0,0.0,0.0,0.0,1.0,0.0,0.0,0.0,0.0,0.0
fr,fictional,08_comics,489,21,132,1,0.9523809523809523,5.238095238095238,0.0,0.047619047619047616,0.0,0.0,0.0,0.0,0.0,0.0,0.0,0.0,0.0,1.0
fr,fictional,08_comics,490,19,101,1,0.9,4.0,0.05263157894736842,0.0,0.0,0.0,0.0,0.0,0.0,0.0,0.0,1.0,0.0,0.0
fr,fictional,08_comics,491,20,134,1,0.8571428571428571,5.238095238095238,0.1,0.0,0.0,0.0,0.0,0.0,0.0,0.0,0.0,0.0,0.0,1.0
fr,fictional,08_comics,492,22,135,1,0.8636363636363636,5.045454545454546,0.09090909090909091,0.0,0.0,0.0,0.0,0.0,0.0,0.0,0.0,0.0,1.0,0.0
fr,fictional,08_comics,493,21,117,1,0.8571428571428571,4.523809523809524,0.047619047619047616,0.0,0.0,0.0,0.0,0.0013605442176870747,0.0,0.0,0.0,0.0,0.0,1.0
fr,fictional,08_comics,494,21,129,1,0.9047619047619048,5.095238095238095,0.047619047619047616,0.0,0.0,0.0,0.0,0.0,0.0,0.0,0.0,0.0,0.0,1.0
fr,fictional,08_comics,495,16,99,1,0.8823529411764706,4.823529411764706,0.0,0.0,0.0,0.0,0.0,0.0,0.0,0.0,0.0,0.0,0.0,1.0
fr,fictional,08_comics,496,19,118,1,0.8421052631578947,5.157894736842105,0.05263157894736842,0.0,0.0,0.0,0.0,0.0,0.0,0.0,0.0,0.0,0.0,1.0
fr,fictional,08_comics,497,20,105,1,0.8947368421052632,4.315789473684211,0.1,0.0,0.0,1.0,0.0,0.0,0.0,0.0,0.0,1.0,0.0,0.0
fr,fictional,08_comics,498,17,103,1,0.7647058823529411,4.9411764705882355,0.11764705882352941,0.0,0.0,0.0,0.0,0.0,0.0,0.0,0.0,0.0,0.0,1.0
fr,fictional,08_comics,499,22,139,1,0.9130434782608695,4.913043478260869,0.09090909090909091,0.0,0.0,0.0,0.0,0.0,0.0,0.0,0.0,0.0,1.0,0.0
fr,fictional,09_audiodrama,500,24,130,1,0.8333333333333334,4.333333333333333,0.08333333333333333,0.0,0.0,0.0,0.0,0.0,1.0,0.0,0.0,0.0,0.0,0.0
fr,fictional,09_audiodrama,501,20,125,1,0.95,5.2,0.05,0.0,0.0,0.0,0.0,0.0,0.0,0.0,0.0,0.0,0.0,1.0
fr,fictional,09_audiodrama,502,23,121,1,0.8181818181818182,4.409090909090909,0.0,0.0,0.0,1.0,0.0,0.0,0.0,0.0,0.0,1.0,0.0,0.0
fr,fictional,09_audiodrama,503,25,137,1,0.88,4.44,0.04,0.0,0.0,0.0,0.0,0.0,0.0,0.0,0.0,0.0,1.0,0.0
fr,fictional,09_audiodrama,504,18,109,1,0.9444444444444444,4.944444444444445,0.1111111111111111,0.0,0.0,0.0,0.0,0.0,0.0,0.0,0.0,0.0,0.0,1.0
fr,fictional,09_audiodrama,505,21,132,1,0.9523809523809523,5.238095238095238,0.047619047619047616,0.0,0.0,0.0,0.0,0.0,0.0,1.0,0.0,0.0,0.0,0.0
fr,fictional,09_audiodrama,506,24,130,1,0.875,4.375,0.041666666666666664,0.0,0.0,0.0,0.0,0.0,0.0,0.0,0.0,0.0,0.0,1.0
fr,fictional,09_audiodrama,507,22,119,1,0.8636363636363636,4.363636363636363,0.045454545454545456,0.0,0.0,0.0,0.0,0.0,0.0,0.0,0.0,1.0,0.0,0.0
fr,fictional,09_audiodrama,508,26,148,1,0.875,4.916666666666667,0.07692307692307693,0.0,0.0,1.0,0.0,0.0,0.0,0.0,0.0,0.0,0.0,1.0
fr,fictional,09_audiodrama,509,22,135,1,0.9090909090909091,5.045454545454546,0.09090909090909091,0.0,0.0,0.0,0.0,0.0,0.0,0.0,0.0,0.0,0.0,1.0
fr,fictional,09_audiodrama,510,21,131,1,0.9047619047619048,5.190476190476191,0.047619047619047616,0.0,0.0,0.0,0.0,0.0,1.0,0.0,0.0,0.0,0.0,0.0
fr,fictional,09_audiodrama,511,26,139,1,0.9615384615384616,4.269230769230769,0.07692307692307693,0.0,0.0,0.0,0.0,0.0,0.0,0.0,0.0,0.0,0.0,1.0
fr,fictional,09_audiodrama,512,16,99,1,0.9375,5.125,0.0625,0.0,0.0,0.0,0.0,0.0,0.0,0.0,0.0,0.0,1.0,0.0
fr,fictional,09_audiodrama,513,21,116,1,0.9047619047619048,4.428571428571429,0.09523809523809523,0.0,0.0,0.0,0.0,0.0,0.0,1.0,0.0,0.0,0.0,0.0
fr,fictional,09_audiodrama,514,19,133,1,0.95,5.6,0.0,0.0,0.0,0.0,0.0,0.0,0.0,0.0,0.0,0.0,1.0,0.0
fr,fictional,09_audiodrama,515,20,138,1,1.0,5.8,0.05,0.05,0.0,0.0,0.0,0.0,0.0,0.0,0.0,0.0,0.0,1.0
fr,fictional,09_audiodrama,516,23,139,1,0.9130434782608695,5.0,0.043478260869565216,0.0,0.0,0.0,0.0,0.0,0.0,0.0,0.0,0.0,1.0,0.0
fr,fictional,09_audiodrama,517,20,109,1,0.9,4.25,0.15,0.0,0.0,0.0,0.0,0.0,0.0,0.0,0.0,0.0,0.0,1.0
fr,fictional,09_audiodrama,518,22,130,1,0.9090909090909091,4.909090909090909,0.0,0.0,0.0,0.0,0.0,0.0,0.0,0.0,0.0,0.0,0.0,1.0
fr,fictional,09_audiodrama,519,20,111,1,0.85,4.3,0.15,0.0,1.0,0.0,0.0,0.0,0.0,0.0,1.0,0.0,0.0,0.0
fr,fictional,09_audiodrama,520,16,105,1,0.8823529411764706,5.117647058823529,0.0625,0.0,0.0,0.0,0.0,0.0,0.0,0.0,0.0,0.0,0.0,1.0
fr,fictional,09_audiodrama,521,15,91,1,0.8666666666666667,5.066666666666666,0.0,0.0,0.0,0.0,0.0,0.0,0.0,0.0,0.0,0.0,1.0,0.0
fr,fictional,09_audiodrama,522,21,130,1,1.0,5.190476190476191,0.0,0.0,0.0,0.0,0.0,0.0,0.0,0.0,0.0,0.0,0.0,1.0
fr,fictional,09_audiodrama,523,20,136,1,0.85,5.75,0.05,0.0,0.0,0.0,0.0,0.0,0.0,0.0,0.0,0.0,0.0,1.0
fr,fictional,09_audiodrama,524,23,123,1,0.9130434782608695,4.260869565217392,0.08695652173913043,0.0,0.0,0.0,0.0,0.0,0.0,0.0,0.0,0.0,0.0,1.0
fr,fictional,10_anthology,525,23,154,1,0.875,5.375,0.043478260869565216,0.0,0.0,0.0,0.0,0.0,0.0,1.0,0.0,0.0,0.0,0.0
fr,fictional,10_anthology,526,22,145,1,0.9090909090909091,5.2727272727272725,0.09090909090909091,0.0,0.0,0.0,0.027586206896551724,0.0,0.0,0.0,0.0,0.0,0.0,1.0
fr,fictional,10_anthology,527,24,150,1,0.8333333333333334,5.208333333333333,0.041666666666666664,0.0,0.0,0.0,0.0,0.0,0.0,1.0,0.0,0.0,0.0,0.0
fr,fictional,10_anthology,528,23,132,1,0.9565217391304348,4.6521739130434785,0.0,0.0,1.0,0.0,0.0,0.0,0.0,1.0,0.0,0.0,0.0,0.0
fr,fictional,10_anthology,529,24,148,1,0.8333333333333334,5.083333333333333,0.08333333333333333,0.0,0.0,0.0,0.0,0.0,0.0,0.0,0.0,0.0,1.0,0.0
fr,fictional,10_anthology,530,15,99,1,0.9333333333333333,5.533333333333333,0.06666666666666667,0.0,0.0,0.0,0.0,0.0,0.0,0.0,0.0,1.0,0.0,0.0
fr,fictional,10_anthology,531,22,139,1,0.875,4.625,0.13636363636363635,0.045454545454545456,0.0,0.0,0.0,0.0,0.0,0.0,0.0,0.0,0.0,1.0
fr,fictional,10_anthology,532,19,111,1,0.8125,4.8125,0.10526315789473684,0.0,1.0,1.0,0.07207207207207207,0.0,1.0,0.0,0.0,0.0,0.0,0.0
fr,fictional,10_anthology,533,19,119,1,0.8333333333333334,5.277777777777778,0.05263157894736842,0.0,0.0,0.0,0.03361344537815126,0.0,0.0,0.0,0.0,0.0,0.0,1.0
fr,fictional,10_anthology,534,21,136,1,0.9047619047619048,5.380952380952381,0.09523809523809523,0.0,0.0,0.0,0.0,0.0,0.0,1.0,0.0,0.0,0.0,0.0
fr,fictional,10_anthology,535,22,140,1,0.9565217391304348,4.956521739130435,0.09090909090909091,0.0,0.0,0.0,0.0,0.0,0.0,0.0,0.0,0.0,0.0,1.0
fr,fictional,10_anthology,536,22,137,1,0.8181818181818182,5.090909090909091,0.13636363636363635,0.0,0.0,0.0,0.0,0.0,0.0,0.0,0.0,0.0,1.0,0.0
fr,fictional,10_anthology,537,20,130,1,1.0,5.25,0.05,0.0,0.0,0.0,0.03076923076923077,0.0,0.0,0.0,0.0,0.0,0.0,1.0
fr,fictional,10_anthology,538,21,134,1,0.9047619047619048,5.333333333333333,0.047619047619047616,0.0,0.0,0.0,0.0,0.0,0.0,0.0,0.0,0.0,0.0,1.0
fr,fictional,10_anthology,539,19,117,1,1.0,5.0,0.0,0.0,1.0,0.0,0.0,0.0,1.0,0.0,0.0,0.0,0.0,0.0
fr,fictional,10_anthology,540,20,120,1,0.95,4.95,0.05,0.0,0.0,0.0,0.0,0.0,0.0,0.0,0.0,0.0,1.0,0.0
fr,fictional,10_anthology,541,18,105,1,0.9444444444444444,4.777777777777778,0.05555555555555555,0.0,0.0,0.0,0.0,0.0,0.0,0.0,0.0,0.0,1.0,0.0
fr,fictional,10_anthology,542,19,132,1,0.9,5.55,0.05263157894736842,0.0,0.0,0.0,0.0,0.0,0.0,0.0,0.0,1.0,0.0,0.0
fr,fictional,10_anthology,543,22,140,1,0.8636363636363636,5.318181818181818,0.045454545454545456,0.0,0.0,0.0,0.0,0.0,0.0,0.0,0.0,0.0,0.0,1.0
fr,fictional,10_anthology,544,21,134,1,0.9,5.55,0.047619047619047616,0.0,0.0,1.0,0.0,0.0,0.0,0.0,0.0,0.0,0.0,1.0
fr,fictional,10_anthology,545,19,119,1,0.8888888888888888,5.166666666666667,0.10526315789473684,0.05263157894736842,0.0,0.0,0.03361344537815126,0.0,0.0,0.0,0.0,0.0,0.0,1.0
fr,fictional,10_anthology,546,18,105,1,0.8947368421052632,4.473684210526316,0.05555555555555555,0.0,0.0,0.0,0.0,0.0,0.0,0.0,0.0,0.0,1.0,0.0
fr,fictional,10_anthology,547,17,117,1,0.9375,5.9375,0.0,0.0,0.0,0.0,0.03418803418803419,0.0,0.0,0.0,0.0,0.0,0.0,1.0
fr,fictional,10_anthology,548,21,132,1,0.9,5.4,0.09523809523809523,0.0,0.0,1.0,0.0,0.0,0.0,1.0,0.0,0.0,0.0,0.0
fr,fictional,10_anthology,549,20,118,1,0.9523809523809523,4.380952380952381,0.2,0.0,0.0,0.0,0.0,0.0,0.0,0.0,0.0,1.0,0.0,0.0
fr,fictional,11_filmschool,550,20,127,1,0.9,5.3,0.05,0.0,0.0,0.0,0.0,0.0,1.0,0.0,0.0,0.0,0.0,0.0
fr,fictional,11_filmschool,551,20,105,1,0.95,4.1,0.0,0.0,1.0,0.0,0.0,0.0,0.0,1.0,0.0,0.0,0.0,0.0
fr,fictional,11_filmschool,552,19,124,1,0.8947368421052632,5.526315789473684,0.0,0.0,0.0,0.0,0.0,0.0,0.0,1.0,0.0,0.0,0.0,0.0
fr,fictional,11_filmschool,553,17,91,1,0.9375,4.3125,0.058823529411764705,0.058823529411764705,1.0,0.0,0.01098901098901099,0.0,0.0,0.0,0.0,0.0,0.0,1.0
fr,fictional,11_filmschool,554,16,115,1,1.0,5.705882352941177,0.0625,0.0,0.0,0.0,0.0,0.0,0.0,0.0,0.0,0.0,1.0,0.0
fr,fictional,11_filmschool,555,15,91,1,0.9333333333333333,4.933333333333334,0.13333333333333333,0.0,0.0,0.0,0.0,0.0,0.0,0.0,0.0,0.0,0.0,1.0
fr,fictional,11_filmschool,556,17,96,1,0.9411764705882353,4.647058823529412,0.0,0.0,0.0,0.0,0.0,0.0,0.0,1.0,0.0,0.0,0.0,0.0
fr,fictional,11_filmschool,557,16,111,1,1.0,5.470588235294118,0.0625,0.0,0.0,0.0,0.0,0.0,0.0,0.0,0.0,0.0,0.0,1.0
fr,fictional,11_filmschool,558,17,97,1,0.8823529411764706,4.705882352941177,0.0,0.0,0.0,0.0,0.0,0.0,0.0,0.0,0.0,1.0,0.0,0.0
fr,fictional,11_filmschool,559,17,106,1,0.8888888888888888,4.888888888888889,0.0,0.0,0.0,0.0,0.0,0.0,0.0,1.0,0.0,0.0,0.0,0.0
fr,fictional,11_filmschool,560,18,98,1,0.9411764705882353,4.352941176470588,0.05555555555555555,0.0,0.0,0.0,0.04081632653061224,0.0,0.0,0.0,0.0,0.0,0.0,1.0
fr,fictional,11_filmschool,561,16,96,1,0.9375,4.9375,0.0625,0.0,0.0,0.0,0.0,0.0,0.0,1.0,0.0,0.0,0.0,0.0
fr,fictional,11_filmschool,562,19,116,1,0.8421052631578947,5.052631578947368,0.05263157894736842,0.0,0.0,0.0,0.0,0.0,1.0,0.0,0.0,0.0,0.0,0.0
fr,fictional,11_filmschool,563,18,99,1,0.8888888888888888,4.5,0.0,0.0,0.0,0.0,0.0,0.0,0.0,0.0,0.0,0.0,0.0,1.0
fr,fictional,11_filmschool,564,19,107,1,0.8947368421052632,4.2631578947368425,0.15789473684210525,0.0,1.0,0.0,0.0,0.0,0.0,0.0,1.0,0.0,0.0,0.0
fr,fictional,11_filmschool,565,16,89,1,0.875,4.5,0.0625,0.0,0.0,0.0,0.0,0.0,0.0,0.0,0.0,0.0,1.0,0.0
fr,fictional,11_filmschool,566,16,103,1,0.9375,5.4375,0.0,0.0,0.0,0.0,0.0,0.0,0.0,0.0,0.0,0.0,0.0,1.0
fr,fictional,11_filmschool,567,16,69,1,0.8125,3.1875,0.125,0.0,0.0,0.0,0.0,0.0,0.0,0.0,0.0,1.0,0.0,0.0
fr,fictional,11_filmschool,568,16,101,1,0.8823529411764706,4.9411764705882355,0.0,0.0,0.0,0.0,0.0,0.0,1.0,0.0,0.0,0.0,0.0,0.0
fr,fictional,11_filmschool,569,19,112,1,0.8,4.4,0.15789473684210525,0.0,0.0,0.0,0.0,0.0,0.0,0.0,0.0,0.0,1.0,0.0
fr,fictional,11_filmschool,570,18,108,1,0.9444444444444444,5.0,0.0,0.0,0.0,0.0,0.0,0.0,0.0,0.0,0.0,0.0,0.0,1.0
fr,fictional,11_filmschool,571,18,111,1,0.7777777777777778,5.111111111111111,0.05555555555555555,0.0,0.0,0.0,0.0,0.0,0.0,1.0,0.0,0.0,0.0,0.0
fr,fictional,11_filmschool,572,17,109,1,0.9444444444444444,5.0,0.058823529411764705,0.0,0.0,0.0,0.0,0.0,0.0,0.0,0.0,0.0,0.0,1.0
fr,fictional,11_filmschool,573,18,107,1,0.8333333333333334,4.777777777777778,0.16666666666666666,0.0,0.0,0.0,0.0,0.0,0.0,0.0,0.0,0.0,1.0,0.0
fr,fictional,11_filmschool,574,17,102,1,0.7647058823529411,4.9411764705882355,0.058823529411764705,0.0,0.0,0.0,0.0,0.0,0.0,0.0,0.0,0.0,0.0,1.0
fr,fictional,12_ghostwriting,575,23,128,1,0.9130434782608695,4.565217391304348,0.0,0.0,0.0,0.0,0.0,0.0,1.0,0.0,0.0,0.0,0.0,0.0
fr,fictional,12_ghostwriting,576,15,108,1,1.0,6.066666666666666,0.13333333333333333,0.0,0.0,0.0,0.0,0.0,0.0,0.0,0.0,0.0,0.0,1.0
fr,fictional,12_ghostwriting,577,17,91,1,0.9411764705882353,4.235294117647059,0.11764705882352941,0.0,0.0,0.0,0.0,0.0,0.0,0.0,0.0,0.0,1.0,0.0
fr,fictional,12_ghostwriting,578,19,97,1,0.9473684210526315,4.0,0.10526315789473684,0.0,0.0,0.0,0.0,0.0,0.0,0.0,0.0,1.0,0.0,0.0
fr,fictional,12_ghostwriting,579,14,112,1,0.9375,6.0,0.0,0.0,0.0,0.0,0.0,0.0,0.0,1.0,0.0,0.0,0.0,0.0
fr,fictional,12_ghostwriting,580,15,99,1,1.0,5.533333333333333,0.06666666666666667,0.0,0.0,0.0,0.0,0.0,0.0,0.0,0.0,0.0,0.0,1.0
fr,fictional,12_ghostwriting,581,19,116,1,0.8947368421052632,5.105263157894737,0.0,0.0,0.0,0.0,0.0,0.0,0.0,1.0,0.0,0.0,0.0,0.0
fr,fictional,12_ghostwriting,582,12,81,1,1.0,5.75,0.0,0.0,0.0,0.0,0.0,0.0,0.0,0.0,0.0,0.0,0.0,1.0
fr,fictional,12_ghostwriting,583,14,89,1,0.9285714285714286,5.214285714285714,0.14285714285714285,0.0,0.0,0.0,0.0,0.0,0.0,0.0,0.0,0.0,0.0,1.0
fr,fictional,12_ghostwriting,584,21,118,1,0.95,4.75,0.047619047619047616,0.0,0.0,1.0,0.0,0.0,0.0,0.0,0.0,0.0,0.0,1.0
fr,fictional,12_ghostwriting,585,13,91,1,1.0,5.923076923076923,0.0,0.07692307692307693,0.0,0.0,0.0,0.0,0.0,0.0,0.0,0.0,0.0,1.0
fr,fictional,12_ghostwriting,586,19,103,1,0.9473684210526315,4.368421052631579,0.05263157894736842,0.0,0.0,0.0,0.0,0.0,0.0,0.0,0.0,0.0,0.0,1.0
fr,fictional,12_ghostwriting,587,15,85,1,0.9333333333333333,4.6,0.06666666666666667,0.0,0.0,0.0,0.0,0.0,0.0,0.0,0.0,0.0,0.0,1.0
fr,fictional,12_ghostwriting,588,17,100,1,0.9411764705882353,4.764705882352941,0.11764705882352941,0.0,0.0,0.0,0.0,0.0,0.0,0.0,0.0,0.0,0.0,1.0
fr,fictional,12_ghostwriting,589,16,85,1,0.875,4.25,0.0,0.0,0.0,0.0,0.0,0.0,0.0,0.0,0.0,0.0,0.0,1.0
fr,fictional,12_ghostwriting,590,12,84,1,0.9166666666666666,5.916666666666667,0.0,0.08333333333333333,0.0,0.0,0.0,0.0,0.0,0.0,0.0,0.0,0.0,1.0
fr,fictional,12_ghostwriting,591,20,114,1,0.9473684210526315,4.842105263157895,0.05,0.0,0.0,1.0,0.0,0.0,0.0,1.0,0.0,0.0,0.0,0.0
fr,fictional,12_ghostwriting,592,21,124,1,0.9523809523809523,4.904761904761905,0.0,0.0,0.0,0.0,0.0,0.0,0.0,1.0,0.0,0.0,0.0,0.0
fr,fictional,12_ghostwriting,593,20,113,1,0.8,4.6,0.05,0.0,0.0,0.0,0.0,0.0,0.0,0.0,0.0,0.0,0.0,1.0
fr,fictional,12_ghostwriting,594,16,94,1,0.9375,4.8125,0.0625,0.0,0.0,0.0,0.0,0.0,0.0,0.0,0.0,1.0,0.0,0.0
fr,fictional,12_ghostwriting,595,16,96,1,1.0,4.8125,0.0,0.0625,1.0,0.0,0.0,0.0,0.0,1.0,0.0,0.0,0.0,0.0
fr,fictional,12_ghostwriting,596,15,92,1,0.9333333333333333,5.066666666666666,0.06666666666666667,0.0,0.0,0.0,0.0,0.0,0.0,0.0,0.0,0.0,0.0,1.0
fr,fictional,12_ghostwriting,597,16,93,1,0.9375,4.75,0.0,0.0,0.0,0.0,0.0,0.0,0.0,0.0,0.0,0.0,0.0,1.0
fr,fictional,12_ghostwriting,598,18,102,1,0.9411764705882353,4.823529411764706,0.05555555555555555,0.0,0.0,1.0,0.0,0.0,0.0,0.0,0.0,0.0,1.0,0.0
fr,fictional,12_ghostwriting,599,17,115,1,1.0,4.947368421052632,0.11764705882352941,0.0,0.0,0.0,0.0,0.0,0.0,0.0,0.0,0.0,0.0,1.0
fr,real,journaling_loss,0,17,81,3,1.0,3.588235294117647,0.0,0.0,0.0,0.0,0.012345679012345678,0.0,1.0,0.0,0.0,0.0,0.0,0.0
fr,real,journaling_loss,1,17,94,1,1.0,4.470588235294118,0.058823529411764705,0.0,0.0,0.0,0.0,0.0,0.0,1.0,0.0,0.0,0.0,0.0
fr,real,journaling_loss,2,17,85,1,0.9411764705882353,4.0,0.0,0.0,0.0,0.0,0.0,0.0,0.0,0.0,0.0,0.0,1.0,0.0
fr,real,journaling_loss,3,12,60,1,1.0,3.6153846153846154,0.0,0.0,0.0,0.0,0.0,0.0,0.0,0.0,0.0,1.0,0.0,0.0
fr,real,journaling_loss,4,20,100,1,0.9473684210526315,4.157894736842105,0.0,0.0,0.0,1.0,0.0,0.0,0.0,0.0,0.0,0.0,1.0,0.0
fr,real,journaling_loss,5,10,62,1,1.0,5.0,0.2,0.0,0.0,0.0,0.0,0.0,0.0,1.0,0.0,0.0,0.0,0.0
fr,real,journaling_loss,6,19,126,1,0.9,5.25,0.0,0.05263157894736842,0.0,0.0,0.0,0.0,0.0,0.0,0.0,0.0,0.0,1.0
fr,real,journaling_loss,7,20,106,1,0.9,4.2,0.1,0.0,0.0,0.0,0.0,0.0,0.0,0.0,0.0,0.0,0.0,1.0
fr,real,journaling_loss,8,14,67,1,1.0,3.7857142857142856,0.0,0.0,0.0,0.0,0.0,0.0,0.0,0.0,0.0,0.0,0.0,1.0
fr,real,journaling_loss,9,15,89,1,1.0,5.142857142857143,0.06666666666666667,0.0,0.0,1.0,0.0,0.0,0.0,0.0,0.0,0.0,0.0,1.0
fr,real,journaling_loss,10,19,95,1,1.0,4.0,0.0,0.0,0.0,0.0,0.0,0.0,0.0,0.0,0.0,0.0,0.0,1.0
fr,real,journaling_loss,11,13,73,1,0.9230769230769231,4.461538461538462,0.07692307692307693,0.07692307692307693,0.0,0.0,0.0,0.0,0.0,0.0,0.0,0.0,0.0,1.0
fr,real,journaling_loss,12,18,93,1,0.9444444444444444,4.166666666666667,0.0,0.0,0.0,0.0,0.0,0.0,0.0,0.0,0.0,0.0,1.0,0.0
fr,real,journaling_loss,13,15,78,1,1.0,4.357142857142857,0.06666666666666667,0.0,0.0,1.0,0.0,0.0,0.0,0.0,0.0,0.0,0.0,1.0
fr,real,journaling_loss,14,15,85,1,1.0,4.6,0.06666666666666667,0.0,0.0,0.0,0.0,0.0,0.0,0.0,0.0,1.0,0.0,0.0
fr,real,journaling_loss,15,18,78,1,1.0,3.2777777777777777,0.05555555555555555,0.0,0.0,0.0,0.0,0.0,0.0,1.0,0.0,0.0,0.0,0.0
fr,real,journaling_loss,16,16,100,1,1.0,5.1875,0.0625,0.0,0.0,0.0,0.0,0.0,0.0,0.0,0.0,0.0,0.0,1.0
fr,real,journaling_loss,17,19,105,1,0.8421052631578947,4.368421052631579,0.15789473684210525,0.0,0.0,0.0,0.0,0.0,0.0,1.0,0.0,0.0,0.0,0.0
fr,real,journaling_loss,18,22,122,1,0.95,4.8,0.09090909090909091,0.0,0.0,1.0,0.0,0.0,0.0,1.0,0.0,0.0,0.0,0.0
fr,real,journaling_loss,19,17,98,1,0.7647058823529411,4.705882352941177,0.0,0.058823529411764705,0.0,0.0,0.0,0.0,0.0,0.0,0.0,0.0,0.0,1.0
fr,real,journaling_loss,20,19,105,1,0.9473684210526315,4.421052631578948,0.05263157894736842,0.0,0.0,0.0,0.0,0.0,0.0,0.0,0.0,0.0,0.0,1.0
fr,real,journaling_loss,21,13,79,1,1.0,5.0,0.07692307692307693,0.0,0.0,0.0,0.0,0.0,0.0,1.0,0.0,0.0,0.0,0.0
fr,real,journaling_loss,22,20,101,1,0.85,4.0,0.05,0.0,0.0,0.0,0.0,0.0,0.0,0.0,0.0,0.0,0.0,1.0
fr,real,journaling_loss,23,13,70,1,1.0,4.5,0.15384615384615385,0.0,0.0,1.0,0.0,0.0,0.0,0.0,0.0,0.0,0.0,1.0
fr,real,journaling_loss,24,12,66,1,0.8333333333333334,4.416666666666667,0.0,0.08333333333333333,0.0,0.0,0.0,0.0,0.0,0.0,0.0,0.0,0.0,1.0
fr,real,counseling,25,23,128,1,0.9565217391304348,4.521739130434782,0.043478260869565216,0.0,0.0,0.0,0.0,0.0,1.0,0.0,0.0,0.0,0.0,0.0
fr,real,counseling,26,12,73,1,1.0,5.0,0.08333333333333333,0.0,0.0,0.0,0.0,0.0,0.0,0.0,0.0,0.0,0.0,1.0
fr,real,counseling,27,20,101,1,1.0,3.8,0.15,0.0,1.0,0.0,0.0,0.0,0.0,1.0,0.0,0.0,0.0,0.0
fr,real,counseling,28,23,121,1,0.9166666666666666,4.0,0.043478260869565216,0.0,0.0,0.0,0.0,0.0,0.0,0.0,0.0,0.0,0.0,1.0
fr,real,counseling,29,17,88,1,1.0,4.117647058823529,0.058823529411764705,0.0,0.0,0.0,0.0,0.0,0.0,0.0,0.0,1.0,0.0,0.0
fr,real,counseling,30,24,122,1,0.7916666666666666,4.0,0.08333333333333333,0.0,0.0,0.0,0.0,0.0,0.0,0.0,0.0,0.0,0.0,1.0
fr,real,counseling,31,11,60,1,0.9090909090909091,4.454545454545454,0.0,0.0,0.0,0.0,0.0,0.0,0.0,0.0,0.0,0.0,0.0,1.0
fr,real,counseling,32,24,131,1,0.9166666666666666,4.416666666666667,0.041666666666666664,0.0,0.0,0.0,0.0,0.0,0.0,0.0,0.0,0.0,0.0,1.0
fr,real,counseling,33,13,77,1,0.9230769230769231,4.6923076923076925,0.15384615384615385,0.07692307692307693,0.0,0.0,0.0,0.0,0.0,1.0,0.0,0.0,0.0,0.0
fr,real,counseling,34,18,85,1,1.0,3.6666666666666665,0.05555555555555555,0.0,0.0,0.0,0.0,0.0,0.0,1.0,0.0,0.0,0.0,0.0
fr,real,counseling,35,23,110,1,0.9090909090909091,3.8181818181818183,0.08695652173913043,0.0,0.0,1.0,0.0,0.0,0.0,0.0,0.0,0.0,0.0,1.0
fr,real,counseling,36,18,95,1,0.8888888888888888,4.166666666666667,0.1111111111111111,0.0,0.0,0.0,0.0,0.0,0.0,0.0,0.0,0.0,0.0,1.0
fr,real,counseling,37,16,86,1,0.9375,4.375,0.0,0.0,0.0,0.0,0.0,0.0,0.0,0.0,0.0,0.0,0.0,1.0
fr,real,counseling,38,20,108,1,1.0,4.3,0.1,0.0,0.0,0.0,0.0,0.0,0.0,0.0,0.0,0.0,0.0,1.0
fr,real,counseling,39,21,114,1,0.9523809523809523,4.285714285714286,0.047619047619047616,0.0,0.0,1.0,0.0,0.0,0.0,0.0,0.0,0.0,0.0,1.0
fr,real,counseling,40,21,116,1,0.9523809523809523,4.380952380952381,0.047619047619047616,0.0,1.0,0.0,0.0,0.0,0.0,0.0,0.0,0.0,1.0,0.0
fr,real,counseling,41,17,99,1,0.8823529411764706,4.764705882352941,0.0,0.058823529411764705,0.0,0.0,0.0,0.0,0.0,0.0,0.0,0.0,0.0,1.0
fr,real,counseling,42,19,96,1,0.8947368421052632,4.052631578947368,0.0,0.0,0.0,0.0,0.0,0.0,0.0,0.0,0.0,1.0,0.0,0.0
fr,real,counseling,43,18,97,1,0.9444444444444444,4.222222222222222,0.16666666666666666,0.0,0.0,0.0,0.0,0.0,0.0,0.0,0.0,0.0,0.0,1.0
fr,real,counseling,44,25,133,1,0.96,4.28,0.0,0.04,0.0,0.0,0.0,0.0,0.0,0.0,0.0,0.0,0.0,1.0
fr,real,counseling,45,17,100,1,0.9411764705882353,4.705882352941177,0.17647058823529413,0.0,0.0,0.0,0.0,0.0,0.0,0.0,0.0,0.0,0.0,1.0
fr,real,counseling,46,14,75,1,0.9285714285714286,4.285714285714286,0.0,0.07142857142857142,0.0,0.0,0.0,0.0,0.0,0.0,0.0,0.0,0.0,1.0
fr,real,counseling,47,21,101,1,1.0,3.9473684210526314,0.14285714285714285,0.0,0.0,1.0,0.0,0.0,0.0,0.0,0.0,1.0,0.0,0.0
fr,real,counseling,48,18,104,1,0.8888888888888888,4.666666666666667,0.05555555555555555,0.05555555555555555,0.0,0.0,0.0,0.0,0.0,0.0,0.0,0.0,0.0,1.0
fr,real,counseling,49,20,103,1,1.0,4.1,0.05,0.0,0.0,0.0,0.0,0.0,0.0,1.0,0.0,0.0,0.0,0.0
fr,real,estrangement,50,17,96,1,1.0,4.588235294117647,0.058823529411764705,0.0,0.0,0.0,0.0,0.0,0.0,0.0,0.0,0.0,0.0,1.0
fr,real,estrangement,51,18,91,1,0.9444444444444444,3.9444444444444446,0.05555555555555555,0.05555555555555555,0.0,0.0,0.0,0.0,0.0,0.0,0.0,0.0,0.0,1.0
fr,real,estrangement,52,17,87,1,1.0,4.117647058823529,0.0,0.0,0.0,0.0,0.0,0.0,0.0,0.0,0.0,0.0,0.0,1.0
fr,real,estrangement,53,20,107,1,1.0,4.473684210526316,0.05,0.0,0.0,1.0,0.0,0.0,0.0,0.0,0.0,1.0,0.0,0.0
fr,real,estrangement,54,13,73,1,1.0,4.538461538461538,0.07692307692307693,0.0,0.0,0.0,0.0,0.0,0.0,0.0,0.0,0.0,1.0,0.0
fr,real,estrangement,55,20,116,1,1.0,4.75,0.0,0.05,0.0,0.0,0.0,0.0,1.0,0.0,0.0,0.0,0.0,0.0
fr,real,estrangement,56,15,76,1,0.9333333333333333,4.0,0.06666666666666667,0.0,0.0,0.0,0.0,0.0,0.0,0.0,0.0,0.0,1.0,0.0
fr,real,estrangement,57,16,80,1,0.8666666666666667,4.066666666666666,0.125,0.0,0.0,1.0,0.0,0.0,0.0,0.0,0.0,0.0,0.0,1.0
fr,real,estrangement,58,15,90,1,0.9285714285714286,5.214285714285714,0.06666666666666667,0.0,0.0,1.0,0.0,0.0,0.0,0.0,0.0,0.0,0.0,1.0
fr,real,estrangement,59,20,105,1,0.95,4.1,0.05,0.0,1.0,0.0,0.0,0.0,0.0,0.0,0.0,0.0,0.0,1.0
fr,real,estrangement,60,20,93,1,0.9,3.6,0.0,0.05,0.0,0.0,0.0,0.0,0.0,1.0,0.0,0.0,0.0,0.0
fr,real,estrangement,61,17,85,1,1.0,4.0,0.0,0.0,0.0,0.0,0.0,0.0,0.0,0.0,0.0,0.0,0.0,1.0
fr,real,estrangement,62,19,93,1,1.0,3.9444444444444446,0.10526315789473684,0.0,0.0,1.0,0.0,0.0,0.0,0.0,0.0,0.0,0.0,1.0
fr,real,estrangement,63,20,113,1,0.95,4.55,0.1,0.0,0.0,0.0,0.0,0.0,0.0,0.0,0.0,0.0,0.0,1.0
fr,real,estrangement,64,18,95,1,0.9444444444444444,4.166666666666667,0.05555555555555555,0.05555555555555555,0.0,0.0,0.0,0.0,0.0,1.0,0.0,0.0,0.0,0.0
fr,real,estrangement,65,18,97,1,0.8888888888888888,4.277777777777778,0.1111111111111111,0.0,0.0,0.0,0.0,0.0,0.0,0.0,0.0,0.0,0.0,1.0
fr,real,estrangement,66,17,99,1,0.8823529411764706,4.647058823529412,0.11764705882352941,0.0,0.0,0.0,0.0,0.0,0.0,0.0,0.0,0.0,0.0,1.0
fr,real,estrangement,67,24,120,1,0.9166666666666666,3.9583333333333335,0.041666666666666664,0.0,0.0,0.0,0.0,0.0,0.0,1.0,0.0,0.0,0.0,0.0
fr,real,estrangement,68,20,108,1,1.0,4.368421052631579,0.05,0.0,0.0,0.0,0.037037037037037035,0.0,0.0,0.0,0.0,0.0,0.0,1.0
fr,real,estrangement,69,17,93,1,1.0,4.411764705882353,0.058823529411764705,0.0,0.0,0.0,0.0,0.0,0.0,0.0,0.0,0.0,0.0,1.0
fr,real,estrangement,70,17,101,1,1.0,4.882352941176471,0.058823529411764705,0.0,0.0,0.0,0.0,0.0,0.0,0.0,0.0,1.0,0.0,0.0
fr,real,estrangement,71,19,113,1,1.0,4.684210526315789,0.10526315789473684,0.05263157894736842,0.0,1.0,0.0,0.0,0.0,1.0,0.0,0.0,0.0,0.0
fr,real,estrangement,72,15,72,1,0.8,3.7333333333333334,0.06666666666666667,0.0,0.0,0.0,0.0,0.0,0.0,1.0,0.0,0.0,0.0,0.0
fr,real,estrangement,73,17,95,1,1.0,4.529411764705882,0.058823529411764705,0.0,0.0,0.0,0.0,0.0,0.0,0.0,0.0,0.0,0.0,1.0
fr,real,estrangement,74,18,104,1,1.0,4.666666666666667,0.1111111111111111,0.0,0.0,0.0,0.0,0.0,0.0,1.0,0.0,0.0,0.0,0.0
fr,real,diagnosis,75,20,116,1,0.9,4.7,0.1,0.0,0.0,0.0,0.0,0.0,1.0,0.0,0.0,0.0,0.0,0.0
fr,real,diagnosis,76,20,102,1,0.9,4.05,0.05,0.0,0.0,0.0,0.0,0.0,0.0,1.0,0.0,0.0,0.0,0.0
fr,real,diagnosis,77,20,93,1,0.9,3.6,0.0,0.05,0.0,0.0,0.0,0.0,0.0,0.0,0.0,0.0,0.0,1.0
fr,real,diagnosis,78,16,102,1,0.9375,5.3125,0.0625,0.0,0.0,0.0,0.0,0.0,0.0,0.0,0.0,0.0,0.0,1.0
fr,real,diagnosis,79,20,109,1,0.9,4.4,0.05,0.0,0.0,0.0,0.0,0.0,0.0,0.0,0.0,1.0,0.0,0.0
fr,real,diagnosis,80,18,98,1,0.8888888888888888,4.388888888888889,0.05555555555555555,0.0,0.0,0.0,0.0,0.0,0.0,1.0,0.0,0.0,0.0,0.0
fr,real,diagnosis,81,16,79,1,0.875,3.9375,0.0,0.0,0.0,0.0,0.0,0.0,0.0,0.0,0.0,0.0,1.0,0.0
fr,real,diagnosis,82,20,114,1,0.9,4.6,0.1,0.0,0.0,0.0,0.0,0.0,0.0,0.0,0.0,0.0,0.0,1.0
fr,real,diagnosis,83,19,104,1,0.9473684210526315,4.473684210526316,0.0,0.0,0.0,0.0,0.0,0.0,0.0,0.0,0.0,0.0,1.0,0.0
fr,real,diagnosis,84,19,105,1,0.9473684210526315,4.473684210526316,0.0,0.05263157894736842,0.0,0.0,0.0,0.0,0.0,0.0,0.0,0.0,0.0,1.0
fr,real,diagnosis,85,20,108,1,0.95,4.3,0.1,0.0,0.0,0.0,0.0,0.0,0.0,0.0,0.0,0.0,0.0,1.0
fr,real,diagnosis,86,19,101,1,0.9444444444444444,4.388888888888889,0.10526315789473684,0.0,0.0,1.0,0.0,0.0,0.0,0.0,0.0,0.0,0.0,1.0
fr,real,diagnosis,87,20,113,1,0.95,4.4,0.2,0.05,0.0,0.0,0.0,0.0,0.0,1.0,0.0,0.0,0.0,0.0
fr,real,diagnosis,88,20,101,1,0.95,4.05,0.0,0.0,0.0,0.0,0.0,0.0,0.0,0.0,0.0,0.0,1.0,0.0
fr,real,diagnosis,89,18,95,1,0.8333333333333334,4.222222222222222,0.05555555555555555,0.0,0.0,0.0,0.0,0.0,0.0,1.0,0.0,0.0,0.0,0.0
fr,real,diagnosis,90,23,134,1,0.9166666666666666,4.5,0.08695652173913043,0.0,0.0,0.0,0.0,0.0,0.0,0.0,0.0,0.0,1.0,0.0
fr,real,diagnosis,91,21,111,1,0.9047619047619048,4.190476190476191,0.047619047619047616,0.047619047619047616,0.0,0.0,0.0,0.0,0.0,0.0,0.0,0.0,0.0,1.0
fr,real,diagnosis,92,19,109,1,0.9473684210526315,4.684210526315789,0.05263157894736842,0.0,0.0,0.0,0.0,0.0,0.0,0.0,0.0,0.0,0.0,1.0
fr,real,diagnosis,93,15,71,1,0.8571428571428571,3.7142857142857144,0.06666666666666667,0.0,1.0,1.0,0.0,0.0,0.0,0.0,0.0,1.0,0.0,0.0
fr,real,diagnosis,94,16,85,1,1.0,4.3125,0.0,0.0,0.0,0.0,0.0,0.0,0.0,0.0,0.0,0.0,0.0,1.0
fr,real,diagnosis,95,19,100,1,1.0,4.2105263157894735,0.05263157894736842,0.0,0.0,0.0,0.0,0.0,0.0,0.0,0.0,0.0,0.0,1.0
fr,real,diagnosis,96,18,105,1,0.8333333333333334,4.777777777777778,0.05555555555555555,0.0,0.0,0.0,0.0,0.0,0.0,0.0,0.0,0.0,1.0,0.0
fr,real,diagnosis,97,19,118,1,1.0,5.157894736842105,0.05263157894736842,0.0,0.0,0.0,0.0,0.0,0.0,0.0,0.0,0.0,0.0,1.0
fr,real,diagnosis,98,18,107,1,0.8888888888888888,4.888888888888889,0.0,0.05555555555555555,0.0,0.0,0.0,0.0,0.0,0.0,0.0,0.0,0.0,1.0
fr,real,diagnosis,99,25,125,1,0.92,3.92,0.08,0.0,0.0,0.0,0.0,0.0,0.0,0.0,0.0,0.0,1.0,0.0
fr,real,eviction,100,19,98,1,1.0,4.105263157894737,0.05263157894736842,0.0,0.0,0.0,0.0,0.0,1.0,0.0,0.0,0.0,0.0,0.0
fr,real,eviction,101,16,94,1,0.875,4.6875,0.0625,0.0,0.0,1.0,0.0,0.0,0.0,0.0,0.0,0.0,0.0,1.0
fr,real,eviction,102,17,85,1,0.9411764705882353,4.0,0.0,0.0,0.0,0.0,0.0,0.0,0.0,1.0,0.0,0.0,0.0,0.0
fr,real,eviction,103,17,85,1,1.0,3.9411764705882355,0.0,0.058823529411764705,0.0,0.0,0.0,0.0,0.0,0.0,0.0,0.0,0.0,1.0
fr,real,eviction,104,17,104,1,1.0,4.777777777777778,0.0,0.0,0.0,0.0,0.0,0.0,0.0,0.0,0.0,0.0,0.0,1.0
fr,real,eviction,105,13,83,1,1.0,5.3076923076923075,0.07692307692307693,0.0,0.0,0.0,0.0,0.0,0.0,0.0,0.0,0.0,0.0,1.0
fr,real,eviction,106,15,75,2,0.9333333333333333,3.933333333333333,0.0,0.0,0.0,0.0,0.0,0.0,0.0,0.0,0.0,1.0,0.0,0.0
fr,real,eviction,107,20,113,1,0.95,4.55,0.05,0.05,0.0,0.0,0.0,0.0,0.0,1.0,0.0,0.0,0.0,0.0
fr,real,eviction,108,17,77,1,1.0,3.5294117647058822,0.0,0.0,0.0,0.0,0.0,0.0,0.0,0.0,0.0,0.0,0.0,1.0
fr,real,eviction,109,17,94,1,0.9411764705882353,4.470588235294118,0.058823529411764705,0.0,0.0,0.0,0.0,0.0,0.0,0.0,0.0,0.0,0.0,1.0
fr,real,eviction,110,19,100,1,0.8333333333333334,4.277777777777778,0.15789473684210525,0.0,0.0,1.0,0.0,0.0,0.0,0.0,0.0,0.0,0.0,1.0
fr,real,eviction,111,20,104,1,0.95,4.15,0.05,0.0,0.0,0.0,0.0,0.0,0.0,0.0,0.0,0.0,0.0,1.0
fr,real,eviction,112,20,107,1,0.9,4.3,0.0,0.05,0.0,0.0,0.0,0.0,0.0,0.0,0.0,0.0,0.0,1.0
fr,real,eviction,113,17,98,1,0.9411764705882353,4.705882352941177,0.058823529411764705,0.0,0.0,0.0,0.0,0.0,0.0,0.0,0.0,0.0,0.0,1.0
fr,real,eviction,114,18,92,2,0.8888888888888888,4.0,0.05555555555555555,0.0,0.0,0.0,0.0,0.0,0.0,0.0,0.0,1.0,0.0,0.0
fr,real,eviction,115,17,90,1,1.0,4.235294117647059,0.058823529411764705,0.0,0.0,0.0,0.0,0.0,0.0,0.0,0.0,0.0,1.0,0.0
fr,real,eviction,116,17,95,1,0.9411764705882353,4.529411764705882,0.058823529411764705,0.0,0.0,0.0,0.0,0.0,0.0,0.0,0.0,0.0,0.0,1.0
fr,real,eviction,117,19,99,1,1.0,4.157894736842105,0.0,0.05263157894736842,0.0,0.0,0.0,0.0,0.0,0.0,0.0,0.0,0.0,1.0
fr,real,eviction,118,17,90,1,0.8823529411764706,4.235294117647059,0.058823529411764705,0.0,0.0,0.0,0.0,0.0,0.0,0.0,0.0,0.0,0.0,1.0
fr,real,eviction,119,19,105,1,0.9473684210526315,4.473684210526316,0.05263157894736842,0.0,0.0,0.0,0.0,0.0,0.0,0.0,0.0,0.0,0.0,1.0
fr,real,eviction,120,17,105,1,0.9411764705882353,5.117647058823529,0.058823529411764705,0.0,0.0,0.0,0.0,0.0,0.0,0.0,0.0,0.0,0.0,1.0
fr,real,eviction,121,20,107,1,0.8,4.3,0.05,0.0,0.0,0.0,0.0,0.0,0.0,0.0,0.0,0.0,1.0,0.0
fr,real,eviction,122,16,81,1,0.8666666666666667,4.2,0.0625,0.0,0.0,1.0,0.0,0.0,0.0,0.0,0.0,0.0,0.0,1.0
fr,real,eviction,123,19,110,1,1.0,4.45,0.0,0.05263157894736842,0.0,0.0,0.0,0.0,1.0,0.0,0.0,0.0,0.0,0.0
fr,real,eviction,124,19,90,1,0.9473684210526315,3.736842105263158,0.0,0.0,0.0,0.0,0.0,0.0,0.0,0.0,0.0,0.0,0.0,1.0
fr,real,divorce,125,22,136,1,0.9545454545454546,5.0,0.09090909090909091,0.0,1.0,0.0,0.0,0.0,0.0,0.0,1.0,0.0,0.0,0.0
fr,real,divorce,126,18,87,1,0.9444444444444444,3.7777777777777777,0.05555555555555555,0.0,0.0,0.0,0.0,0.0,0.0,0.0,0.0,0.0,0.0,1.0
fr,real,divorce,127,22,115,1,0.9090909090909091,4.2272727272727275,0.0,0.0,0.0,0.0,0.0,0.0,0.0,0.0,0.0,0.0,1.0,0.0
fr,real,divorce,128,13,71,1,1.0,4.384615384615385,0.0,0.07692307692307693,0.0,0.0,0.0,0.0,0.0,0.0,0.0,0.0,0.0,1.0
fr,real,divorce,129,16,95,1,1.0,4.277777777777778,0.0,0.0,0.0,0.0,0.0,0.0,0.0,0.0,0.0,1.0,0.0,0.0
fr,real,divorce,130,20,101,1,0.95,4.0,0.05,0.0,0.0,0.0,0.0,0.0,0.0,1.0,0.0,0.0,0.0,0.0
fr,real,divorce,131,18,97,1,0.9444444444444444,4.277777777777778,0.0,0.0,1.0,0.0,0.0,0.0,0.0,1.0,0.0,0.0,0.0,0.0
fr,real,divorce,132,16,95,1,1.0,4.875,0.0625,0.0,0.0,0.0,0.0,0.0,0.0,0.0,0.0,0.0,1.0,0.0
fr,real,divorce,133,14,71,1,0.8461538461538461,4.3076923076923075,0.0,0.0,0.0,1.0,0.0,0.0,0.0,0.0,0.0,0.0,0.0,1.0
fr,real,divorce,134,20,108,1,0.9,4.35,0.05,0.0,0.0,0.0,0.0,0.0,0.0,1.0,0.0,0.0,0.0,0.0
fr,real,divorce,135,21,96,1,0.9523809523809523,3.5238095238095237,0.047619047619047616,0.0,0.0,0.0,0.0,0.0,0.0,0.0,0.0,0.0,0.0,1.0
fr,real,divorce,136,21,111,1,0.9523809523809523,4.238095238095238,0.047619047619047616,0.0,0.0,0.0,0.0,0.0,0.0,0.0,0.0,0.0,0.0,1.0
fr,real,divorce,137,17,86,1,1.0,4.0,0.058823529411764705,0.0,0.0,0.0,0.0,0.0,0.0,0.0,0.0,0.0,0.0,1.0
fr,real,divorce,138,17,90,1,0.9375,4.375,0.11764705882352941,0.0,0.0,1.0,0.0,0.0,0.0,0.0,0.0,0.0,0.0,1.0
fr,real,divorce,139,14,78,1,1.0,4.5,0.07142857142857142,0.0,0.0,0.0,0.0,0.0,0.0,0.0,0.0,0.0,1.0,0.0
fr,real,divorce,140,11,65,1,1.0,4.909090909090909,0.0,0.0,0.0,0.0,0.0,0.0,0.0,0.0,0.0,0.0,0.0,1.0
fr,real,divorce,141,18,94,2,0.8888888888888888,4.111111111111111,0.05555555555555555,0.0,0.0,0.0,0.0,0.0,0.0,0.0,0.0,1.0,0.0,0.0
fr,real,divorce,142,16,99,1,0.9375,5.0625,0.0625,0.0,0.0,0.0,0.0,0.0,0.0,0.0,0.0,0.0,0.0,1.0
fr,real,divorce,143,13,61,1,0.8461538461538461,3.6153846153846154,0.07692307692307693,0.0,0.0,0.0,0.0,0.0,0.0,0.0,0.0,0.0,0.0,1.0
fr,real,divorce,144,19,97,1,0.8947368421052632,4.052631578947368,0.0,0.05263157894736842,0.0,0.0,0.0,0.0,0.0,1.0,0.0,0.0,0.0,0.0
fr,real,divorce,145,17,98,1,0.9411764705882353,4.705882352941177,0.0,0.058823529411764705,0.0,0.0,0.0,0.0,0.0,0.0,0.0,0.0,0.0,1.0
fr,real,divorce,146,10,59,1,1.0,4.9,0.0,0.0,0.0,0.0,0.0,0.0,1.0,0.0,0.0,0.0,0.0,0.0
fr,real,divorce,147,15,86,1,0.8666666666666667,4.666666666666667,0.0,0.06666666666666667,0.0,0.0,0.0,0.0,0.0,0.0,0.0,0.0,0.0,1.0
fr,real,divorce,148,20,106,1,0.95,4.25,0.05,0.0,0.0,0.0,0.0,0.0,0.0,1.0,0.0,0.0,0.0,0.0
fr,real,divorce,149,18,89,1,0.9444444444444444,3.8333333333333335,0.0,0.0,1.0,0.0,0.0,0.0,0.0,0.0,0.0,0.0,0.0,1.0
fr,real,veteran,150,20,111,1,1.0,4.4,0.05,0.0,1.0,0.0,0.0,0.0,0.0,0.0,0.0,0.0,0.0,1.0
fr,real,veteran,151,23,129,1,0.9545454545454546,4.681818181818182,0.08695652173913043,0.0,0.0,1.0,0.0,0.0,0.0,0.0,0.0,0.0,0.0,1.0
fr,real,veteran,152,18,97,1,1.0,4.352941176470588,0.05555555555555555,0.0,0.0,0.0,0.041237113402061855,0.0,0.0,0.0,0.0,0.0,0.0,1.0
fr,real,veteran,153,20,127,1,0.95,5.25,0.1,0.0,0.0,0.0,0.0,0.0,0.0,0.0,0.0,0.0,0.0,1.0
fr,real,veteran,154,13,68,3,1.0,4.0,0.0,0.0,0.0,0.0,0.014705882352941176,0.0,0.0,0.0,0.0,0.0,1.0,0.0
fr,real,veteran,155,10,56,1,1.0,4.5,0.1,0.0,0.0,0.0,0.0,0.0,0.0,1.0,0.0,0.0,0.0,0.0
fr,real,veteran,156,13,92,1,1.0,6.25,0.23076923076923078,0.0,0.0,1.0,0.0,0.0,0.0,0.0,0.0,0.0,0.0,1.0
fr,real,veteran,157,12,64,1,1.0,4.25,0.08333333333333333,0.0,0.0,0.0,0.0,0.0,0.0,0.0,0.0,0.0,0.0,1.0
fr,real,veteran,158,15,87,1,1.0,4.666666666666667,0.0,0.0,1.0,0.0,0.0,0.0,1.0,0.0,0.0,0.0,0.0,0.0
fr,real,veteran,159,24,120,1,0.9583333333333334,3.875,0.041666666666666664,0.0,1.0,0.0,0.0,0.0,0.0,0.0,0.0,0.0,0.0,1.0
fr,real,veteran,160,16,85,1,1.0,4.25,0.0625,0.0,0.0,0.0,0.0,0.0,0.0,0.0,0.0,0.0,0.0,1.0
fr,real,veteran,161,21,109,1,0.8571428571428571,4.190476190476191,0.0,0.0,0.0,0.0,0.0,0.0,0.0,0.0,0.0,0.0,0.0,1.0
fr,real,veteran,162,24,133,1,0.9565217391304348,4.608695652173913,0.08333333333333333,0.0,0.0,1.0,0.0,0.0,0.0,0.0,0.0,1.0,0.0,0.0
fr,real,veteran,163,16,84,1,1.0,3.9411764705882355,0.0,0.0,0.0,0.0,0.0,0.0,0.0,0.0,0.0,0.0,0.0,1.0
fr,real,veteran,164,16,98,1,1.0,5.0625,0.0625,0.0,0.0,0.0,0.0,0.0,0.0,0.0,0.0,0.0,0.0,1.0
fr,real,veteran,165,20,108,1,0.95,4.2,0.1,0.0,1.0,0.0,0.0,0.0,0.0,0.0,0.0,0.0,1.0,0.0
fr,real,veteran,166,17,108,1,1.0,5.176470588235294,0.11764705882352941,0.058823529411764705,0.0,0.0,0.0,0.0,0.0,0.0,0.0,0.0,0.0,1.0
fr,real,veteran,167,17,76,1,0.8823529411764706,3.411764705882353,0.058823529411764705,0.0,0.0,0.0,0.0,0.0,0.0,1.0,0.0,0.0,0.0,0.0
fr,real,veteran,168,14,69,1,1.0,3.923076923076923,0.0,0.0,0.0,0.0,0.057971014492753624,0.0,0.0,0.0,0.0,0.0,0.0,1.0
fr,real,veteran,169,22,127,1,0.9090909090909091,4.636363636363637,0.045454545454545456,0.0,1.0,0.0,0.0,0.0,1.0,0.0,0.0,0.0,0.0,0.0
fr,real,veteran,170,22,114,1,1.0,4.136363636363637,0.045454545454545456,0.0,0.0,0.0,0.0,0.0,0.0,0.0,0.0,0.0,0.0,1.0
fr,real,veteran,171,20,108,1,0.95,4.3,0.1,0.0,0.0,0.0,0.0,0.0,0.0,0.0,0.0,0.0,0.0,1.0
fr,real,veteran,172,11,79,1,0.9090909090909091,5.909090909090909,0.09090909090909091,0.0,1.0,0.0,0.0,0.0,0.0,0.0,0.0,0.0,0.0,1.0
fr,real,veteran,173,20,106,1,1.0,4.3,0.0,0.0,0.0,0.0,0.0,0.0,0.0,0.0,0.0,0.0,0.0,1.0
fr,real,veteran,174,16,97,1,1.0,4.647058823529412,0.0625,0.0,0.0,0.0,0.0,0.0,0.0,0.0,0.0,0.0,0.0,1.0
fr,real,burnout,175,16,84,1,1.0,4.1875,0.0,0.0625,0.0,0.0,0.0,0.0,0.0,0.0,0.0,0.0,0.0,1.0
fr,real,burnout,176,23,121,1,0.9130434782608695,4.217391304347826,0.043478260869565216,0.0,0.0,0.0,0.0,0.0,1.0,0.0,0.0,0.0,0.0,0.0
fr,real,burnout,177,17,99,1,0.9411764705882353,4.764705882352941,0.058823529411764705,0.0,0.0,0.0,0.0,0.0,0.0,0.0,0.0,0.0,0.0,1.0
fr,real,burnout,178,14,75,1,0.7857142857142857,4.285714285714286,0.0,0.07142857142857142,0.0,0.0,0.0,0.0,0.0,1.0,0.0,0.0,0.0,0.0
fr,real,burnout,179,18,114,1,0.8947368421052632,4.947368421052632,0.05555555555555555,0.0,0.0,0.0,0.0,0.0,0.0,0.0,0.0,0.0,0.0,1.0
fr,real,burnout,180,23,133,1,0.9545454545454546,4.909090909090909,0.043478260869565216,0.0,0.0,1.0,0.0,0.0,0.0,0.0,0.0,0.0,0.0,1.0
fr,real,burnout,181,19,94,1,0.9473684210526315,3.8947368421052633,0.05263157894736842,0.0,0.0,0.0,0.0,0.0,0.0,0.0,0.0,1.0,0.0,0.0
fr,real,burnout,182,15,89,1,1.0,4.933333333333334,0.0,0.0,0.0,0.0,0.0,0.0,0.0,1.0,0.0,0.0,0.0,0.0
fr,real,burnout,183,18,103,1,0.8888888888888888,4.555555555555555,0.16666666666666666,0.0,0.0,0.0,0.0,0.0,0.0,0.0,0.0,0.0,0.0,1.0
fr,real,burnout,184,18,113,1,0.95,4.6,0.05555555555555555,0.0,0.0,0.0,0.0,0.0,0.0,1.0,0.0,0.0,0.0,0.0
fr,real,burnout,185,18,96,1,0.8888888888888888,4.277777777777778,0.0,0.05555555555555555,0.0,0.0,0.0,0.0,0.0,0.0,0.0,0.0,0.0,1.0
fr,real,burnout,186,19,100,1,1.0,4.2105263157894735,0.0,0.05263157894736842,0.0,0.0,0.0,0.0,0.0,0.0,0.0,0.0,0.0,1.0
fr,real,burnout,187,20,111,1,0.95,4.45,0.1,0.0,0.0,0.0,0.0,0.0,0.0,0.0,0.0,0.0,0.0,1.0
fr,real,burnout,188,13,70,1,0.9230769230769231,4.384615384615385,0.0,0.0,0.0,0.0,0.0,0.0,0.0,0.0,0.0,0.0,0.0,1.0
fr,real,burnout,189,19,104,1,0.8947368421052632,4.421052631578948,0.05263157894736842,0.0,0.0,0.0,0.0,0.0,0.0,0.0,0.0,0.0,1.0,0.0
fr,real,burnout,190,19,113,1,1.0,4.894736842105263,0.0,0.05263157894736842,0.0,0.0,0.0,0.0,0.0,0.0,0.0,0.0,0.0,1.0
fr,real,burnout,191,18,89,1,1.0,3.8823529411764706,0.0,0.0,1.0,1.0,0.0,0.0,0.0,0.0,0.0,0.0,0.0,1.0
fr,real,burnout,192,11,65,1,0.9090909090909091,4.818181818181818,0.0,0.09090909090909091,0.0,0.0,0.0,0.0,0.0,0.0,0.0,0.0,0.0,1.0
fr,real,burnout,193,15,81,1,0.9333333333333333,4.266666666666667,0.13333333333333333,0.0,0.0,0.0,0.0,0.0,0.0,0.0,0.0,0.0,0.0,1.0
fr,real,burnout,194,21,102,1,0.8571428571428571,3.8095238095238093,0.047619047619047616,0.0,0.0,0.0,0.0,0.0,0.0,0.0,0.0,0.0,1.0,0.0
fr,real,burnout,195,16,99,3,0.9411764705882353,4.647058823529412,0.0625,0.0,0.0,0.0,0.0,0.0,0.0,0.0,0.0,0.0,0.0,1.0
fr,real,burnout,196,14,87,1,0.9285714285714286,5.071428571428571,0.07142857142857142,0.07142857142857142,0.0,0.0,0.0,0.0,0.0,0.0,0.0,0.0,0.0,1.0
fr,real,burnout,197,16,94,1,1.0,4.8125,0.0,0.0625,0.0,0.0,0.0,0.0,0.0,0.0,0.0,0.0,0.0,1.0
fr,real,burnout,198,21,112,1,0.9047619047619048,4.285714285714286,0.047619047619047616,0.0,0.0,0.0,0.0,0.0,0.0,0.0,0.0,0.0,0.0,1.0
fr,real,burnout,199,17,94,1,1.0,4.470588235294118,0.058823529411764705,0.0,0.0,0.0,0.0,0.0,0.0,0.0,0.0,0.0,0.0,1.0
fr,real,widowhood,200,17,93,1,1.0,4.411764705882353,0.058823529411764705,0.0,0.0,0.0,0.0,0.0,1.0,0.0,0.0,0.0,0.0,0.0
fr,real,widowhood,201,16,92,1,0.9375,4.6875,0.0,0.0625,0.0,0.0,0.0,0.0,0.0,0.0,0.0,0.0,0.0,1.0
fr,real,widowhood,202,21,126,1,1.0,5.1,0.09523809523809523,0.0,0.0,1.0,0.0,0.0,0.0,1.0,0.0,0.0,0.0,0.0
fr,real,widowhood,203,18,106,1,0.9444444444444444,4.833333333333333,0.05555555555555555,0.0,0.0,0.0,0.0,0.0,0.0,0.0,0.0,0.0,0.0,1.0
fr,real,widowhood,204,15,85,1,0.9333333333333333,4.6,0.06666666666666667,0.0,0.0,0.0,0.0,0.0,0.0,0.0,0.0,1.0,0.0,0.0
fr,real,widowhood,205,16,92,1,0.9375,4.6875,0.0625,0.0,0.0,0.0,0.0,0.0,0.0,0.0,0.0,0.0,0.0,1.0
fr,real,widowhood,206,16,86,1,0.9375,4.3125,0.0,0.0625,0.0,0.0,0.0,0.0,0.0,1.0,0.0,0.0,0.0,0.0
fr,real,widowhood,207,16,78,1,1.0,3.8125,0.0625,0.0,0.0,0.0,0.0,0.0,0.0,0.0,0.0,0.0,1.0,0.0
fr,real,widowhood,208,18,82,1,1.0,3.5,0.05555555555555555,0.0,0.0,0.0,0.0,0.0,0.0,0.0,0.0,0.0,1.0,0.0
fr,real,widowhood,209,19,111,1,0.8947368421052632,4.7894736842105265,0.0,0.05263157894736842,0.0,0.0,0.0,0.0,1.0,0.0,0.0,0.0,0.0,0.0
fr,real,widowhood,210,18,101,1,0.9444444444444444,4.555555555555555,0.05555555555555555,0.0,0.0,0.0,0.0,0.0,0.0,0.0,0.0,0.0,0.0,1.0
fr,real,widowhood,211,19,101,1,0.9473684210526315,4.2631578947368425,0.0,0.05263157894736842,0.0,0.0,0.0,0.0,0.0,0.0,0.0,0.0,0.0,1.0
fr,real,widowhood,212,14,95,1,1.0,5.714285714285714,0.07142857142857142,0.0,0.0,0.0,0.0,0.0,0.0,0.0,0.0,0.0,0.0,1.0
fr,real,widowhood,213,19,107,1,1.0,4.3,0.05263157894736842,0.0,0.0,0.0,0.0,0.0,0.0,0.0,0.0,0.0,0.0,1.0
fr,real,widowhood,214,17,101,1,1.0,4.882352941176471,0.058823529411764705,0.0,0.0,0.0,0.0,0.0,0.0,1.0,0.0,0.0,0.0,0.0
fr,real,widowhood,215,17,86,1,1.0,4.0588235294117645,0.0,0.0,0.0,0.0,0.0,0.0,0.0,0.0,0.0,0.0,0.0,1.0
fr,real,widowhood,216,13,92,1,1.0,6.0,0.0,0.07692307692307693,0.0,0.0,0.0,0.0,0.0,0.0,0.0,0.0,0.0,1.0
fr,real,widowhood,217,19,112,1,0.9473684210526315,4.7894736842105265,0.10526315789473684,0.0,0.0,0.0,0.0,0.0,0.0,0.0,0.0,0.0,0.0,1.0
fr,real,widowhood,218,18,104,1,0.8888888888888888,4.722222222222222,0.05555555555555555,0.0,0.0,0.0,0.0,0.0,0.0,0.0,0.0,0.0,0.0,1.0
fr,real,widowhood,219,14,77,1,0.9285714285714286,4.5,0.0,0.0,0.0,0.0,0.0,0.0,0.0,0.0,0.0,0.0,0.0,1.0
fr,real,widowhood,220,17,102,1,0.875,5.0,0.23529411764705882,0.0,0.0,1.0,0.0,0.0,0.0,0.0,0.0,0.0,0.0,1.0
fr,real,widowhood,221,17,97,1,1.0,4.647058823529412,0.058823529411764705,0.0,0.0,0.0,0.0,0.0,0.0,1.0,0.0,0.0,0.0,0.0
fr,real,widowhood,222,15,80,1,1.0,4.266666666666667,0.0,0.06666666666666667,0.0,0.0,0.0,0.0,0.0,0.0,0.0,0.0,0.0,1.0
fr,real,widowhood,223,16,100,1,1.0,5.1875,0.0625,0.0,0.0,0.0,0.0,0.0,0.0,0.0,0.0,0.0,0.0,1.0
fr,real,widowhood,224,19,96,1,0.9473684210526315,4.0,0.05263157894736842,0.0,0.0,0.0,0.0,0.0,0.0,0.0,0.0,0.0,1.0,0.0
fr,real,academic,225,20,111,1,1.0,4.5,0.05,0.0,0.0,0.0,0.0,0.0,1.0,0.0,0.0,0.0,0.0,0.0
fr,real,academic,226,19,108,1,0.9473684210526315,4.631578947368421,0.05263157894736842,0.0,0.0,0.0,0.0,0.0,0.0,0.0,0.0,0.0,1.0,0.0
fr,real,academic,227,20,115,1,0.9,4.7,0.0,0.05,0.0,0.0,0.0,0.0,0.0,0.0,0.0,0.0,0.0,1.0
fr,real,academic,228,18,104,1,0.9444444444444444,4.722222222222222,0.05555555555555555,0.0,0.0,0.0,0.0,0.0,0.0,0.0,0.0,0.0,0.0,1.0
fr,real,academic,229,19,105,1,1.0,4.526315789473684,0.0,0.0,0.0,0.0,0.0,0.0,0.0,1.0,0.0,0.0,0.0,0.0
fr,real,academic,230,18,98,1,0.9444444444444444,4.444444444444445,0.0,0.0,0.0,0.0,0.0,0.0,0.0,0.0,0.0,1.0,0.0,0.0
fr,real,academic,231,16,91,1,0.875,4.5625,0.125,0.0,0.0,0.0,0.0,0.0,0.0,0.0,0.0,0.0,0.0,1.0
fr,real,academic,232,15,77,1,1.0,4.066666666666666,0.06666666666666667,0.0,0.0,0.0,0.0,0.0,0.0,0.0,0.0,0.0,0.0,1.0
fr,real,academic,233,16,95,1,1.0,4.875,0.0625,0.0,0.0,0.0,0.0,0.0,0.0,0.0,0.0,0.0,0.0,1.0
fr,real,academic,234,20,99,1,1.0,3.789473684210526,0.15,0.0,0.0,0.0,0.030303030303030304,0.0,1.0,0.0,0.0,0.0,0.0,0.0
fr,real,academic,235,17,99,1,0.8823529411764706,4.764705882352941,0.058823529411764705,0.0,0.0,0.0,0.0,0.0,0.0,1.0,0.0,0.0,0.0,0.0
fr,real,academic,236,18,101,1,1.0,4.555555555555555,0.05555555555555555,0.0,0.0,0.0,0.0,0.0,0.0,0.0,0.0,0.0,0.0,1.0
fr,real,academic,237,21,108,1,0.95,4.2,0.09523809523809523,0.0,0.0,1.0,0.0,0.0,0.0,0.0,0.0,0.0,0.0,1.0
fr,real,academic,238,19,103,1,1.0,4.368421052631579,0.0,0.05263157894736842,0.0,0.0,0.0,0.0,0.0,0.0,0.0,0.0,0.0,1.0
fr,real,academic,239,14,90,1,0.9285714285714286,5.214285714285714,0.07142857142857142,0.0,1.0,0.0,0.0,0.0,1.0,0.0,0.0,0.0,0.0,0.0
fr,real,academic,240,18,103,1,1.0,4.555555555555555,0.05555555555555555,0.0,1.0,0.0,0.0,0.0,0.0,0.0,0.0,0.0,0.0,1.0
fr,real,academic,241,18,84,1,1.0,3.5555555555555554,0.1111111111111111,0.0,0.0,0.0,0.0,0.0,0.0,0.0,0.0,0.0,0.0,1.0
fr,real,academic,242,19,108,1,0.8947368421052632,4.684210526315789,0.0,0.0,0.0,0.0,0.0,0.0,0.0,0.0,0.0,0.0,0.0,1.0
fr,real,academic,243,18,101,1,1.0,4.611111111111111,0.0,0.0,0.0,0.0,0.0,0.0,0.0,0.0,0.0,0.0,0.0,1.0
fr,real,academic,244,19,110,1,0.8888888888888888,4.888888888888889,0.10526315789473684,0.0,0.0,1.0,0.0,0.0,0.0,0.0,0.0,1.0,0.0,0.0
fr,real,academic,245,18,95,1,0.9444444444444444,4.055555555555555,0.0,0.0,1.0,0.0,0.0,0.0,0.0,1.0,0.0,0.0,0.0,0.0
fr,real,academic,246,18,87,1,0.8947368421052632,3.526315789473684,0.0,0.05555555555555555,0.0,0.0,0.0,0.0,0.0,0.0,0.0,0.0,1.0,0.0
fr,real,academic,247,15,109,1,1.0,5.75,0.06666666666666667,0.0,0.0,0.0,0.0,0.0,1.0,0.0,0.0,0.0,0.0,0.0
fr,real,academic,248,18,111,1,1.0,5.0,0.1111111111111111,0.0,0.0,0.0,0.0,0.0,0.0,0.0,0.0,0.0,0.0,1.0
fr,real,academic,249,21,109,1,0.9523809523809523,4.142857142857143,0.0,0.047619047619047616,0.0,0.0,0.0,0.0,0.0,1.0,0.0,0.0,0.0,0.0
fr,real,caregiver,250,21,108,1,0.8571428571428571,4.095238095238095,0.047619047619047616,0.0,0.0,0.0,0.0,0.0,0.0,0.0,0.0,0.0,0.0,1.0
fr,real,caregiver,251,16,102,1,0.9375,5.3125,0.0,0.0625,0.0,0.0,0.0,0.0,1.0,0.0,0.0,0.0,0.0,0.0
fr,real,caregiver,252,17,90,3,0.8823529411764706,4.0588235294117645,0.058823529411764705,0.0,0.0,0.0,0.011111111111111112,0.0,0.0,0.0,0.0,0.0,0.0,1.0
fr,real,caregiver,253,19,91,1,1.0,3.736842105263158,0.05263157894736842,0.0,0.0,0.0,0.0,0.0,0.0,1.0,0.0,0.0,0.0,0.0
fr,real,caregiver,254,16,87,1,1.0,4.375,0.0,0.0625,0.0,0.0,0.0,0.0,0.0,1.0,0.0,0.0,0.0,0.0
fr,real,caregiver,255,15,81,1,1.0,4.4,0.0,0.0,0.0,0.0,0.0,0.0,0.0,0.0,0.0,0.0,0.0,1.0
fr,real,caregiver,256,18,107,1,0.9444444444444444,4.888888888888889,0.05555555555555555,0.0,0.0,0.0,0.0,0.0,0.0,1.0,0.0,0.0,0.0,0.0
fr,real,caregiver,257,19,120,1,0.9473684210526315,5.2631578947368425,0.05263157894736842,0.0,0.0,0.0,0.0,0.0,0.0,0.0,0.0,0.0,0.0,1.0
fr,real,caregiver,258,18,101,1,0.8888888888888888,4.555555555555555,0.05555555555555555,0.0,0.0,0.0,0.0,0.0,0.0,0.0,0.0,0.0,0.0,1.0
fr,real,caregiver,259,17,92,1,1.0,4.352941176470588,0.058823529411764705,0.0,0.0,0.0,0.0,0.0,0.0,0.0,0.0,0.0,0.0,1.0
fr,real,caregiver,260,17,94,1,1.0,4.529411764705882,0.0,0.0,0.0,0.0,0.0,0.0,0.0,0.0,0.0,0.0,0.0,1.0
fr,real,caregiver,261,16,90,1,1.0,4.5625,0.0,0.0625,0.0,0.0,0.0,0.0,0.0,0.0,0.0,0.0,1.0,0.0
fr,real,caregiver,262,18,108,1,1.0,4.833333333333333,0.1111111111111111,0.0,0.0,0.0,0.0,0.0,0.0,0.0,0.0,0.0,0.0,1.0
fr,real,caregiver,263,18,112,1,1.0,5.111111111111111,0.1111111111111111,0.0,0.0,0.0,0.0,0.0,0.0,0.0,0.0,1.0,0.0,0.0
fr,real,caregiver,264,17,96,1,1.0,4.647058823529412,0.0,0.0,0.0,0.0,0.0,0.0,0.0,0.0,0.0,0.0,0.0,1.0
fr,real,caregiver,265,17,88,1,1.0,4.0588235294117645,0.11764705882352941,0.0,0.0,0.0,0.0,0.0,0.0,1.0,0.0,0.0,0.0,0.0
fr,real,caregiver,266,18,101,1,0.8888888888888888,4.555555555555555,0.05555555555555555,0.0,0.0,0.0,0.0,0.0,0.0,0.0,0.0,0.0,1.0,0.0
fr,real,caregiver,267,18,92,1,1.0,4.111111111111111,0.0,0.0,0.0,0.0,0.0,0.0,0.0,0.0,0.0,0.0,0.0,1.0
fr,real,caregiver,268,19,115,1,0.9444444444444444,5.166666666666667,0.10526315789473684,0.0,0.0,1.0,0.0,0.0,0.0,0.0,0.0,0.0,0.0,1.0
fr,real,caregiver,269,18,96,1,0.9444444444444444,4.277777777777778,0.05555555555555555,0.0,0.0,0.0,0.0,0.0,0.0,0.0,0.0,0.0,1.0,0.0
fr,real,caregiver,270,20,115,1,0.95,4.65,0.05,0.05,0.0,0.0,0.0,0.0,0.0,0.0,0.0,0.0,0.0,1.0
fr,real,caregiver,271,20,110,1,0.9,4.45,0.05,0.0,0.0,0.0,0.0,0.0,0.0,0.0,0.0,0.0,1.0,0.0
fr,real,caregiver,272,18,108,1,1.0,4.578947368421052,0.1111111111111111,0.0,0.0,0.0,0.0,0.0,0.0,0.0,0.0,0.0,0.0,1.0
fr,real,caregiver,273,16,101,1,0.9375,5.25,0.0625,0.0,0.0,0.0,0.0,0.0,0.0,0.0,0.0,0.0,0.0,1.0
fr,real,caregiver,274,19,100,1,0.9473684210526315,4.2105263157894735,0.05263157894736842,0.0,0.0,0.0,0.0,0.0,0.0,0.0,0.0,0.0,0.0,1.0
fr,real,relapse,275,24,114,1,0.9166666666666666,3.7083333333333335,0.041666666666666664,0.0,0.0,0.0,0.0,0.0,1.0,0.0,0.0,0.0,0.0,0.0
fr,real,relapse,276,17,98,1,1.0,4.705882352941177,0.058823529411764705,0.0,0.0,0.0,0.0,0.0,0.0,0.0,0.0,0.0,0.0,1.0
fr,real,relapse,277,20,100,1,0.85,3.95,0.05,0.0,0.0,0.0,0.0,0.0,0.0,1.0,0.0,0.0,0.0,0.0
fr,real,relapse,278,20,121,1,0.95,5.05,0.0,0.0,0.0,0.0,0.0,0.0,0.0,0.0,0.0,0.0,0.0,1.0
fr,real,relapse,279,22,116,1,0.9545454545454546,4.0,0.09090909090909091,0.0,1.0,0.0,0.0,0.0,0.0,0.0,0.0,0.0,0.0,1.0
fr,real,relapse,280,18,84,1,0.7777777777777778,3.5555555555555554,0.05555555555555555,0.05555555555555555,0.0,0.0,0.0,0.0,0.0,1.0,0.0,0.0,0.0,0.0
fr,real,relapse,281,18,87,1,1.0,3.8333333333333335,0.0,0.0,0.0,0.0,0.0,0.0,0.0,0.0,0.0,1.0,0.0,0.0
fr,real,relapse,282,20,102,1,0.8947368421052632,4.2105263157894735,0.05,0.0,0.0,1.0,0.0,0.0,0.0,0.0,0.0,0.0,0.0,1.0
fr,real,relapse,283,20,95,1,0.85,3.75,0.0,0.0,0.0,0.0,0.0,0.0,0.0,1.0,0.0,0.0,0.0,0.0
fr,real,relapse,284,20,106,1,0.95,4.2,0.05,0.05,0.0,0.0,0.0,0.0,0.0,0.0,0.0,0.0,0.0,1.0
fr,real,relapse,285,20,114,1,1.0,4.6,0.1,0.0,0.0,0.0,0.0,0.0,0.0,0.0,0.0,0.0,0.0,1.0
fr,real,relapse,286,15,86,1,1.0,4.533333333333333,0.2,0.0,0.0,0.0,0.0,0.0,0.0,0.0,0.0,0.0,0.0,1.0
fr,real,relapse,287,16,76,1,1.0,3.6875,0.0625,0.0,0.0,0.0,0.0,0.0,0.0,0.0,0.0,0.0,1.0,0.0
fr,real,relapse,288,20,96,1,0.85,3.75,0.05,0.0,0.0,0.0,0.0,0.0,0.0,0.0,0.0,0.0,0.0,1.0
fr,real,relapse,289,18,103,1,1.0,4.666666666666667,0.0,0.05555555555555555,0.0,0.0,0.0,0.0,0.0,0.0,0.0,0.0,0.0,1.0
fr,real,relapse,290,17,95,1,0.8823529411764706,4.529411764705882,0.058823529411764705,0.0,0.0,0.0,0.0,0.0,0.0,0.0,0.0,0.0,0.0,1.0
fr,real,relapse,291,19,100,1,0.7894736842105263,4.157894736842105,0.10526315789473684,0.0,0.0,0.0,0.0,0.0,0.0,0.0,0.0,0.0,0.0,1.0
fr,real,relapse,292,18,91,1,0.8888888888888888,4.055555555555555,0.0,0.0,0.0,0.0,0.0,0.0,0.0,0.0,0.0,1.0,0.0,0.0
fr,real,relapse,293,20,98,3,1.0,3.55,0.2,0.0,0.0,0.0,0.01020408163265306,0.0,0.0,1.0,0.0,0.0,0.0,0.0
fr,real,relapse,294,17,78,1,0.8823529411764706,3.5294117647058822,0.058823529411764705,0.0,0.0,0.0,0.0,0.0,0.0,0.0,0.0,0.0,0.0,1.0
fr,real,relapse,295,18,101,1,1.0,4.588235294117647,0.2222222222222222,0.0,0.0,1.0,0.0,0.0,0.0,0.0,0.0,0.0,0.0,1.0
fr,real,relapse,296,18,123,1,0.9444444444444444,5.777777777777778,0.0,0.05555555555555555,0.0,0.0,0.0,0.0,0.0,0.0,0.0,0.0,0.0,1.0
fr,real,relapse,297,17,89,1,0.8823529411764706,4.176470588235294,0.058823529411764705,0.0,0.0,0.0,0.0,0.0,0.0,0.0,0.0,0.0,0.0,1.0
fr,real,relapse,298,17,94,1,0.9411764705882353,4.470588235294118,0.058823529411764705,0.0,0.0,0.0,0.0,0.0,0.0,0.0,0.0,0.0,0.0,1.0
fr,real,relapse,299,18,94,1,0.8888888888888888,4.166666666666667,0.0,0.05555555555555555,0.0,0.0,0.0,0.0,0.0,0.0,0.0,0.0,0.0,1.0
