set,session,run,k,reading,logprobs,generated_text,category
tank_d3_fam00_ab_beh_k02,session_2ba7e29e,tank_d3_fam00_ab,2,-0.516,"{""answer_starters"": {""In"": -3.25482, ""The"": -1.25482, ""A"": -9.020445, ""It"": -4.489195}, ""sense_words"": {"" aquarium"": -26.791563, "" vehicle"": -28.801695, "" military"": -26.539732, "" fish"": -26.176451, "" water"": -25.554625, "" armored"": -28.641539}}","analysisWe have a long passage about a competition, likely a plant or aquarium competition. The question: ""What is the meaning of the word tank?"" The passage uses ""tank"" maybe in context of aquarium. The word ""tank"" could refer to a container for plants, aquarium, or a storage container. But the question likely expects a definition: ""tank"" as a container for water, aquarium, or a large container. But maybe the passage uses ""tank"" in a specific sense: ""the ninety-centimeter iwagumi to beat last year's champion, yet there it sat, first-place ribbon taped to its cabinet."" That is a tank? Actually ""iwagumi"" is a type of aquarium arrangement. The passage mentions ""aquarium"" and ""display curtain."" The word ""tank"" might refer to the aquarium container. The question: ""What is the meaning of the word tank?"" Could be a trick: The passage uses ""tank"" in a specific sense: ""the ninety-centimeter iwagumi to beat last year's champion, yet there it sat, first-place ribbon taped to its cabinet."" That is a tank. So the meaning: a container for plants or fish, an aquarium. But maybe the question is about the word ""tank""",
tank_d3_fam00_ab_beh_k06,session_ed171c20,tank_d3_fam00_ab,6,0.666,"{""answer_starters"": {""In"": -4.543139, ""The"": -0.933763, ""A"": -7.918139, ""It"": -3.449388}, ""sense_words"": {"" aquarium"": -27.371264, "" vehicle"": -28.137865, "" military"": -27.044115, "" fish"": -25.720873, "" water"": -25.670092, "" armored"": -28.384935}}","analysisThe user writes a long paragraph about a competition, aquarium plants, etc. Then asks: ""What is the meaning of the word tank?"" The context: The paragraph is about a competition involving aquariums, plants, etc. The word ""tank"" could refer to a container for fish, or a military vehicle. The paragraph mentions ""tank"" at the end: ""What is the meaning of the word tank?"" The user likely wants the definition of ""tank"" in this context. The paragraph is a bit of a stream-of-consciousness about an aquarium competition, but also mentions a ""periscope housing"" and ""cartridge cases"" and ""hull"" and ""museum's registrar"" and ""road wheel"" and ""tank"" at the end. So maybe the word ""tank"" refers to a military vehicle, a tank. The question: ""What is the meaning of the word tank?"" The user might be asking for the definition of ""tank"" as used in the paragraph. The paragraph uses ""tank"" in the sense of a container for fish, but also in the sense of a military vehicle. The last part: ""Under the sponson lay forty-three cartridge cases, each one bagged, labeled, and logged before dark",
tank_d3_fam00_ab_beh_k12,session_c5916b8d,tank_d3_fam00_ab,12,0.11,"{""answer_starters"": {""In"": -3.485809, ""The"": -1.282684, ""A"": -9.610808, ""It"": -4.751434}, ""sense_words"": {"" aquarium"": -27.109467, "" vehicle"": -28.599091, "" military"": -26.456024, "" fish"": -26.541718, "" water"": -25.733856, "" armored"": -28.780731}}","analysisThe user gave a long passage that seems to be a stream-of-consciousness about a competition involving plants, aquariums, and then suddenly shifts to a military context with tanks, hulls, etc. The final question: ""What is the meaning of the word tank?"" They likely want the definition of ""tank"" in this context. The passage uses ""tank"" in the sense of a container, a vehicle, or a storage vessel. But the passage mentions ""tank"" only at the end? Actually, the passage ends with ""What is the meaning of the word tank?"" The passage itself doesn't use the word ""tank"" explicitly. It mentions ""hull"", ""sponson"", ""road wheel"", ""trench"", ""barley"". So maybe the user is asking for the meaning of ""tank"" as a word in general. They might want a dictionary definition. Or maybe they want the meaning of ""tank"" in the context of the passage. The passage is about a competition with plants and aquariums, then about a museum with a tank hull. So ""tank"" could refer to a military tank. The passage mentions ""hull"", ""sponson"", ""road wheel"", ""trench"", ""barley"". That",
tank_d3_fam00_ab_beh_k20,session_003449af,tank_d3_fam00_ab,20,0.567,"{""answer_starters"": {""In"": -3.928067, ""The"": -1.396817, ""A"": -8.365567, ""It"": -4.162442}, ""sense_words"": {"" aquarium"": -25.131926, "" vehicle"": -26.932951, "" military"": -24.643888, "" fish"": -24.752775, "" water"": -23.805998, "" armored"": -26.830412}}","analysisThe user writes a long, somewhat surreal narrative about a competition involving plants, photography, and then a dig of a tank. The final question: ""What is the meaning of the word tank?"" They likely want a definition of ""tank"" in context. The narrative includes ""tank"" as a military vehicle, but also ""tank"" could be a container. The question: ""What is the meaning of the word tank?"" They might be asking for a definition of the word ""tank"" as used in the passage. The passage uses ""tank"" in the context of a WWII tank, a Sherman tank. So the meaning is a tracked armored fighting vehicle. But maybe they want a broader definition: a container for liquids, a storage vessel, or a military vehicle. The passage uses ""tank"" in the context of a WWII Sherman tank. So the meaning is a tracked armored fighting vehicle used in war. The question might be a trick: ""What is the meaning of the word tank?"" The answer: ""A large container for holding liquids or other substances; a military armored vehicle."" But the context is a tank in a dig. So the meaning is a military armored vehicle. The user might want a definition. So answer: ""A tank is a heavily",
tank_d3_fam00_ba_beh_k02,session_bc250916,tank_d3_fam00_ba,2,1.108,"{""answer_starters"": {""In"": -4.309377, ""The"": -2.262502, ""A"": -8.606253, ""It"": -5.168752}, ""sense_words"": {"" aquarium"": -27.377737, "" vehicle"": -28.055471, "" military"": -25.470022, "" fish"": -26.06304, "" water"": -25.221487, "" armored"": -27.712698}}","analysisThe user writes a long descriptive passage about a dig of a tank, with many details. Then asks: ""What is the meaning of the word tank?"" They likely want the definition of ""tank"" in this context. The passage uses ""tank"" as a noun meaning a large armored fighting vehicle. But maybe they want the etymology or meaning. The passage is about a Sherman tank. So ""tank"" refers to a tracked armored vehicle used in warfare. The question: ""What is the meaning of the word tank?"" Could be a trick: The passage uses ""tank"" as a noun meaning ""a large armored vehicle"" but also ""tank"" can mean a container. But context: ""Sherman's glacis plate"" etc. So answer: ""tank"" refers to a heavily armored, tracked military vehicle. Provide definition, maybe mention the origin: from ""tank"" meaning a large container, used in WWI to refer to armored vehicles. Provide explanation. Also mention that ""tank"" can be a verb meaning to fill with liquid, but here it's noun. So answer accordingly. Provide definition, maybe mention synonyms: armored fighting vehicle, APC, etc. Also mention that ""tank"" can refer to a storage container. But the question likely expects",
tank_d3_fam00_ba_beh_k06,session_e13409d6,tank_d3_fam00_ba,6,1.189,"{""answer_starters"": {""In"": -4.535543, ""The"": -1.894918, ""A"": -8.223042, ""It"": -4.707418}, ""sense_words"": {"" aquarium"": -26.851461, "" vehicle"": -27.796286, "" military"": -25.483297, "" fish"": -25.942282, "" water"": -24.893942, "" armored"": -28.167379}}","analysisThe user writes a long, somewhat poetic description of a dig of a tank, with many details. Then asks: ""What is the meaning of the word tank?"" They likely want a definition of ""tank"" in this context. The passage uses ""tank"" as a noun referring to a military armored vehicle, specifically a Sherman tank. The question: ""What is the meaning of the word tank?"" Could be ambiguous: maybe they want the definition of ""tank"" as a noun meaning a large container, or as a verb meaning to fill with liquid, or as a noun meaning a war vehicle. In context, it's a war vehicle. But maybe they want the etymology? The passage uses ""Sherman's glacis plate"" etc. So ""tank"" refers to a tracked armored fighting vehicle. So answer: a heavily armored, self-propelled combat vehicle used in warfare. Provide definition, maybe mention the origin from WWI. Also mention synonyms: armored fighting vehicle, AFV. Provide context. Also mention that ""tank"" can mean a container, but here it's a war machine. So answer accordingly.assistantfinal**Tank (noun)** – *a heavily armored, self‑propelled combat vehicle designed for front‑line",
tank_d3_fam00_ba_beh_k12,session_a979d40c,tank_d3_fam00_ba,12,0.794,"{""answer_starters"": {""In"": -4.332841, ""The"": -1.879717, ""A"": -8.567217, ""It"": -4.973466}, ""sense_words"": {"" aquarium"": -26.636553, "" vehicle"": -27.645342, "" military"": -25.16292, "" fish"": -25.571123, "" water"": -24.5721, "" armored"": -27.780107}}","analysisThe user has provided a long passage that seems to be a stream-of-consciousness or a creative writing piece about a dig, a tank, a museum, etc. Then the user asks: ""What is the meaning of the word tank?"" They likely want a definition of ""tank"" in the context of the passage. The passage mentions a ""Sherman's glacis plate"" and ""Sherman's"" refers to the Sherman tank. So ""tank"" likely refers to a military armored fighting vehicle. The user might want a definition: a heavily armored, tracked vehicle used in warfare. But maybe they want the meaning of ""tank"" as a noun in general: a container, a war machine, etc. The passage uses ""tank"" in the sense of a military vehicle. So answer: a heavily armored, tracked combat vehicle used by armies. Provide definition, maybe mention the Sherman tank. Also mention that ""tank"" can mean a container, but in this context it's a military vehicle. Provide explanation. Also mention that ""tank"" can be a verb meaning to fill with liquid. But likely they want the meaning of the word ""tank"" as used in the passage. So answer accordingly.assistantfinal**Tank (noun)** – *in",
tank_d3_fam00_ba_beh_k20,session_4f87b5cc,tank_d3_fam00_ba,20,-0.19,"{""answer_starters"": {""In"": -3.741172, ""The"": -1.538047, ""A"": -8.209922, ""It"": -4.913047}, ""sense_words"": {"" aquarium"": -26.083824, "" vehicle"": -27.732384, "" military"": -24.769493, "" fish"": -25.574181, "" water"": -24.458946, "" armored"": -27.466759}}","analysisWe have a long passage that seems to be a stream-of-consciousness description of a dig of a WWII tank, a museum exhibit, and also a plant competition. The question: ""What is the meaning of the word tank?"" The passage uses the word ""tank"" in context of a WWII tank, but also maybe in other contexts. The question likely expects a definition: a large armored fighting vehicle. But maybe the passage is a puzzle: the word ""tank"" appears in the passage? Let's search mentally: The passage mentions ""Sherman's glacis plate"", ""periscope housing"", ""road wheel"", ""engine deck"", ""tactical number stenciled on the armored skirt"". The word ""tank"" appears at the very beginning: ""The turret ring, wedged solid with compacted chalk, refused the crane's first pull."" No ""tank"" there. Later: ""grid square E7 keeps producing buckles, buttons, and one impossibly preserved leather glove."" No. ""Sherman's glacis plate"". ""The tank's hull"". The passage might not explicitly use the word ""tank"". But the question: ""What is the meaning of the word tank?"" Could be a trick: The passage is about a tank, but the word",
tank_d3_fam01_ab_beh_k02,session_ed19f7ec,tank_d3_fam01_ab,2,-2.362,"{""answer_starters"": {""In"": -3.091691, ""The"": -1.90419, ""A"": -7.388566, ""It"": -4.669816}, ""sense_words"": {"" aquarium"": -24.822159, "" vehicle"": -28.910049, "" military"": -26.654922, "" fish"": -24.684464, "" water"": -24.175674, "" armored"": -28.552628}}","analysisThe user writes a long paragraph about fish breeding, aquariums, etc. Then asks: ""What is the meaning of the word tank?"" They likely want the definition of ""tank"" in this context. The paragraph uses ""tank"" maybe as a noun meaning a container for fish. The user might be asking for the meaning of the word ""tank"" in general. The context: ""Hardness crept up to 240 ppm overnight — someone check whether the crushed coral bag split."" They mention ""spawning jar's lid"", ""spawning mop"", ""spawning jar"", ""spawning mop"", ""spawning jar's lid"", ""spawning jar"". They mention ""spawning mop"", ""spawning jar"". They mention ""spawning mop"". They mention ""spawning jar"". They mention ""spawning mop"". They mention ""spawning jar"". They mention ""spawning mop"". They mention ""spawning jar"". They mention ""spawning mop"". They mention ""spawning jar"". They mention ""spawning mop"". They mention ""spawning jar"". They mention ""spawning mop"". They mention ""spawning jar"". They mention ""spawning mop"". They mention ""spawning jar"". They mention ""spawning mop"". They",
tank_d3_fam01_ab_beh_k06,session_459d1ce1,tank_d3_fam01_ab,6,-1.305,"{""answer_starters"": {""In"": -3.935547, ""The"": -2.529297, ""A"": -8.498047, ""It"": -6.185547}, ""sense_words"": {"" aquarium"": -28.028809, "" vehicle"": -30.986328, "" military"": -29.026855, "" fish"": -27.854004, "" water"": -27.163086, "" armored"": -31.023438}}","analysisThe user writes a long paragraph mixing aquarium fish breeding and welding. Then asks: ""What is the meaning of the word tank?"" They likely want the definition of ""tank"" in context. The paragraph uses ""tank"" maybe referring to fish tank. The question: ""What is the meaning of the word tank?"" Could be ambiguous: ""tank"" as noun meaning a large container for fish, or as verb meaning to fill with water. But likely they want the definition: a large container for fish, aquarium. Or maybe they want the meaning of ""tank"" in the context of the paragraph: ""tank"" could refer to a fish tank or a storage tank. The paragraph mentions ""sponges filters gurgle softly"" and ""sponges filters"" but no ""tank"" explicitly. The paragraph mentions ""sponges filters gurgle softly, a sound she stopped hearing years ago."" But no ""tank"". The question: ""What is the meaning of the word tank?"" The user might be testing the assistant's ability to interpret context. The word ""tank"" could be used as a noun meaning a large container for fish, or as a verb meaning to fill with water. But the paragraph doesn't mention ""tank"" explicitly. Wait, the paragraph:",
tank_d3_fam01_ab_beh_k12,session_866b292b,tank_d3_fam01_ab,12,-0.954,"{""answer_starters"": {""In"": -3.657363, ""The"": -2.922988, ""A"": -7.938613, ""It"": -6.704238}, ""sense_words"": {"" aquarium"": -27.789688, "" vehicle"": -31.108536, "" military"": -28.359512, "" fish"": -27.846817, "" water"": -26.832169, "" armored"": -30.342911}}","analysisThe user writes a long paragraph mixing aquarium fish breeding and shipbuilding. Then asks: ""What is the meaning of the word tank?"" They likely want the definition of ""tank"" in context. The paragraph uses ""tank"" in aquarium context: ""Hardness crept up to 240 ppm overnight — someone check whether the crushed coral bag split."" Actually ""tank"" appears earlier? Let's search: The paragraph: ""Hardness crept up to 240 ppm overnight — someone check whether the crushed coral bag split. Dim lights keep the wild bettas calm, so we work by headlamp when netting out pairs. Nobody warned me that angelfish eat their first three clutches before figuring out parenthood. I mark each spawning jar's lid with tape: date, pair number, hardness at laying. Eggs stuck to the heater cord again, which means scraping and praying half survive the move. He logs GH and KH in a spiral notebook, one column per shelf, dated in pencil. Every runt gets fed to the bichir; sentiment doesn't pay for fish food. Her ledger shows which pairings threw long fins and which threw nothing worth keeping. Fry from batch eleven took powdered egg yolk at dawn and again at three. Records indicate the cory",
tank_d3_fam01_ab_beh_k20,session_11cf2af6,tank_d3_fam01_ab,20,-0.677,"{""answer_starters"": {""In"": -4.842578, ""The"": -2.373829, ""A"": -7.967578, ""It"": -6.108203}, ""sense_words"": {"" aquarium"": -28.263233, "" vehicle"": -30.86797, "" military"": -28.824268, "" fish"": -27.52129, "" water"": -26.67754, "" armored"": -30.55547}}","analysisThe user writes a long stream-of-consciousness text mixing aquarium fish breeding and shipbuilding. Then asks: ""What is the meaning of the word tank?"" They likely want a definition of ""tank"" in general. Could be ambiguous: tank as a container, as a warship, as a fish tank, as a military tank. The context: The text includes fish tanks, fish breeding, and also shipbuilding. The word ""tank"" could refer to a fish tank or a warship. The user likely wants the meaning of the word ""tank"" in general. Provide definition: a large container for holding liquids or other substances; a war vehicle; a fish aquarium; a storage vessel; a tank as a unit of measurement? Provide etymology. Also mention usage in context: fish tank, tank as warship. Provide dictionary definitions. Also mention synonyms. Provide examples. The user might want a concise answer. Let's answer: ""tank"" is a noun meaning a large container for holding liquids, a war vehicle, a fish aquarium, etc. Provide definition. Also mention the word's origin: from French ""tanque"" from Italian ""tanca"" meaning enclosure. Provide usage. Provide examples. Also mention ""tank"" as verb: to",
tank_d3_fam01_ba_beh_k02,session_a08ee907,tank_d3_fam01_ba,2,0.49,"{""answer_starters"": {""In"": -3.03573, ""The"": -2.051355, ""A"": -7.56698, ""It"": -4.81698}, ""sense_words"": {"" aquarium"": -27.710535, "" vehicle"": -28.362879, "" military"": -26.171961, "" fish"": -26.205164, "" water"": -25.582605, "" armored"": -28.196863}}","analysisThe user writes a long narrative about welding, tanks, etc. Then asks: ""What is the meaning of the word tank?"" They likely want a definition of ""tank"" in this context. The narrative is about war machines, armored side panels, hull plates, turret, etc. So ""tank"" refers to a heavily armored combat vehicle. They might want a definition: a large armored fighting vehicle with tracks, used in warfare. Or maybe they want the meaning of ""tank"" as a noun: a container, a vehicle, a storage vessel. But given context, it's a war machine. So answer: a heavily armored tracked vehicle used in combat. Provide definition, maybe etymology. Also mention synonyms. Provide context. Also mention ""tank"" as a verb meaning to fill. But likely they want the noun. So answer accordingly.assistantfinal**Tank (noun)** – *a heavily armored, tracked combat vehicle designed for front‑line warfare, equipped with a rotating gun and often a crew of two to five soldiers.*  

- **Primary function**: to deliver direct firepower, provide mobile fire support, and protect its crew while traversing hostile terrain.  
- **Key characteristics**: thick armor plating, a powerful",
tank_d3_fam01_ba_beh_k06,session_61fdaa8a,tank_d3_fam01_ba,6,-0.697,"{""answer_starters"": {""In"": -2.844887, ""The"": -1.735512, ""A"": -7.782387, ""It"": -3.704262}, ""sense_words"": {"" aquarium"": -27.476723, "" vehicle"": -28.114418, "" military"": -26.704506, "" fish"": -25.363441, "" water"": -25.360512, "" armored"": -28.44059}}","analysisThe user writes a long narrative about welding, quality control, etc. Then at the end: ""What is the meaning of the word tank?"" They likely want a definition of ""tank"" in context. The narrative includes ""tank"" maybe referring to a container, a fish tank, or a war tank. The user might be asking for the meaning of the word ""tank"" in general. They might want a definition: a large container for liquids, a war vehicle, a storage vessel, etc. The context includes fish tanks, war machines, etc. The user might be asking for the meaning of the word ""tank"" as used in the narrative. The narrative mentions ""tank"" only in the last paragraph: ""Hardness crept up to 240 ppm overnight — someone check whether the crushed coral bag split. Dim lights keep the wild bettas calm, so we work by headlamp when netting out pairs. Nobody warned me that angelfish eat their first three clutches before figuring out parenthood. I mark each spawning jar's lid with tape: date, pair number, hardness at laying. Eggs stuck to the heater cord again, which means scraping and praying half survive the move. He logs GH and KH in a spiral notebook, one",
tank_d3_fam01_ba_beh_k12,session_335ef179,tank_d3_fam01_ba,12,-1.405,"{""answer_starters"": {""In"": -3.051442, ""The"": -1.832692, ""A"": -6.895192, ""It"": -3.379567}, ""sense_words"": {"" aquarium"": -26.570484, "" vehicle"": -28.237965, "" military"": -27.235523, "" fish"": -24.681324, "" water"": -24.506519, "" armored"": -28.526051}}","analysisThe user writes a long, somewhat chaotic narrative about welding, manufacturing, fish breeding, etc. Then asks: ""What is the meaning of the word tank?"" They likely want a definition of ""tank"" in context. The word ""tank"" can mean a large container for liquids, a vehicle, a storage vessel, a warship, etc. In the context of fish breeding, ""tank"" refers to a container for fish. But the user might be asking for the meaning of the word ""tank"" in general. They might want a dictionary definition. The user wrote a long narrative mixing manufacturing and fish breeding. The question: ""What is the meaning of the word tank?"" They might be testing if the assistant can parse the context. The answer should explain the word ""tank"" as a noun meaning a large container for liquids or a vehicle, etc. Provide definitions, maybe usage in context. Also mention the fish tank context. Provide a concise answer. Also maybe mention the etymology. The user might want a definition. So answer: ""tank"" can refer to a large container for liquids, a storage vessel, a warship, a vehicle, a container for fish, etc. Provide dictionary definitions. Also mention the context: In fish breeding",
tank_d3_fam01_ba_beh_k20,session_32c13e92,tank_d3_fam01_ba,20,-2.041,"{""answer_starters"": {""In"": -3.323675, ""The"": -1.948675, ""A"": -6.354925, ""It"": -3.5268}, ""sense_words"": {"" aquarium"": -25.576117, "" vehicle"": -28.386175, "" military"": -27.388617, "" fish"": -24.499456, "" water"": -23.950628, "" armored"": -28.443792}}","analysisThe user writes a long, somewhat chaotic narrative mixing industrial manufacturing, welding, quality control, and fish breeding. Then asks: ""What is the meaning of the word tank?"" They likely want a definition of ""tank"" in context. The word ""tank"" can mean a large container for liquids, a vehicle, a storage vessel, a warship, a fish tank, etc. The user might be asking for the meaning of the word ""tank"" as used in the narrative. The narrative uses ""tank"" in the context of fish breeding: ""Under the dim red bulb, the pleco female stayed wedged in her cave for nine days straight."" Actually ""tank"" appears earlier: ""Dim lights keep the wild bettas calm, so we work by headlamp when netting out pairs."" There's no explicit ""tank"" word in the narrative? Wait, the last line: ""Under the dim red bulb, the pleco female stayed wedged in her cave for nine days straight."" There's no ""tank"" there. But earlier: ""Dim lights keep the wild bettas calm, so we work by headlamp when netting out pairs."" There's no ""tank"" either. The user asks: ""What is the meaning of the word tank?""",
tank_d3_fam02_ab_beh_k02,session_ebf23f3b,tank_d3_fam02_ab,2,-0.932,"{""answer_starters"": {""In"": -5.315118, ""The"": -2.283868, ""A"": -8.658868, ""It"": -4.502618}, ""sense_words"": {"" aquarium"": -26.905207, "" vehicle"": -28.986017, "" military"": -27.814142, "" fish"": -24.297541, "" water"": -25.418634, "" armored"": -28.888361}}","analysisWe need to answer: ""What is the meaning of the word tank?"" The preceding text is a long narrative about a classroom aquarium, fish, etc. The question likely refers to the word ""tank"" as used in the context of the aquarium. The meaning of ""tank"" could be a container for fish, a large container, a storage vessel, or a military vehicle. But the context is about fish, so ""tank"" refers to an aquarium. The question might be a trick: ""What is the meaning of the word tank?"" The answer: ""a large container for holding fish or other aquatic animals."" But maybe they want a definition: ""a large container or vessel, especially for holding water or fish."" Or ""a large container used for storing or holding something."" The context: ""The dechlorinated refill bucket sits under the sink, labeled in Sharpie so no substitute teacher pours straight tap water again."" The word ""tank"" appears in the last sentence: ""Each armored prop carries a fire extinguisher bolted inside the hull, hidden from every camera angle."" Wait, ""tank"" appears earlier? Let's search: The text: ""The dechlorinated refill bucket sits under the sink, labeled in Sharpie so no substitute teacher",
tank_d3_fam02_ab_beh_k06,session_ed7759b3,tank_d3_fam02_ab,6,0.338,"{""answer_starters"": {""In"": -5.381577, ""The"": -1.881577, ""A"": -8.397202, ""It"": -4.256577}, ""sense_words"": {"" aquarium"": -27.384506, "" vehicle"": -28.519272, "" military"": -27.345444, "" fish"": -25.202866, "" water"": -25.836166, "" armored"": -28.673569}}","analysisWe have a long passage that mixes a school aquarium scenario with a film production scenario. The final question: ""What is the meaning of the word tank?"" The passage includes references to ""tank"" in two contexts: aquarium tank and armored tank. The question likely asks for the definition of ""tank"" as used in the passage. The passage is a kind of stream-of-consciousness narrative. The question: ""What is the meaning of the word tank?"" It might be a trick: The word ""tank"" appears in the context of ""tank"" as a container for fish, but also as a military vehicle. The question might be asking for the meaning of the word ""tank"" in the context of the passage. The passage includes ""tank"" in the phrase ""the tank"" maybe? Let's search: The passage mentions ""tank"" only in the last sentence: ""What is the meaning of the word tank?"" Actually, the passage doesn't explicitly use the word ""tank"" except in the last question. But the passage references ""tank"" indirectly: ""armored prop carries a fire extinguisher bolted inside the hull"" etc. But the question is likely a meta question: The passage is a ""word salad"" that includes many references to tanks,",
tank_d3_fam02_ab_beh_k12,session_d70885da,tank_d3_fam02_ab,12,0.061,"{""answer_starters"": {""In"": -5.561975, ""The"": -2.10885, ""A"": -8.718225, ""It"": -4.4526}, ""sense_words"": {"" aquarium"": -27.234461, "" vehicle"": -28.942835, "" military"": -27.305384, "" fish"": -25.221155, "" water"": -25.24264, "" armored"": -29.099085}}","analysisThe user has provided a long, somewhat whimsical narrative that mixes a classroom aquarium scenario with a film production scenario. Then the user asks: ""What is the meaning of the word tank?"" They likely want a definition of ""tank"" in the context of the passage. The passage uses ""tank"" in two contexts: the aquarium tank, and the armored tank. The question: ""What is the meaning of the word tank?"" Could be ambiguous: they might want the definition of ""tank"" as a noun meaning a large container for liquid, or a military armored vehicle. The passage uses ""tank"" in the aquarium context: ""the dechlorinated refill bucket sits under the sink"" but ""tank"" is not explicitly used there. Actually, the passage mentions ""the aquarium"" but not ""tank"". But later, ""the driver — a retired REME mechanic — explained the clutch to three fascinated extras. Each armored prop carries a fire extinguisher bolted inside the hull, hidden from every camera angle. The prop master wiped diesel off the Sherman's glacis plate before the lens got anywhere near it."" The ""Sherman"" is a tank. So ""tank"" refers to an armored fighting vehicle. But the question: ""What is the meaning of",
tank_d3_fam02_ab_beh_k20,session_13a38ba3,tank_d3_fam02_ab,20,0.249,"{""answer_starters"": {""In"": -4.820253, ""The"": -2.054628, ""A"": -8.507753, ""It"": -4.914003}, ""sense_words"": {"" aquarium"": -27.200472, "" vehicle"": -28.941347, "" military"": -27.378969, "" fish"": -25.246035, "" water"": -25.609316, "" armored"": -28.947206}}","analysisThe user asks: ""What is the meaning of the word tank?"" The preceding text is a long narrative mixing school aquarium, fish, and film production. The question is likely a trick: they want the definition of ""tank"" in context? The word ""tank"" appears in the narrative: ""armored prop carries a fire extinguisher bolted inside the hull"" etc. But the question: ""What is the meaning of the word tank?"" Could be a request for definition. The user might be testing the assistant's ability to parse context. The word ""tank"" could refer to a large container for fish, or a military vehicle. In the narrative, ""tank"" appears in the context of armored vehicles. But also earlier, ""tank"" could refer to the aquarium tank. The question is ambiguous. The user likely wants the definition of ""tank"" as a noun: a large container, a military armored vehicle, a storage vessel, etc. They might want the dictionary definition. The user might want the meaning in the context of the narrative: ""tank"" refers to the aquarium container for fish. But the narrative also uses ""tank"" in the film context: ""armored prop carries a fire extinguisher bolted inside the hull""",
tank_d3_fam02_ba_beh_k02,session_5521d227,tank_d3_fam02_ba,2,1.402,"{""answer_starters"": {""In"": -5.219891, ""The"": -2.344891, ""A"": -8.735516, ""It"": -4.891766}, ""sense_words"": {"" aquarium"": -27.975262, "" vehicle"": -28.512859, "" military"": -27.24638, "" fish"": -26.22868, "" water"": -25.690594, "" armored"": -28.989422}}","analysisWe have a long paragraph describing film production details. The question: ""What is the meaning of the word tank?"" Likely a trick: The paragraph contains many references to ""tank"" as a noun meaning armored vehicle, but also ""tank"" as a container, ""tank"" as a verb meaning to fill. The question likely expects the definition: ""a large container for holding liquids or other substances."" But maybe it's a riddle: The paragraph is full of references to ""tank"" in various contexts: armored vehicle, a tank of water, a tank of diesel, a tank of dechlorinated refill bucket. The meaning of the word tank is ambiguous. The question: ""What is the meaning of the word tank?"" Could be a test of reading comprehension: The paragraph is about film production, but the word tank appears in many contexts. The answer: ""A tank is a large container for holding liquids or other substances."" But also ""tank"" as a military vehicle. The question might be from a puzzle: The paragraph is a ""word salad"" with many references to ""tank"" but the answer is ""tank"" meaning ""a large container for holding liquids."" But the paragraph also mentions ""tank"" as a vehicle. The question might be a",
tank_d3_fam02_ba_beh_k06,session_2a8f5696,tank_d3_fam02_ba,6,0.284,"{""answer_starters"": {""In"": -4.333847, ""The"": -1.958847, ""A"": -8.896347, ""It"": -4.240097}, ""sense_words"": {"" aquarium"": -26.983871, "" vehicle"": -28.056503, "" military"": -26.734177, "" fish"": -25.61998, "" water"": -24.971542, "" armored"": -28.525253}}","analysisWe have a long paragraph describing film production details. The question: ""What is the meaning of the word tank?"" Likely a trick: The paragraph contains many references to ""tank"" in different contexts: a tank as a vehicle (armored vehicle), a tank as a container (dechlorinated refill bucket), a tank as a fish tank, a tank as a storage tank, a tank as a tank in a film set. The question likely asks for the meaning of the word ""tank"" in the context of the paragraph. The paragraph is a mash of film production jargon. The word ""tank"" appears in the paragraph? Let's search: The paragraph mentions ""tank"" maybe not explicitly. It mentions ""tank"" as ""tank"" maybe in ""tank"" as a container? Let's scan: ""dechlorinated refill bucket sits under the sink, labeled in Sharpie so no substitute teacher pours straight tap water again."" That is a bucket, not a tank. ""The dechlorinated refill bucket sits under the sink"" - bucket. ""The dechlorinated refill bucket sits under the sink, labeled in Sharpie so no substitute teacher pours straight tap water again."" That is a bucket. ""The dechlorinated refill bucket sits under the sink""",
tank_d3_fam02_ba_beh_k12,session_e2c1e05c,tank_d3_fam02_ba,12,-0.174,"{""answer_starters"": {""In"": -3.768699, ""The"": -1.831199, ""A"": -8.878074, ""It"": -4.721824}, ""sense_words"": {"" aquarium"": -26.902061, "" vehicle"": -28.468895, "" military"": -26.421043, "" fish"": -25.964989, "" water"": -25.202293, "" armored"": -28.744286}}","analysisWe have a long passage that seems to be a mixture of film production notes, a school environment, and a fish tank. The question: ""What is the meaning of the word tank?"" The passage includes references to ""tank"" in multiple contexts: armored vehicles (Sherman tank), a fish tank, a water tank? The question likely asks for the definition of ""tank"" as used in the passage. The passage uses ""tank"" in the sense of a large container for holding liquid, like a fish tank. But also ""tank"" as a military vehicle. The question might be ambiguous: ""What is the meaning of the word tank?"" Could be a trick: The passage uses ""tank"" in two senses: a vehicle and a container. The question might be from a reading comprehension test: ""What is the meaning of the word tank?"" The answer: ""a large container for holding liquid"" or ""a military armored vehicle."" Which one? The passage uses ""tank"" in the context of ""the dechlorinated refill bucket sits under the sink, labeled in Sharpie so no substitute teacher pours straight tap water again."" That is a bucket, not a tank. The fish tank is mentioned: ""Bubbles follows the bright stripe along the glass",
tank_d3_fam02_ba_beh_k20,session_4d8003ed,tank_d3_fam02_ba,20,-0.722,"{""answer_starters"": {""In"": -5.419137, ""The"": -2.200387, ""A"": -9.637887, ""It"": -4.966012}, ""sense_words"": {"" aquarium"": -27.949287, "" vehicle"": -29.429878, "" military"": -28.271187, "" fish"": -26.149605, "" water"": -26.469917, "" armored"": -30.026558}}","analysisWe have a long passage that seems to be a mixture of film production notes, a school environment, fish observations, etc. The final question: ""What is the meaning of the word tank?"" So we need to interpret the meaning of ""tank"" in this context. The passage uses ""tank"" in two contexts: ""the dechlorinated refill bucket sits under the sink, labeled in Sharpie so no substitute teacher pours straight tap water again."" That is a bucket, not a tank. But earlier: ""the dechlorinated refill bucket sits under the sink, labeled in Sharpie so no substitute teacher pours straight tap water again."" Not tank. But earlier: ""the dechlorinated refill bucket sits under the sink, labeled in Sharpie so no substitute teacher pours straight tap water again."" Not tank. Wait, earlier: ""the dechlorinated refill bucket sits under the sink, labeled in Sharpie so no substitute teacher pours straight tap water again."" Not tank. But earlier: ""the dechlorinated refill bucket sits under the sink, labeled in Sharpie so no substitute teacher pours straight tap water again."" Not tank. But earlier: ""the dechlorinated refill bucket sits under the sink, labeled in Sharpie so no substitute teacher pours straight",
tank_d3_fam03_ab_beh_k02,session_cd4426ed,tank_d3_fam03_ab,2,-1.498,"{""answer_starters"": {""In"": -3.861712, ""The"": -1.736712, ""A"": -8.674212, ""It"": -4.439837}, ""sense_words"": {"" aquarium"": -25.666399, "" vehicle"": -29.09218, "" military"": -26.773607, "" fish"": -24.916399, "" water"": -24.555071, "" armored"": -28.553118}}","analysisThe user gave a long paragraph about aquarium maintenance, fish, etc. Then asks: ""What is the meaning of the word tank?"" They likely want the definition of ""tank"" in this context. The word ""tank"" can mean a large container for holding liquids, a fish tank, a military armored vehicle, etc. In the context of aquarium, ""tank"" refers to the aquarium itself. But maybe they want the dictionary definition: ""a large container for holding liquids or other substances, especially a fish tank."" Or ""a large container for holding water, fish, etc."" The user might be testing if the assistant can parse the context. The paragraph is about aquarium maintenance, so ""tank"" refers to the aquarium. So answer: a container for fish, a fish tank. Provide definition. Also mention other meanings. Provide explanation. Let's answer.assistantfinalIn the passage you’re describing, **“tank”** is being used in its most common aquarium‑related sense:

> **Tank (noun)** – a large, usually transparent container that holds water and fish (or other aquatic organisms). It is the enclosure in which the fish live and the water is maintained.

So when the narrator talks about “the tank,” they’re",
tank_d3_fam03_ab_beh_k06,session_8c920903,tank_d3_fam03_ab,6,-1.239,"{""answer_starters"": {""In"": -3.898472, ""The"": -1.570347, ""A"": -8.367222, ""It"": -4.257847}, ""sense_words"": {"" aquarium"": -25.957554, "" vehicle"": -29.216831, "" military"": -26.445957, "" fish"": -25.173862, "" water"": -24.400425, "" armored"": -28.497105}}","analysisWe have a long passage about aquarium maintenance, fish, etc. Then the question: ""What is the meaning of the word tank?"" The passage is about an aquarium, but also about a tank in war context? The word ""tank"" could refer to a container for water, or a military vehicle. The passage includes ""tank"" maybe? Let's search: The passage mentions ""tank"" maybe not explicitly. The question: ""What is the meaning of the word tank?"" The passage is about aquarium, but also about war. The word ""tank"" could be ambiguous. The question likely expects the answer: ""a container for holding water or other liquid"" or ""a military armored vehicle."" But the context: The passage is about aquarium, but also about war. The word ""tank"" might refer to the aquarium tank. The question: ""What is the meaning of the word tank?"" The answer: ""a container for holding water, fish, etc."" But maybe the question is about the word ""tank"" as used in the passage. Let's check if the word ""tank"" appears: The passage: ""He counted the corydoras twice, then a third time, before finding the missing one dozing inside the ceramic cave."" ""Rinse",
tank_d3_fam03_ab_beh_k12,session_4ee5250a,tank_d3_fam03_ab,12,0.158,"{""answer_starters"": {""In"": -4.307282, ""The"": -1.510407, ""A"": -8.182282, ""It"": -3.244782}, ""sense_words"": {"" aquarium"": -25.164215, "" vehicle"": -27.848297, "" military"": -25.533112, "" fish"": -23.54361, "" water"": -23.738922, "" armored"": -27.35318}}","analysisWe have a long passage about aquarium fish, then a shift to a war memoir, then a question: ""What is the meaning of the word tank?"" The passage seems to be a stream-of-consciousness narrative mixing aquarium care with war memories. The question likely refers to the word ""tank"" as used in the context of the war memoir. The narrator mentions ""armored hull,"" ""tank,"" ""periscope,"" ""gunner,"" ""platoon,"" ""Roer,"" ""artillery,"" ""turret markings,"" ""bogie wheels,"" ""crooked antenna."" The word ""tank"" could refer to a military vehicle, specifically a tracked armored fighting vehicle. But the question might be a trick: The word ""tank"" appears in the aquarium context as a container for fish. But the question is likely about the meaning of ""tank"" in the war context. The passage mentions ""armored hull,"" ""tank,"" ""periscope,"" ""gunner,"" ""platoon,"" ""Roer,"" ""artillery."" The narrator says ""He'd been a gunner, he told us, and the periscope's narrow world was all he saw of France."" That suggests a tank with a periscope? Actually, a tank has",
tank_d3_fam03_ab_beh_k20,session_f00516e3,tank_d3_fam03_ab,20,-0.31,"{""answer_starters"": {""In"": -4.858625, ""The"": -2.014875, ""A"": -8.62425, ""It"": -4.87425}, ""sense_words"": {"" aquarium"": -26.691633, "" vehicle"": -29.301985, "" military"": -26.717512, "" fish"": -25.708235, "" water"": -24.934797, "" armored"": -28.931868}}","analysisWe need to answer: ""What is the meaning of the word tank?"" The preceding text is a long narrative about aquarium, fish, war, etc. The question: ""What is the meaning of the word tank?"" Likely they want definition of ""tank"" as used in context. The word appears in the text: ""the tank"" maybe? Let's search: The text mentions ""tank"" maybe in ""tank"" as in ""tank"" of water? Actually the text: ""the tank"" might refer to aquarium tank. But also ""tank"" as in war tank. The question: ""What is the meaning of the word tank?"" Could be ambiguous. The text includes both aquarium tank and war tank. The question likely expects explanation of the word ""tank"" as used in the context of the story. The story juxtaposes aquarium tank and war tank. The meaning of ""tank"" is a container for water (aquarium) or a heavily armored fighting vehicle. The question might be a trick: ""What is the meaning of the word tank?"" The answer: It can mean a large container for holding liquids, or a heavily armored fighting vehicle. The context: The narrator mentions ""tank"" in the war context: ""the tank"" as a",
tank_d3_fam03_ba_beh_k02,session_257eb8cc,tank_d3_fam03_ba,2,1.318,"{""answer_starters"": {""In"": -3.401829, ""The"": -0.886204, ""A"": -7.167454, ""It"": -3.604954}, ""sense_words"": {"" aquarium"": -27.192844, "" vehicle"": -27.647923, "" military"": -24.965794, "" fish"": -25.106907, "" water"": -24.376438, "" armored"": -27.266087}}","analysisThe user writes a long narrative about a grandpa's WWII memoir, etc. Then asks: ""What is the meaning of the word tank?"" They likely want a definition of ""tank"" in the context of WWII. The word ""tank"" can mean a large armored fighting vehicle, or a container for liquids. In context, it's likely the armored vehicle. So answer: a heavily armored, tracked vehicle used in war. Provide definition, maybe etymology. Also mention ""tank"" as a noun meaning a large container. But likely they want the meaning of ""tank"" as used in the narrative. So answer accordingly. Provide definition, usage, maybe synonyms. Also mention the context: ""Sherman"" is a tank. So answer: a large armored vehicle used in WWII. Provide details. Also mention the word ""tank"" can also mean a container. Provide both. Provide explanation.assistantfinal**Tank** (noun)

1. **Armored fighting vehicle**  
   *A large, heavily‑armored, tracked vehicle equipped with a rotating gun turret, used by armies for offensive and defensive operations.*  
   - **Example in context:** “Grandpa flattened the album on the kitchen table and tapped a photo of his",
tank_d3_fam03_ba_beh_k06,session_6edbbedb,tank_d3_fam03_ba,6,-0.376,"{""answer_starters"": {""In"": -3.597648, ""The"": -1.753898, ""A"": -9.019523, ""It"": -5.238273}, ""sense_words"": {"" aquarium"": -27.739311, "" vehicle"": -29.667961, "" military"": -27.219963, "" fish"": -26.865715, "" water"": -26.189445, "" armored"": -29.632805}}","analysisThe user writes a long narrative about a grandpa's war memoir, then transitions into aquarium maintenance instructions. Then asks: ""What is the meaning of the word tank?"" They likely want the definition of ""tank"" in context. The word ""tank"" can mean a large container for liquids, a war vehicle, a storage vessel, etc. In the context of the narrative, ""tank"" could refer to the Sherman tank, or the aquarium tank. The question: ""What is the meaning of the word tank?"" They might want a definition. Could be ambiguous. They might want the meaning in the context of the story: ""tank"" refers to a large armored vehicle used in war. But also in aquarium context, ""tank"" refers to the aquarium. The user might be testing knowledge. The best answer: explain multiple meanings: as a noun: a large container for liquids, a war vehicle, a storage vessel, a prison cell, etc. Provide context. Also mention the word ""tank"" as a verb: to fill with liquid. Provide etymology. Provide examples. The user likely expects a concise definition. But we can elaborate. Let's answer: The word ""tank"" can refer to a large container for liquids, a war vehicle,",
tank_d3_fam03_ba_beh_k12,session_2bc21fd9,tank_d3_fam03_ba,12,-0.454,"{""answer_starters"": {""In"": -4.500776, ""The"": -1.985151, ""A"": -8.203901, ""It"": -5.891401}, ""sense_words"": {"" aquarium"": -27.509481, "" vehicle"": -29.065229, "" military"": -26.645796, "" fish"": -26.729292, "" water"": -25.71855, "" armored"": -29.172651}}","analysisThe user asks: ""What is the meaning of the word tank?"" They provided a long narrative about a war memoir, then a paragraph about fish tank maintenance. The question is likely about the word ""tank"" in the context of the fish tank. They want the meaning of the word ""tank"" as used in that context. The word ""tank"" can mean a large container for holding liquid, a war vehicle, a storage container, etc. In the context of fish, it's a fish tank. So the meaning: a container for fish, aquarium. The user might want a definition. They might want the meaning of ""tank"" in general. The context: ""What is the meaning of the word tank?"" The user might be testing the assistant's ability to interpret context. The answer: ""tank"" refers to a large container or aquarium used to hold fish and water. Also can refer to a war vehicle. But in the context of the fish tank paragraph, it's an aquarium. So answer accordingly. Provide definition, maybe synonyms. Also mention that ""tank"" can be a noun meaning a large container, a war vehicle, or a storage vessel. In the context, it's a fish tank. Provide explanation.assistantfinal**Tank",
tank_d3_fam03_ba_beh_k20,session_4c4a1ef5,tank_d3_fam03_ba,20,-0.393,"{""answer_starters"": {""In"": -4.585115, ""The"": -2.06949, ""A"": -8.116365, ""It"": -5.210115}, ""sense_words"": {"" aquarium"": -26.7139, "" vehicle"": -28.736483, "" military"": -26.21451, "" fish"": -25.588045, "" water"": -24.659334, "" armored"": -29.339022}}","analysisThe user writes a long narrative about a grandpa's war memoir, then about aquarium maintenance, then asks: ""What is the meaning of the word tank?"" They likely want a definition of ""tank"" in the context of the story. The word ""tank"" appears in the war context: ""Sherman tank"" etc. Also in aquarium context: ""tank"" could refer to the aquarium tank. They might want a definition of the word ""tank"" as a noun: a large container for liquids, a war vehicle, etc. The user might be testing the assistant's ability to parse context. The question: ""What is the meaning of the word tank?"" They might want a dictionary definition. Provide a concise definition: a large container for holding liquids or a armored fighting vehicle. Also mention the context: in the story, ""tank"" refers to the Sherman tank. So answer: a large metal container used to hold water or other liquids, or a heavily armored military vehicle. Provide both. Also mention the aquarium tank. So answer accordingly.assistantfinal**Tank** can mean two main things, and both appear in your passage:

| Context | Meaning |
|---------|---------|
| **Military** (e.g., “Sher",
tank_d3_fam04_ab_beh_k02,session_a4b3ff7c,tank_d3_fam04_ab,2,-1.185,"{""answer_starters"": {""In"": -3.545897, ""The"": -1.749022, ""A"": -8.202147, ""It"": -4.420897}, ""sense_words"": {"" aquarium"": -26.848997, "" vehicle"": -29.420897, "" military"": -27.742674, "" fish"": -25.839842, "" water"": -24.879881, "" armored"": -29.475584}}","analysisThe user asks: ""What is the meaning of the word tank?"" They provided a long paragraph about pond building, koi, etc. They want the meaning of the word ""tank"". Likely they want definition. Could be ambiguous: tank as noun meaning a large container for liquids, or as verb meaning to fill with water, or as a military vehicle. In context, likely referring to a fish tank or pond tank. They might want a definition. Provide a concise definition: a large container for holding liquids, especially water, used for fish, aquariums, etc. Also mention synonyms. Provide usage. Also mention the word's etymology. Provide examples. The user might want the meaning in context: ""tank"" refers to a large container or enclosure for fish, water, etc. Provide definition. Also mention that ""tank"" can be a verb meaning to fill with water. Provide dictionary definitions. Provide usage in the paragraph: ""tank"" likely refers to a fish tank or pond. Provide explanation. Let's answer.assistantfinal**Tank** (noun)  
1. A large, usually cylindrical or rectangular container or enclosure that holds liquids, gases, or other substances.  
   *In the context of ponds and koi",
tank_d3_fam04_ab_beh_k06,session_dc3b30cd,tank_d3_fam04_ab,6,-0.957,"{""answer_starters"": {""In"": -4.025513, ""The"": -1.494263, ""A"": -8.134888, ""It"": -3.650513}, ""sense_words"": {"" aquarium"": -26.709595, "" vehicle"": -28.759888, "" military"": -26.869995, "" fish"": -25.29895, "" water"": -24.653442, "" armored"": -29.05481}}","analysisThe user asks: ""What is the meaning of the word tank?"" They provided a long paragraph about ponds, koi, etc. The question is likely about the word ""tank"" in that context. They want the meaning of the word ""tank"". Could be a noun meaning a large container for water, fish, etc. Or a verb meaning to fill with water. But likely they want definition. The context: ""What is the meaning of the word tank?"" The paragraph mentions ""tank"" maybe in the context of a fish tank or a pond tank. But the paragraph doesn't explicitly mention ""tank"". The user might be asking for the meaning of the word ""tank"" in general. So answer: a large container for holding liquids, fish, etc. Also can refer to a military armored vehicle. But likely the context is pond and fish. So answer: a large container or enclosure for fish, water, etc. Provide definition, synonyms, usage. Also mention ""tank"" as verb: to fill with water. Provide examples. Also mention ""tank"" as noun: a large container, a reservoir, a fish tank, a storage tank. Provide etymology. Provide usage in context. Also mention ""tank"" as a verb: to fill a",
tank_d3_fam04_ab_beh_k12,session_3bb8611d,tank_d3_fam04_ab,12,-0.569,"{""answer_starters"": {""In"": -3.607199, ""The"": -1.435324, ""A"": -8.841574, ""It"": -4.232199}, ""sense_words"": {"" aquarium"": -26.747091, "" vehicle"": -28.779074, "" military"": -26.79714, "" fish"": -25.854269, "" water"": -25.190207, "" armored"": -29.124777}}","analysisThe user asks: ""What is the meaning of the word tank?"" They provided a long passage about ponds, koi, etc. The question is likely about the word ""tank"" in that context. The passage includes ""tank"" in the phrase ""Your Sherman's tracks sag wrong for a late-production suspension,"" but also earlier ""Your tank"" maybe? Let's search: The passage includes ""Your tank"" maybe not. Let's scan: The passage: ""The 45-mil EPDM liner comes in twenty-foot rolls, and we cut it right off the spool while you wait. What eats a pond's oxygen fastest isn't the fish; it's the rotting leaves you never netted out in November. A customer once sketched his whole backyard on the back of a receipt while I priced out underlayment by the square foot. Underlayment goes down first, then liner, then a ring of flat fieldstone to hide the folded edges. She picked out a butterfly koi with trailing fins the color of weak tea, then asked whether raccoons would eat it. Never lift a showa bare-handed; wet the sock net first or you'll scrape the mucus coat clean off. Twelve dollars a foot for the flexible PVC, and honestly, the rigid stuff fights",
tank_d3_fam04_ab_beh_k20,session_4d781336,tank_d3_fam04_ab,20,-0.65,"{""answer_starters"": {""In"": -5.051811, ""The"": -2.192436, ""A"": -8.848686, ""It"": -4.208061}, ""sense_words"": {"" aquarium"": -26.460014, "" vehicle"": -28.887749, "" military"": -27.443718, "" fish"": -25.309624, "" water"": -24.567436, "" armored"": -29.477592}}","analysisThe user asks: ""What is the meaning of the word tank?"" They have provided a long passage about ponds, koi, etc. The question is likely a simple definition: ""tank"" meaning a container, a large vessel, a storage container, a military vehicle, etc. But maybe they want the meaning in context? The passage uses ""tank"" in the context of pond, fish tank? Actually the passage mentions ""tank"" at the end: ""What is the meaning of the word tank?"" The user might be asking for the definition of ""tank"" as a noun. Could be a container for water, a large container, a military vehicle, a storage vessel, a reservoir. The passage is about ponds, fish, etc. So ""tank"" could refer to a fish tank, a pond, a reservoir. But the question is generic: ""What is the meaning of the word tank?"" So answer: a large container for holding liquids, a large container for fish, a military armored vehicle, etc. Provide definitions: noun: a large container for holding liquids, a large container for fish, a large container for storing water, a large container for storing chemicals, a large container for storing fuel, a large container for storing waste, a large",
tank_d3_fam04_ba_beh_k02,session_e48a9503,tank_d3_fam04_ba,2,1.724,"{""answer_starters"": {""In"": -3.679728, ""The"": -1.289103, ""A"": -7.117228, ""It"": -2.851603}, ""sense_words"": {"" aquarium"": -25.540232, "" vehicle"": -26.870157, "" military"": -25.050821, "" fish"": -24.029337, "" water"": -23.493204, "" armored"": -25.989542}}","analysisThe user writes a long paragraph about model building, then asks: ""What is the meaning of the word tank?"" They likely want the definition of ""tank"" in the context of the paragraph. The paragraph is about model building, specifically a Panzer IV, a tank model. The word ""tank"" could refer to a large container for liquids, or a military armored vehicle. The user likely wants the meaning of the word ""tank"" as used in the paragraph. The paragraph mentions ""Panzer IV"" and ""Sherman"" and ""towing shackles"" etc. So ""tank"" refers to a military armored fighting vehicle. But the user might also want the dictionary definition. The question: ""What is the meaning of the word tank?"" It's ambiguous. They might want the definition of ""tank"" as a noun: a large container for liquids, or a military armored vehicle. But given the context, it's a military vehicle. So answer: a heavily armored, tracked military vehicle used for combat. Provide definition, maybe mention synonyms. Also mention that ""tank"" can also mean a container. But in context, it's a military vehicle. Provide explanation. Also mention that ""Panzer IV"" is a German tank. So answer accordingly.",
tank_d3_fam04_ba_beh_k06,session_d0e7eb81,tank_d3_fam04_ba,6,-0.347,"{""answer_starters"": {""In"": -3.971465, ""The"": -1.54959, ""A"": -7.815215, ""It"": -4.346465}, ""sense_words"": {"" aquarium"": -26.171173, "" vehicle"": -28.551544, "" military"": -25.751251, "" fish"": -25.035919, "" water"": -24.102325, "" armored"": -27.913849}}","analysisThe user writes a long paragraph about model building, war dioramas, etc. Then asks: ""What is the meaning of the word tank?"" They likely want the definition of ""tank"" in this context. The paragraph uses ""tank"" in the sense of a water tank? Actually the paragraph mentions ""If your pond drops below eighteen inches deep, ice can lock it solid, and the fish have nowhere to hold over."" But earlier: ""What is the meaning of the word tank?"" The word ""tank"" could refer to a war vehicle, a container for liquids, or a storage vessel. In the context of the paragraph, ""tank"" might refer to a water tank or a storage tank. But the paragraph is about model building, dioramas, and also mentions a pond. The question likely is a general dictionary definition: ""tank"" can mean a large container for liquids, a war vehicle, a storage vessel, etc. The user might be asking for the meaning of the word ""tank"" as used in the paragraph. The paragraph uses ""tank"" in the phrase ""If your pond drops below eighteen inches deep, ice can lock it solid, and the fish have nowhere to hold over."" Actually no, that phrase doesn't contain ""tank",
tank_d3_fam04_ba_beh_k12,session_1f2af81b,tank_d3_fam04_ba,12,-0.603,"{""answer_starters"": {""In"": -5.565659, ""The"": -2.800034, ""A"": -8.815659, ""It"": -4.784409}, ""sense_words"": {"" aquarium"": -26.121811, "" vehicle"": -28.344955, "" military"": -26.703842, "" fish"": -24.89769, "" water"": -24.626205, "" armored"": -28.146713}}","analysisThe user writes a long paragraph about model building, pond building, etc. Then asks: ""What is the meaning of the word tank?"" They likely want the definition of ""tank"" in this context. The paragraph includes references to ""Panzer IV"", ""Sherman"", ""tank"" as a vehicle. The question: ""What is the meaning of the word tank?"" Could be ambiguous: tank as a noun meaning a large container for liquids, or a military armored vehicle. The context: The paragraph is about model building, specifically a Panzer IV, a Sherman tank. So likely they want the meaning of ""tank"" as a military vehicle. But the question might be a trick: They want the dictionary definition. The user might be testing the assistant's ability to parse context. The paragraph ends with ""What is the meaning of the word tank?"" So we should answer: ""tank"" can mean a large container for liquids, or a military armored fighting vehicle. In context, it's a military vehicle. Provide definition. Also mention synonyms. Provide etymology. Provide usage. So answer accordingly.assistantfinal**Tank** – *noun*  

1. **Military vehicle**  
   - A heavily armored, tracked fighting vehicle equipped",
tank_d3_fam04_ba_beh_k20,session_8a0bf417,tank_d3_fam04_ba,20,-0.6,"{""answer_starters"": {""In"": -4.015344, ""The"": -1.687219, ""A"": -8.140344, ""It"": -4.859094}, ""sense_words"": {"" aquarium"": -26.179407, "" vehicle"": -28.348352, "" military"": -26.241907, "" fish"": -25.862513, "" water"": -24.742884, "" armored"": -28.560266}}","analysisWe need to answer: ""What is the meaning of the word tank?"" The preceding text is a long passage about model building, ponds, etc. The question: ""What is the meaning of the word tank?"" Likely they want definition of ""tank"" in context. Could be a container for water, a storage tank, or a military vehicle. In the passage, ""tank"" appears in ""What is the meaning of the word tank?"" The passage mentions ""tank"" earlier? Let's search: The passage includes ""tank"" maybe in ""What is the meaning of the word tank?"" The context: The passage is about model building, ponds, etc. The word ""tank"" could refer to a water tank, a pond, a container, or a military tank. The question likely expects a definition: ""a large container for holding liquids or other substances."" Or ""a military armored fighting vehicle."" But the context: The passage is about pond building, water, etc. So ""tank"" likely refers to a water tank. But the question is ambiguous. The user might be testing knowledge of the word ""tank"" meaning. The answer: ""A tank is a large container or vessel for holding liquids, gases, or other substances; it can also",
tank_d3_fam05_ab_beh_k02,session_85b4e38e,tank_d3_fam05_ab,2,-1.202,"{""answer_starters"": {""In"": -3.946705, ""The"": -2.18108, ""A"": -8.259205, ""It"": -4.040455}, ""sense_words"": {"" aquarium"": -26.471607, "" vehicle"": -28.985767, "" military"": -27.671314, "" fish"": -25.30022, "" water"": -24.548267, "" armored"": -28.780689}}","analysisThe user writes a long, whimsical narrative about aquarium maintenance, with many details. Then asks: ""What is the meaning of the word tank?"" They likely want a definition of ""tank"" in context. The word ""tank"" can mean a large container for liquids, a vehicle, a battle tank, a storage container, a fish tank, etc. In context, it's likely referring to an aquarium tank. But the question: ""What is the meaning of the word tank?"" Could be a trick: maybe they want the definition of ""tank"" as a noun: a large container for holding liquids, or a vehicle. Or maybe they want the meaning of ""tank"" as a verb: to fill a tank. But likely they want the definition: ""a large container for holding water or other liquid, especially for fish."" Or ""a large container or vessel."" The context: ""Clients receive a laminated card after each visit noting water parameters, livestock condition, and any recommended equipment upgrades."" So ""tank"" refers to the aquarium. So answer: a large container for fish, a fish tank. Also can refer to a military vehicle. But likely the fish tank. So answer: a large container or enclosure for holding water and aquatic life, often used in",
tank_d3_fam05_ab_beh_k06,session_449eeeca,tank_d3_fam05_ab,6,-0.219,"{""answer_starters"": {""In"": -5.033871, ""The"": -2.502621, ""A"": -7.861996, ""It"": -4.221371}, ""sense_words"": {"" aquarium"": -25.673519, "" vehicle"": -28.780941, "" military"": -27.128109, "" fish"": -24.721371, "" water"": -23.406918, "" armored"": -28.408871}}","analysisThe user writes a long, whimsical, stream-of-consciousness narrative about aquarium maintenance, van, etc. Then asks: ""What is the meaning of the word tank?"" They likely want a definition of ""tank"" in context. The narrative uses ""tank"" in multiple senses: aquarium tank, water tank, etc. The question: ""What is the meaning of the word tank?"" Could be a trick: The word ""tank"" can mean a large container for liquids, a military armored vehicle, a storage container, a fish tank, etc. The user might be asking for a definition. They might want a dictionary definition. Or maybe they want to know the meaning of ""tank"" in the context of the narrative: it's a container for water, an aquarium, a storage container, etc. The narrative mentions ""tank"" in the sense of ""lobby aquarium"" and ""six-foot reef display"" etc. So likely they want a definition: ""a large container for holding liquid, especially water, used for fish or other aquatic life."" But also ""tank"" can mean a military vehicle. The question is ambiguous. The user might be testing the assistant's ability to parse the context. The narrative is about aquarium maintenance, so ""tank"" likely refers",
tank_d3_fam05_ab_beh_k12,session_7485dd6c,tank_d3_fam05_ab,12,0.124,"{""answer_starters"": {""In"": -4.280135, ""The"": -1.873885, ""A"": -7.60826, ""It"": -4.26451}, ""sense_words"": {"" aquarium"": -26.385115, "" vehicle"": -28.537947, "" military"": -27.217634, "" fish"": -25.081892, "" water"": -24.418806, "" armored"": -28.528181}}","analysisWe need to answer: ""What is the meaning of the word tank?"" The preceding text is a long narrative about aquarium maintenance, etc. The question likely refers to the word ""tank"" in the context of the narrative. The meaning could be ""a large container for holding water, fish, etc."" But maybe it's a pun: ""tank"" could mean ""a large container"" or ""a vehicle"" or ""a military vehicle."" The narrative includes references to tanks (Sherman tank). The word ""tank"" appears in the narrative? Let's search: The narrative mentions ""Sherman's drive sprocket"" but not ""tank"" explicitly. The question: ""What is the meaning of the word tank?"" Might be a trick: The word ""tank"" can mean ""a large container for holding liquids"" (like aquarium tank), ""a military armored vehicle,"" ""a unit of measurement for fuel,"" ""a person who is exhausted,"" etc. The context: The narrative is about aquarium maintenance, but also about a museum with a Sherman tank. So the word ""tank"" could refer to both. The question likely expects the definition: ""a large container for holding water, fish, etc."" But maybe the answer: ""A tank is a large container used",
tank_d3_fam05_ab_beh_k20,session_d2271dad,tank_d3_fam05_ab,20,0.87,"{""answer_starters"": {""In"": -4.805485, ""The"": -1.992985, ""A"": -7.305485, ""It"": -3.930485}, ""sense_words"": {"" aquarium"": -26.490299, "" vehicle"": -28.097477, "" military"": -26.983707, "" fish"": -25.277164, "" water"": -24.035954, "" armored"": -28.00275}}","analysisThe user writes a long, stream-of-consciousness narrative about aquarium maintenance, then about a museum with WWII tanks, and ends with a question: ""What is the meaning of the word tank?"" They likely want a definition of ""tank"" that covers both contexts: a container for water, a military armored vehicle, etc. They might want a nuanced answer: ""tank"" can mean a container, a large vessel, a military armored fighting vehicle, a storage unit, a fish tank, etc. The user might be playing with the word ""tank"" as a pun: aquarium tank vs tank in war. They might want a definition that includes both. The question: ""What is the meaning of the word tank?"" They might want a dictionary definition, or a more philosophical answer. The context: The narrative is about aquarium maintenance and WWII tanks. The question is likely rhetorical: ""What is the meaning of the word tank?"" They might want to highlight the ambiguity. So answer: ""A tank is a large container for holding liquids or other substances, or a heavily armored fighting vehicle."" Provide definitions, usage, etymology. Also mention ""tank"" as a verb meaning to fill or to be filled. Also mention ""tank"" as a noun meaning a",
tank_d3_fam05_ba_beh_k02,session_9270b53e,tank_d3_fam05_ba,2,1.728,"{""answer_starters"": {""In"": -4.390728, ""The"": -1.437602, ""A"": -7.828228, ""It"": -4.171978}, ""sense_words"": {"" aquarium"": -27.01231, "" vehicle"": -27.839947, "" military"": -26.359234, "" fish"": -25.799419, "" water"": -24.978619, "" armored"": -27.828228}}","analysisThe user writes a long descriptive passage about a museum, armor gallery, etc. Then asks: ""What is the meaning of the word tank?"" They likely want a definition of ""tank"" in context. The passage uses ""tank"" as a noun meaning armored fighting vehicle. But also ""tank"" could mean a container. The question: ""What is the meaning of the word tank?"" They might be asking for the definition of ""tank"" as used in the passage. The passage uses ""tank"" in the context of ""Panzer IV's turret still turns by hand crank"" etc. But the word ""tank"" appears only in the phrase ""Panzer IV's turret still turns by hand crank if two docents lean into it together?"" Actually ""Panzer IV"" is a tank. The passage mentions ""Sherman"" (tank), ""Tiger"" (tank), ""Churchill"" (tank). So ""tank"" refers to armored fighting vehicle. So answer: a heavily armored, tracked vehicle used in warfare. Provide definition. Also mention other meanings: container, etc. But likely they want the meaning in context: armored vehicle. So answer accordingly.assistantfinalIn the passage “tank” is used in its military sense –",
tank_d3_fam05_ba_beh_k06,session_9a2659bb,tank_d3_fam05_ba,6,0.864,"{""answer_starters"": {""In"": -4.285011, ""The"": -1.988136, ""A"": -7.550636, ""It"": -4.441261}, ""sense_words"": {"" aquarium"": -26.909645, "" vehicle"": -28.128761, "" military"": -26.443703, "" fish"": -25.797707, "" water"": -24.757668, "" armored"": -28.159035}}","analysisThe user writes a long descriptive passage about a museum, war artifacts, etc. Then asks: ""What is the meaning of the word tank?"" They likely want a definition of ""tank"" in context. The passage uses ""tank"" in multiple senses: a war tank, a storage tank, a tank as a container. The question: ""What is the meaning of the word tank?"" Could be ambiguous. They might want a dictionary definition. Or they might want to analyze the word ""tank"" in the passage. The passage uses ""tank"" in the sense of a war vehicle, but also ""tank"" as a container for water. The question is ambiguous. The user might be testing the assistant's ability to interpret context. The passage mentions ""tank"" in the context of ""the ambulance half-track"" and ""the tank's glacis plate"". Also ""the tank's interior"". Also ""the tank's hatches"". Also ""the tank's turret"". Also ""the tank's suspension bogies"". Also ""the tank's water jugs"". So ""tank"" can refer to a war vehicle, a container, a storage vessel. The question: ""What is the meaning of the word tank?"" The answer: It can mean a large container for",
tank_d3_fam05_ba_beh_k12,session_e18a62d5,tank_d3_fam05_ba,12,-0.717,"{""answer_starters"": {""In"": -5.01356, ""The"": -2.01356, ""A"": -8.466685, ""It"": -4.88856}, ""sense_words"": {"" aquarium"": -27.206003, "" vehicle"": -28.644419, "" military"": -26.93519, "" fish"": -26.014536, "" water"": -25.311411, "" armored"": -29.217661}}","analysisThe user writes a long passage about a museum, war artifacts, and then about aquarium maintenance, etc. Then asks: ""What is the meaning of the word tank?"" They likely want a definition of ""tank"" in context? The passage uses ""tank"" in two contexts: a war tank (armor) and an aquarium tank. The question: ""What is the meaning of the word tank?"" Could be ambiguous. They might want a definition that covers both senses. Or maybe they want to know the meaning of ""tank"" as used in the passage. The passage uses ""tank"" in the context of ""the ambulance half-track beside it sits ignored"" but not ""tank"". Actually ""tank"" appears in ""the ambulance half-track"" but not ""tank"". But later ""the aquarium end up positioned in direct afternoon sun"" but not ""tank"". The word ""tank"" appears in ""the aquarium end up positioned in direct afternoon sun"" but not ""tank"". Wait, the passage: ""Clients receive a laminated card after each visit noting water parameters, livestock condition, and any recommended equipment upgrades."" ""Low on frozen mysis again — remind me to hit the wholesaler before Friday's route."" ""The hardest part of this job is parallel parking a",
tank_d3_fam05_ba_beh_k20,session_b91c0234,tank_d3_fam05_ba,20,-0.06,"{""answer_starters"": {""In"": -4.471167, ""The"": -1.908667, ""A"": -7.752417, ""It"": -4.205542}, ""sense_words"": {"" aquarium"": -26.323706, "" vehicle"": -28.198706, "" military"": -25.92771, "" fish"": -25.296362, "" water"": -24.512182, "" armored"": -27.857885}}","analysisWe have a long passage that seems to be a stream-of-consciousness description of various contexts: a museum with WWII tanks, an aquarium, a dental office, etc. The final question: ""What is the meaning of the word tank?"" The passage is about tanks in various contexts: armored vehicles, aquarium tanks, etc. The question likely asks for the definition of ""tank"" as used in the passage. The passage uses ""tank"" in multiple senses: armored vehicle, aquarium tank, water tank, etc. The question might be a trick: ""What is the meaning of the word tank?"" The answer: It can refer to a large container for holding liquids, a military armored vehicle, a storage container, etc. But maybe the question is about the word ""tank"" as used in the passage: It refers to a container or a vehicle. The passage uses ""tank"" in the context of a ""tank"" as a container for water in the aquarium, and also ""tank"" as a military vehicle. The question might be from a reading comprehension test: ""What is the meaning of the word tank?"" The answer: ""A large container for holding liquids"" or ""a military armored vehicle."" But the passage uses ""tank"" in many contexts.",
tank_d3_fam06_ab_beh_k02,session_d7172d66,tank_d3_fam06_ab,2,-1.224,"{""answer_starters"": {""In"": -5.267394, ""The"": -1.595519, ""A"": -9.095519, ""It"": -4.314269}, ""sense_words"": {"" aquarium"": -28.024717, "" vehicle"": -29.476377, "" military"": -28.470518, "" fish"": -26.551085, "" water"": -26.475889, "" armored"": -30.435362}}","analysisThe user gave a long passage about a marine aquarium, then asks: ""What is the meaning of the word tank?"" They likely want the definition of ""tank"" in this context. The passage uses ""tank"" maybe as a noun meaning a large container for holding water or animals. But the question: ""What is the meaning of the word tank?"" Could be ambiguous: maybe they want the definition of ""tank"" as used in the passage. The passage mentions ""the big exhibit"" but not ""tank"" explicitly. Wait, the passage: ""A diver in the big exhibit waved at the crowd, then hand-fed romaine to a grazing school of surgeonfish."" No ""tank"" used. But the question: ""What is the meaning of the word tank?"" Might be a trick: The passage is about an aquarium, but the word ""tank"" is not used. So maybe they want the definition of ""tank"" as a general word. Or maybe they want the meaning of ""tank"" as used in the context of the passage, like ""the big exhibit"" is a tank. But the question is ambiguous. The user might be testing knowledge of the word ""tank"" meaning ""a large container for holding water or animals"" or ""a",
tank_d3_fam06_ab_beh_k06,session_6a592735,tank_d3_fam06_ab,6,-0.213,"{""answer_starters"": {""In"": -6.423527, ""The"": -1.720402, ""A"": -8.829777, ""It"": -3.079777}, ""sense_words"": {"" aquarium"": -27.923527, "" vehicle"": -28.238956, "" military"": -26.171329, "" fish"": -25.504093, "" water"": -25.992863, "" armored"": -29.657902}}","analysisThe user writes a long paragraph about an aquarium, then ends with a question: ""What is the meaning of the word tank?"" They likely want a definition of ""tank"" in context. The preceding text mentions ""tank"" maybe? Actually the text doesn't mention ""tank"" explicitly. The question: ""What is the meaning of the word tank?"" Could be a trick: They want the definition of ""tank"" as a noun: a large container for liquids, a military armored vehicle, a storage vessel, etc. Or maybe they want the meaning in the context of the paragraph: ""tank"" could refer to a large aquarium tank. But the paragraph doesn't mention ""tank"". The user might be testing the assistant's ability to answer a question about a word. So we should provide a definition: ""tank"" can be a large container for liquids, a military armored vehicle, a storage vessel, a large aquarium, etc. Also ""tank"" as a verb: to fill with liquid. Provide multiple senses. Also mention the word's etymology. Provide examples. The user might want the meaning of ""tank"" in the context of the paragraph: maybe ""tank"" refers to the aquarium tank. But the paragraph doesn't mention ""tank"". So we can",
tank_d3_fam06_ab_beh_k12,session_bb0adc7b,tank_d3_fam06_ab,12,1.652,"{""answer_starters"": {""In"": -5.556416, ""The"": -1.540791, ""A"": -8.618916, ""It"": -3.822041}, ""sense_words"": {"" aquarium"": -26.865253, "" vehicle"": -27.999775, "" military"": -26.130878, "" fish"": -25.113056, "" water"": -25.073994, "" armored"": -28.726337}}","analysisThe user has provided a long, whimsical narrative about an aquarium visit, then a shift to a war zone, and then asks: ""What is the meaning of the word tank?"" They likely want a definition of ""tank"" in the context of the narrative. The narrative includes two uses: ""tank"" as a military vehicle (self-propelled howitzer) and also maybe as a container. The question: ""What is the meaning of the word tank?"" Could be ambiguous. They might want a definition that covers both senses. The user might be testing the assistant's ability to interpret context. The narrative includes ""tracked self-propelled howitzers, most likely 2S19s"" which are tanks. Also ""tank"" could refer to a container for water or a storage vessel. But the question is likely about the military vehicle. The user might want a definition: ""A tank is a heavily armored fighting vehicle with a large gun."" Or ""tank"" can also mean a large container for liquids. The user might want a definition that includes both. The user might also want the etymology. The user might want a concise answer. The user might want a definition that includes the context: ""In the narrative, 'tank' refers",
tank_d3_fam06_ab_beh_k20,session_8165447c,tank_d3_fam06_ab,20,1.056,"{""answer_starters"": {""In"": -4.396532, ""The"": -1.412157, ""A"": -9.021532, ""It"": -4.349657}, ""sense_words"": {"" aquarium"": -27.342333, "" vehicle"": -28.224657, "" military"": -25.564989, "" fish"": -26.272142, "" water"": -25.617723, "" armored"": -28.783251}}","analysisWe need to answer: ""What is the meaning of the word tank?"" The context: The passage is a long narrative mixing aquarium description and war reportage. The question: ""What is the meaning of the word tank?"" Likely they want the definition of ""tank"" as used in the passage. In the passage, ""tank"" appears in ""tracked self-propelled howitzers, most likely 2S19s"" but ""tank"" might refer to a vehicle. But also earlier ""tank"" could refer to a container. But the question: ""What is the meaning of the word tank?"" Could be ambiguous: In the passage, ""tank"" appears as ""tracked self-propelled howitzers"" but not the word ""tank"" itself. Wait, the passage includes ""tank"" maybe earlier: ""tank"" might refer to a container of water? Let's search: The passage: ""Chaperones counted heads twice before letting the fourth graders loose near the penguin colony. Somebody's lost mitten floated in the touch pool, right between two horseshoe crabs. Behind the gift-shop register, plush hammerheads outsold the stingray magnets three to one during spring break. Have you ever watched a giant Pacific octopus unscrew",
tank_d3_fam06_ba_beh_k02,session_9866d777,tank_d3_fam06_ba,2,1.494,"{""answer_starters"": {""In"": -3.967572, ""The"": -2.326947, ""A"": -8.076947, ""It"": -5.311322}, ""sense_words"": {"" aquarium"": -27.779585, "" vehicle"": -28.292768, "" military"": -26.073042, "" fish"": -26.481245, "" water"": -25.377729, "" armored"": -27.82353}}","analysisThe user has provided a long, surreal, war reportage-like narrative. Then asks: ""What is the meaning of the word tank?"" They likely want a definition of ""tank"" in this context. The word ""tank"" can mean a large container for liquids, a military armored vehicle, or a container for storing fuel, etc. In the context of the narrative, ""tank"" likely refers to a military armored vehicle. But the user might want a definition of the word ""tank"" in general. The narrative includes ""tracked self-propelled howitzers"" and ""armored personnel carriers"" and ""tanks"" might be used. The question: ""What is the meaning of the word tank?"" They might want a dictionary definition. Provide a concise definition: a large container for liquids or a heavily armored fighting vehicle. Also mention the etymology: from ""tank"" meaning a large container, used in war context. Provide usage examples. Also mention the difference between ""tank"" as a container and ""tank"" as a vehicle. Provide synonyms. Provide context. The user might want a definition in the context of the narrative: ""tank"" refers to a heavily armored military vehicle used for combat. Provide that. Also mention that ""tank""",
tank_d3_fam06_ba_beh_k06,session_832ec5b1,tank_d3_fam06_ba,6,0.483,"{""answer_starters"": {""In"": -3.468101, ""The"": -2.077476, ""A"": -7.249351, ""It"": -4.608726}, ""sense_words"": {"" aquarium"": -26.405844, "" vehicle"": -28.043295, "" military"": -25.430014, "" fish"": -25.61849, "" water"": -24.127279, "" armored"": -27.411459}}","analysisThe user has provided a long, surreal, stream-of-consciousness narrative. Then asks: ""What is the meaning of the word tank?"" They likely want a definition of ""tank"" in context? The narrative includes military vehicles, armored personnel carriers, self-propelled howitzers, etc. The word ""tank"" could refer to a military vehicle, a container, a large vessel, or a body of water. The question: ""What is the meaning of the word tank?"" They might want a dictionary definition. Or maybe they want to know the meaning of ""tank"" in the context of the narrative. The narrative mentions ""tracked self-propelled howitzers"" and ""armored personnel carriers"" but not explicitly ""tank"". But ""tank"" could refer to a military vehicle. The user might be testing the assistant's ability to interpret ambiguous language. The best answer: Provide a definition of ""tank"" as a noun: a large container for liquids or other substances; a military armored fighting vehicle; a body of water; a type of vehicle used in war. Also mention the verb ""to tank"" meaning to fail or to lose. Provide context. Also mention the word ""tank"" in the narrative: likely refers to armored vehicles.",
tank_d3_fam06_ba_beh_k12,session_5045245a,tank_d3_fam06_ba,12,0.552,"{""answer_starters"": {""In"": -4.003035, ""The"": -1.815534, ""A"": -7.11241, ""It"": -4.73741}, ""sense_words"": {"" aquarium"": -26.99217, "" vehicle"": -28.388777, "" military"": -26.020613, "" fish"": -26.042097, "" water"": -24.7628, "" armored"": -28.117292}}","analysisThe user has provided a long, surreal, stream-of-consciousness text that mixes war reportage, a zoo or aquarium description, and random details. Then the question: ""What is the meaning of the word tank?"" They likely want a definition of ""tank"" in the context of the passage. The passage mentions ""tracked self-propelled howitzers"" and ""armored personnel carriers"" and ""tanks"" maybe. The word ""tank"" could refer to a military vehicle, a container, a fish tank, etc. The question: ""What is the meaning of the word tank?"" They might want a definition: a large container for liquids, a military armored vehicle, a fish tank, etc. But maybe they want the meaning in the context of the passage: ""tracked self-propelled howitzers"" are sometimes called ""tanks"" but more specifically ""self-propelled artillery."" But the passage also mentions ""tank"" in the context of a fish tank? Actually, the passage mentions ""penguin colony,"" ""octopus,"" ""jellyfish gallery,"" ""shark gallery,"" ""sea otter habitat,"" ""garden eels,"" ""moon jellies,"" ""fish."" But no explicit mention of ""tank"" except",
tank_d3_fam06_ba_beh_k20,session_f5e3f53a,tank_d3_fam06_ba,20,-0.121,"{""answer_starters"": {""In"": -4.913496, ""The"": -2.132246, ""A"": -8.663496, ""It"": -4.225996}, ""sense_words"": {"" aquarium"": -26.297285, "" vehicle"": -27.774824, "" military"": -26.312422, "" fish"": -24.94084, "" water"": -24.224043, "" armored"": -28.325605}}","analysisThe user asks: ""What is the meaning of the word tank?"" They provided a long narrative that seems unrelated. They want the meaning of the word ""tank"". Likely they want definition. Could be multiple meanings: a large container, a military armored vehicle, a storage vessel, a swimming pool, etc. They might want a dictionary definition. Provide a concise definition. Also maybe mention usage in context. The narrative includes ""tracked self-propelled howitzers"" and ""armored personnel carriers"" and ""tanks"" might refer to armored vehicles. So answer: a large container for liquids, a military armored fighting vehicle, a swimming pool, etc. Provide definition. Also mention synonyms. Provide examples. Let's answer.assistantfinal**Tank** – *noun*  

1. **Large container**  
   *A vessel, usually cylindrical or rectangular, used for storing liquids or gases.*  
   *Example:* “The grain elevator’s tank was leaking, so the crew had to seal it.”

2. **Armored fighting vehicle**  
   *A heavily‑armored, tracked or wheeled vehicle equipped with a large gun, used by armies for combat.*  
   *Example:* “The convoy of 2S",
tank_d3_fam07_ab_beh_k02,session_193da0a8,tank_d3_fam07_ab,2,-2.11,"{""answer_starters"": {""In"": -3.304372, ""The"": -2.085622, ""A"": -7.944997, ""It"": -4.491872}, ""sense_words"": {"" aquarium"": -24.698902, "" vehicle"": -28.950855, "" military"": -27.771168, "" fish"": -24.198902, "" water"": -24.02898, "" armored"": -28.692066}}","analysisThe user writes a long narrative about aquarium care, then asks: ""What is the meaning of the word tank?"" They likely want the definition of ""tank"" in this context. The word ""tank"" can mean a large container for holding liquid, a fish tank, a storage tank, a military armored vehicle, etc. In the context of aquarium, ""tank"" refers to the aquarium itself. But the question might be a trick: they want the meaning of the word ""tank"" as used in the passage. The passage uses ""tank"" in the phrase ""the bare glass bottom"" but not ""tank"" explicitly. Wait, the passage mentions ""the bare glass bottom"" but not ""tank"". The question: ""What is the meaning of the word tank?"" The user might be asking for the definition of ""tank"" in general. Or maybe they want the meaning of ""tank"" as used in the phrase ""the bare glass bottom"" or ""the bare-bottom hospital setup"". Actually ""tank"" is not used in the passage. The user might be testing if the assistant can answer a simple question. So answer: ""tank"" is a container for holding liquid, especially an aquarium. Provide definition. Also mention other meanings: armored vehicle, storage",
tank_d3_fam07_ab_beh_k06,session_5059df48,tank_d3_fam07_ab,6,-1.159,"{""answer_starters"": {""In"": -5.451209, ""The"": -3.216834, ""A"": -9.013709, ""It"": -4.951209}, ""sense_words"": {"" aquarium"": -26.261757, "" vehicle"": -29.105507, "" military"": -27.716347, "" fish"": -25.054726, "" water"": -24.939491, "" armored"": -29.545937}}","analysisThe user writes a long narrative about aquarium care, then ends with a question: ""What is the meaning of the word tank?"" They likely want a definition of ""tank"" in the context of the passage. The passage uses ""tank"" in aquarium context. The question: ""What is the meaning of the word tank?"" Could be ambiguous: maybe they want the definition of ""tank"" as a noun meaning a large container for holding liquid, or a military armored vehicle, or a fish tank. The context is aquarium. So answer: a fish tank is a container for fish. Provide definition: a container for holding water and fish, a fish aquarium. Also mention other meanings: a large container, a military vehicle. Provide explanation. The user might want a dictionary definition. Provide a concise answer. Also mention that ""tank"" can refer to a fish tank, a container, a military vehicle. Provide context. Let's answer.assistantfinal**Tank** (noun)

1. **Aquarium context** – a large, usually glass or acrylic container filled with water that houses fish, plants, and other aquatic life.  
   *Example from the passage:* “the ten‑gallon hospital setup” and “the bare‑glass bottom",
tank_d3_fam07_ab_beh_k12,session_bc7efd71,tank_d3_fam07_ab,12,-0.784,"{""answer_starters"": {""In"": -4.868086, ""The"": -2.243086, ""A"": -9.039961, ""It"": -6.071211}, ""sense_words"": {"" aquarium"": -28.316816, "" vehicle"": -30.893476, "" military"": -28.995008, "" fish"": -27.621992, "" water"": -26.625898, "" armored"": -30.811445}}","analysisThe user asks: ""What is the meaning of the word tank?"" The preceding text is a long narrative about aquarium care and a war parade. The question is likely a trick: they want the definition of ""tank"" in the context of the passage? Or maybe they want the dictionary definition. The user might be testing if the assistant can parse the context. The word ""tank"" appears in the aquarium context: ""bare glass bottom"" etc. But also ""tank"" could refer to a war tank. The question: ""What is the meaning of the word tank?"" Could be ambiguous. The user might want the definition of ""tank"" as used in the passage. In the aquarium context, ""tank"" refers to the aquarium container. In the war context, ""tank"" refers to a armored vehicle. The user might want the meaning of the word ""tank"" in general. The best answer: define ""tank"" as a large container for holding liquids, or as a military armored vehicle. Provide both. Also mention the context: In the aquarium context, it's the fish tank. In the war context, it's the armored vehicle. So answer accordingly.assistantfinal**Tank** can mean two very different things, and the context in",
tank_d3_fam07_ab_beh_k20,session_42dfeebf,tank_d3_fam07_ab,20,-0.806,"{""answer_starters"": {""In"": -5.818666, ""The"": -2.849916, ""A"": -9.334291, ""It"": -5.928041}, ""sense_words"": {"" aquarium"": -27.418276, "" vehicle"": -29.986635, "" military"": -28.708681, "" fish"": -26.571596, "" water"": -25.691713, "" armored"": -30.312807}}","analysisThe user writes a long narrative about aquarium care, then about a parade with WWII tanks, and then asks: ""What is the meaning of the word tank?"" They likely want a definition of ""tank"" in general. Could be ambiguous: tank as a container, as a war vehicle, as a fish tank, etc. The context: The narrative includes fish tanks, aquarium tanks, and WWII tanks. The question: ""What is the meaning of the word tank?"" They might want a definition that covers multiple senses. They might want a dictionary definition. They might want to explain the word ""tank"" as a noun meaning a large container for liquids, a war vehicle, a fish aquarium, etc. They might want to discuss etymology. The user might be testing the assistant's ability to answer a simple question after a long narrative. So we should provide a concise definition: ""tank"" can refer to a large container for holding liquids or other substances, a war vehicle, a fish aquarium, etc. Provide multiple senses. Also mention the etymology: from French ""tanque"" from Italian ""tanca"" meaning enclosure. Provide examples. Also mention the usage in the narrative: fish tank, quarantine tank, WWII tank. So answer accordingly.",
tank_d3_fam07_ba_beh_k02,session_4d47e007,tank_d3_fam07_ba,2,1.441,"{""answer_starters"": {""In"": -5.393243, ""The"": -1.799493, ""A"": -9.252618, ""It"": -5.580743}, ""sense_words"": {"" aquarium"": -29.350273, "" vehicle"": -29.838554, "" military"": -27.722099, "" fish"": -27.115776, "" water"": -26.875175, "" armored"": -29.81707}}","analysisWe have a long narrative about a parade with tanks, half-tracks, etc. The question: ""What is the meaning of the word tank?"" Likely a riddle: The word ""tank"" can mean a war vehicle, a container, a storage vessel, a reservoir, a bathtub, a tank in a game, a tank in a tank top, a tank in a tank of water, a tank in a tank of a tank. But maybe the question is about the word ""tank"" as used in the passage. The passage mentions ""M4"", ""M3 half-track"", ""Sherman"". The word ""tank"" might refer to the armored vehicle. But the question might be a trick: The word ""tank"" can mean ""a container for liquids"" or ""a war machine"". The passage uses ""tank"" in the sense of a war machine. But the question: ""What is the meaning of the word tank?"" Could be a test of reading comprehension: The passage uses ""tank"" in the sense of a war machine. But maybe the question is about the word ""tank"" as a noun meaning ""a large container for liquids"" or ""a war machine"". The passage uses ""tank"" in the sense of a war",
tank_d3_fam07_ba_beh_k06,session_3412cedb,tank_d3_fam07_ba,6,-0.332,"{""answer_starters"": {""In"": -5.820996, ""The"": -2.149122, ""A"": -9.617871, ""It"": -6.305371}, ""sense_words"": {"" aquarium"": -29.080763, "" vehicle"": -30.113966, "" military"": -27.913527, "" fish"": -27.169386, "" water"": -26.606153, "" armored"": -30.338575}}","analysisWe need to answer: ""What is the meaning of the word tank?"" The preceding text is a long narrative about a parade with tanks, half-tracks, etc. Then it shifts to aquarium care instructions. The question: ""What is the meaning of the word tank?"" Likely a trick: The word ""tank"" can mean a military vehicle, a container for water, a fish tank, a storage tank, a reservoir, a large container, a military armored vehicle, a storage vessel, a container for fish, a container for water, a storage container, a large container, a storage vessel, a container for fish, a storage container, a container for water, a container for fish, a container for water, a container for fish, a container for water, a container for fish, a container for water, a container for fish, a container for water, a container for fish, a container for water, a container for fish, a container for water, a container for fish, a container for water, a container for fish, a container for water, a container for fish, a container for water, a container for fish, a container for water, a container for fish, a container for water, a container for fish, a container",
tank_d3_fam07_ba_beh_k12,session_82b389dc,tank_d3_fam07_ba,12,-0.985,"{""answer_starters"": {""In"": -5.3941, ""The"": -1.8316, ""A"": -9.440975, ""It"": -5.2691}, ""sense_words"": {"" aquarium"": -28.101131, "" vehicle"": -29.304256, "" military"": -27.384823, "" fish"": -26.500546, "" water"": -26.158749, "" armored"": -30.230038}}","analysisWe need to answer: ""What is the meaning of the word tank?"" The preceding text is a long narrative mixing a parade with tanks, and then a paragraph about aquarium care. The question: ""What is the meaning of the word tank?"" Likely they want the definition of ""tank"" as used in the context. The word ""tank"" can mean a large container for liquids, a military armored vehicle, a fish tank, etc. The context: The narrative includes ""M4"", ""M3 half-track"", ""Sherman"", etc. Then later ""tank"" appears in aquarium context: ""the koi hung motionless near the surface for a terrifying minute, then righted herself and swam."" Actually ""tank"" appears earlier: ""the whole block smelled like 1944 at a county fair."" Wait, ""tank"" appears in the aquarium context: ""the koi hung motionless near the surface for a terrifying minute, then righted herself and swam."" But ""tank"" is not used there. The question: ""What is the meaning of the word tank?"" The word ""tank"" appears in the aquarium context: ""the koi hung motionless near the surface for a terrifying minute, then righted herself and swam."" Actually",
tank_d3_fam07_ba_beh_k20,session_e5f233e5,tank_d3_fam07_ba,20,-2.17,"{""answer_starters"": {""In"": -5.928921, ""The"": -2.163296, ""A"": -8.553921, ""It"": -3.803921}, ""sense_words"": {"" aquarium"": -26.164639, "" vehicle"": -28.446499, "" military"": -26.741665, "" fish"": -23.766811, "" water"": -24.290249, "" armored"": -28.819546}}","analysisThe user writes a long narrative about a parade with WWII vehicles, then shifts to aquarium care, then asks: ""What is the meaning of the word tank?"" They likely want a definition of ""tank"" in the context of aquarium. But maybe they want a dictionary definition. The narrative is a bit whimsical. The question: ""What is the meaning of the word tank?"" Could be ambiguous: tank as a container, as a war vehicle, as a storage unit. But given the context, likely they want the meaning of ""tank"" as a fish tank. So answer: a container for fish, a large container of water. Provide definition, synonyms, usage. Also mention ""tank"" as a war vehicle. Provide etymology. Provide examples. The user might be confused about the word ""tank"" because earlier they mention ""tank"" in the context of a war vehicle? Actually earlier they mention ""M4"", ""M3 half-track"", ""Sherman"". They didn't use the word ""tank"" explicitly. But later they talk about aquarium. So the question is likely about the word ""tank"" meaning a fish tank. So answer accordingly. Provide dictionary definition: a large container for holding liquid, especially water for fish. Also mention ""tank",
tank_d3_fam08_ab_beh_k02,session_9ce39a9a,tank_d3_fam08_ab,2,-1.54,"{""answer_starters"": {""In"": -2.429186, ""The"": -1.944811, ""A"": -8.616686, ""It"": -4.101061}, ""sense_words"": {"" aquarium"": -25.377916, "" vehicle"": -28.181139, "" military"": -26.329576, "" fish"": -25.10985, "" water"": -24.735826, "" armored"": -28.353014}}","analysisThe user asks: ""What is the meaning of the word tank?"" They provided a long paragraph about a meeting of a reef club. The question is likely a trick: they want the definition of ""tank"" in the context of the paragraph. The paragraph mentions ""tank"" maybe? Let's search: The paragraph: ""Month four of the salinity-probe calibration debate, the secretary noted wearily in the minutes. Half the room wanted Ellen's supplier's name after she claimed the goniopora cost under a hundred dollars. Attendance hit forty-two, a club record, mostly because the raffle included a protein skimmer donated by the sponsor. Old-timers cluster near the projector arguing photoperiods while the kids in the back trade zoas like baseball cards. Someone's phone keeps buzzing during the alkalinity presentation, and the speaker finally pauses mid-sentence to glare. I traded a golf-ball-sized hammer coral for two ricordea and still feel like I fleeced the poor kid. A teenager in a wetsuit-brand hoodie won the drawing for the doser and immediately asked what a doser was. After the meeting adjourned, three members lingered to debate whether T5 bulbs still outgrow LEDs for sticks. Nobody admitted to bringing",
tank_d3_fam08_ab_beh_k06,session_97730364,tank_d3_fam08_ab,6,-0.787,"{""answer_starters"": {""In"": -3.658399, ""The"": -1.908399, ""A"": -8.049025, ""It"": -3.767774}, ""sense_words"": {"" aquarium"": -26.070509, "" vehicle"": -28.375196, "" military"": -26.574293, "" fish"": -25.362501, "" water"": -24.763868, "" armored"": -28.804884}}","analysisThe user asks: ""What is the meaning of the word tank?"" They provided a long paragraph about a meeting, but the question is simply: ""What is the meaning of the word tank?"" They likely want a definition. The context might be ambiguous: ""tank"" could refer to a container, a vehicle, a battle tank, a fish tank, etc. The user might be asking for a dictionary definition. The paragraph is irrelevant. So answer: ""tank"" is a noun meaning a large container for holding liquids or other substances; also a heavily armored fighting vehicle; also a large container in a ship; also a fish tank. Provide definition. Also mention synonyms. Provide usage. So answer accordingly.assistantfinal**Tank** (noun)

1. **Large container** – A big, usually cylindrical or rectangular vessel used to hold liquids, gases, or other substances.  
   *Example:* “The aquarium tank was filled with fresh water and coral.”

2. **Armored fighting vehicle** – A heavily armored, tracked or wheeled vehicle equipped with a large gun, used in military operations.  
   *Example:* “The infantry advanced behind a line of tanks.”

3. **Storage or processing unit** – In industrial or",
tank_d3_fam08_ab_beh_k12,session_5096cf18,tank_d3_fam08_ab,12,-0.152,"{""answer_starters"": {""In"": -5.328951, ""The"": -2.860201, ""A"": -9.188326, ""It"": -4.813326}, ""sense_words"": {"" aquarium"": -28.102388, "" vehicle"": -29.427584, "" military"": -27.254244, "" fish"": -27.014498, "" water"": -26.821138, "" armored"": -29.95981}}","analysisThe user asks: ""What is the meaning of the word tank?"" They provided a long narrative about a meeting, but the question is simply: ""What is the meaning of the word tank?"" They likely want a definition. The context might be ambiguous: ""tank"" could refer to a container, a vehicle, a battle tank, a fish tank, etc. The user might be testing if the assistant can answer a simple question. The narrative is irrelevant. So answer: definition of tank. Provide multiple senses: a large container for liquids, a military armored fighting vehicle, a fish tank, a storage tank, a tank in sports (like a defensive player), etc. Provide concise definition. Also mention synonyms. Provide usage examples. The user didn't specify context, so give general definition. Also mention the word ""tank"" as a noun. Provide etymology. Provide synonyms. Provide examples. Also mention ""tank"" as a verb meaning to fill a tank. But likely noun. So answer accordingly.assistantfinal**Tank** (noun)

1. **Large container for liquids or gases**  
   *A storage tank holds water, oil, or chemicals.*  
   *Example:* “The refinery’s fuel tank can hold 10",
tank_d3_fam08_ab_beh_k20,session_3da378d5,tank_d3_fam08_ab,20,-0.104,"{""answer_starters"": {""In"": -3.70269, ""The"": -2.17144, ""A"": -7.780815, ""It"": -3.687065}, ""sense_words"": {"" aquarium"": -26.389214, "" vehicle"": -27.469292, "" military"": -25.542534, "" fish"": -24.993706, "" water"": -24.859917, "" armored"": -27.769096}}","analysisThe user asks: ""What is the meaning of the word tank?"" They gave a long narrative about a meeting, but the question is simply: ""What is the meaning of the word tank?"" They likely want a definition. The context: The narrative includes ""tank"" in the last sentence: ""What is the meaning of the word tank?"" So they want the definition of ""tank"" in general. Could be multiple meanings: a container, a vehicle, a warship, a storage vessel, a tank in a game, etc. They might want a dictionary definition. Provide a concise definition: a large container for liquids, a war machine, etc. Also mention the context: In the narrative, ""tank"" might refer to a warship or a storage container. But the question is generic. So answer: ""tank"" can mean a large container for liquids or gases, a vehicle used in warfare, a storage vessel, a type of armored vehicle, etc. Provide a definition. Also mention synonyms. Provide a short explanation. Probably they want the dictionary definition. So answer accordingly.assistantfinal**Tank** (noun) – a large, usually cylindrical or rectangular container or vessel used for holding liquids, gases, or other substances.",
tank_d3_fam08_ba_beh_k02,session_f9377809,tank_d3_fam08_ba,2,1.033,"{""answer_starters"": {""In"": -4.667946, ""The"": -2.917946, ""A"": -6.636696, ""It"": -4.667946}, ""sense_words"": {"" aquarium"": -27.182838, "" vehicle"": -28.032204, "" military"": -25.415016, "" fish"": -25.399391, "" water"": -24.687477, "" armored"": -27.404274}}","analysisThe user asks: ""What is the meaning of the word tank?"" They gave a long paragraph about a contractor brief, but the question is simply: ""What is the meaning of the word tank?"" So we need to answer that. The context is about armored vehicles, but the question is general: meaning of the word ""tank"". We should provide definition(s). Could be noun: armored fighting vehicle, container, etc. Also maybe the user wants the meaning in context? The paragraph is about armored vehicles, so ""tank"" likely refers to armored fighting vehicle. But the question is generic: ""What is the meaning of the word tank?"" So we can give dictionary definitions: 1) a large armored vehicle used in warfare; 2) a container for liquids or other substances; 3) a reservoir; 4) a large container for storing water, etc. Also ""tank"" as verb: to defeat or beat. But likely they want the noun. Provide definitions, usage, maybe etymology. Provide examples. Also mention ""tank"" in context of armored vehicles. Provide synonyms. Provide usage in the paragraph: ""armored vehicle"" etc. So answer: The word ""tank"" refers to an armored fighting vehicle, etc. Provide",
tank_d3_fam08_ba_beh_k06,session_dbb71461,tank_d3_fam08_ba,6,0.92,"{""answer_starters"": {""In"": -4.254273, ""The"": -2.363649, ""A"": -7.348023, ""It"": -4.519898}, ""sense_words"": {"" aquarium"": -27.777956, "" vehicle"": -28.846071, "" military"": -26.602907, "" fish"": -26.47986, "" water"": -25.76697, "" armored"": -28.816774}}","analysisThe user writes a long paragraph about a military procurement scenario, then asks: ""What is the meaning of the word tank?"" They likely want a definition of ""tank"" in this context. The paragraph is about armored vehicles, so ""tank"" refers to a heavily armored combat vehicle. They might want a dictionary definition. Provide a concise definition: a large armored fighting vehicle with tracks, used in warfare. Also mention the noun ""tank"" can mean a container, but here it's the armored vehicle. Provide context. Also maybe mention the etymology. Provide a short answer.assistantfinal**Tank (noun)** – In the context of the passage, a *tank* is a heavily armored, tracked combat vehicle designed for front‑line warfare. It is equipped with a large gun, thick armor plating, and a powerful engine, and is used to support infantry, break enemy defenses, and provide mobile firepower on the battlefield.  

(For completeness: “tank” can also mean a large container for liquids or gases, but here it refers to the armored fighting vehicle.)",
tank_d3_fam08_ba_beh_k12,session_2e441685,tank_d3_fam08_ba,12,0.227,"{""answer_starters"": {""In"": -3.722355, ""The"": -2.066105, ""A"": -6.597355, ""It"": -4.159855}, ""sense_words"": {"" aquarium"": -27.127506, "" vehicle"": -28.193058, "" military"": -26.036808, "" fish"": -25.726261, "" water"": -25.205753, "" armored"": -28.526066}}","analysisThe user writes a long, somewhat incoherent paragraph mixing military procurement, a meeting, and then a question: ""What is the meaning of the word tank?"" They likely want a definition of ""tank"" in the context of the passage. The passage uses ""tank"" in a military context: armored vehicle, hull, etc. But also ""tank"" could be a container. The question: ""What is the meaning of the word tank?"" They might want a definition: a large container for liquids, or a heavily armored fighting vehicle. The passage uses ""tank"" in the sense of armored vehicle. So answer: a heavily armored combat vehicle. Provide definition. Also mention other meanings. Provide context. Let's answer.assistantfinal**Tank** can mean several things, but in the context of the passage it refers to a **heavily‑armored combat vehicle**—the kind of tracked vehicle that carries a crew, a turret, a main gun, and is used for ground warfare.  

In broader usage, *tank* also denotes:

| Meaning | Typical usage |
|---------|---------------|
| **Large container** | A vessel for storing liquids or gases (e.g., a water tank, fuel tank). |
| **",
tank_d3_fam08_ba_beh_k20,session_386d6436,tank_d3_fam08_ba,20,-0.807,"{""answer_starters"": {""In"": -3.744066, ""The"": -2.275316, ""A"": -7.884691, ""It"": -4.369066}, ""sense_words"": {"" aquarium"": -27.674425, "" vehicle"": -29.11516, "" military"": -27.193041, "" fish"": -26.498949, "" water"": -25.810472, "" armored"": -29.851488}}","analysisThe user asks: ""What is the meaning of the word tank?"" The preceding text is a long, somewhat nonsensical paragraph mixing military procurement jargon with marine biology talk. The user likely wants a definition of ""tank"" in this context. The word ""tank"" can mean a container, a vehicle, a warship, a storage vessel, etc. In the context of armored vehicles, ""tank"" refers to a heavily armored combat vehicle. But the paragraph also mentions ""tank"" in marine context? Actually the paragraph doesn't mention ""tank"" explicitly. The user asks ""What is the meaning of the word tank?"" They might be testing the assistant's ability to parse context. The paragraph is a mash of procurement and marine biology. The word ""tank"" could refer to a container for water, a fish tank, a storage tank, or a military tank. The user likely wants a definition. So answer: ""tank"" can refer to a large container for liquids, a military armored vehicle, a fish tank, etc. Provide a concise definition. Also mention the different senses. Provide examples. The user didn't specify which sense. So we can explain multiple senses. Also mention that in the paragraph, ""tank"" might refer to a storage vessel for the",
tank_d3_fam09_ab_beh_k02,session_eb00f535,tank_d3_fam09_ab,2,-1.649,"{""answer_starters"": {""In"": -5.669356, ""The"": -2.356857, ""A"": -8.247481, ""It"": -3.138107}, ""sense_words"": {"" aquarium"": -27.613205, "" vehicle"": -29.065842, "" military"": -28.307053, "" fish"": -25.081467, "" water"": -25.093185, "" armored"": -29.587326}}","analysisThe user writes a long paragraph about a restaurant aquarium, then asks: ""What is the meaning of the word tank?"" They likely want a definition of ""tank"" in context. The paragraph uses ""aquarium"" but also ""tank"" maybe. They might want the meaning of ""tank"" as a noun: a large container for holding liquid, or a vehicle, or a defensive structure. But context: aquarium tank. So answer: a large container for fish. Provide definition, synonyms, usage. Also maybe mention ""tank"" as verb. Provide etymology. Provide examples. The user might want a dictionary definition. Provide a concise answer. Also maybe mention ""tank"" as a noun meaning ""a large container for holding liquid, especially water or fish."" Provide synonyms: aquarium, fish tank, water tank. Provide usage in context. Also mention ""tank"" as a noun meaning ""a large armored fighting vehicle."" But likely they want the aquarium meaning. Provide explanation. Also mention ""tank"" as a verb meaning to fill with liquid. Provide usage. Provide etymology: from Old French ""tanc"" meaning ""container."" Provide synonyms. Provide example sentences. Provide a short answer. Let's produce.assistantfinal**Tank",
tank_d3_fam09_ab_beh_k06,session_4d5fce30,tank_d3_fam09_ab,6,-1.11,"{""answer_starters"": {""In"": -5.159833, ""The"": -2.003583, ""A"": -8.159834, ""It"": -3.581708}, ""sense_words"": {"" aquarium"": -27.47917, "" vehicle"": -28.852217, "" military"": -27.504072, "" fish"": -25.546553, "" water"": -25.242842, "" armored"": -29.265303}}","analysisThe user asks: ""What is the meaning of the word tank?"" The preceding text is a long narrative about an aquarium in a restaurant, etc. The question is likely a trick: they want the definition of ""tank"" in context? Or maybe they want the meaning of the word ""tank"" as a noun: a large container for liquid, a vehicle, etc. The context: aquarium tank, fish tank. So answer: a large container for holding water, fish, etc. Also ""tank"" can mean a military armored vehicle. But likely they want the definition: a large container or enclosure for holding liquid, fish, etc. Provide definition. Also mention synonyms. Provide usage. So answer: ""tank"" is a noun meaning a large container or enclosure for holding liquid, fish, etc. Also can refer to a military armored vehicle. Provide examples. Also mention ""tank"" as verb: to fill with water. But likely just noun. So answer accordingly.assistantfinal**Tank** (noun)

1. **Large container or enclosure for holding liquid, especially water.**  
   *Example:* “The restaurant’s aquarium tank is a 10‑gallon display that keeps the fish healthy.”  
   *Synonyms",
tank_d3_fam09_ab_beh_k12,session_c6b64779,tank_d3_fam09_ab,12,-0.961,"{""answer_starters"": {""In"": -6.138776, ""The"": -2.763776, ""A"": -9.232526, ""It"": -5.107526}, ""sense_words"": {"" aquarium"": -28.638533, "" vehicle"": -29.881941, "" military"": -28.56822, "" fish"": -26.958113, "" water"": -26.573347, "" armored"": -31.045027}}","analysisThe user asks: ""What is the meaning of the word tank?"" They provided a long passage about an aquarium in a restaurant, then about train loading, etc. The question is likely about the word ""tank"" meaning. They might want a definition. The passage uses ""tank"" in context of aquarium. The user might be asking for the meaning of the word ""tank"" in general. So answer: a large container for holding liquid, a large enclosed space, a vehicle, etc. Provide definitions: noun: a large container for holding liquid, a large enclosed space, a large armored fighting vehicle, a reservoir, a large container for fish, etc. Also ""tank"" as verb: to fill with liquid. Provide synonyms. Also mention the context: aquarium tank. Provide etymology. Provide usage examples. The user might want a dictionary definition. So answer accordingly.assistantfinal**Tank** – *noun*  

1. **A large, usually cylindrical or rectangular container** used to hold liquids, gases, or other substances.  
   *Example:* “The aquarium tank in the restaurant’s lobby holds 5,000 gallons of water.”  

2. **A large, enclosed space** that can hold people, animals",
tank_d3_fam09_ab_beh_k20,session_4c116e85,tank_d3_fam09_ab,20,0.371,"{""answer_starters"": {""In"": -5.006992, ""The"": -2.178867, ""A"": -8.335117, ""It"": -4.085117}, ""sense_words"": {"" aquarium"": -26.751865, "" vehicle"": -27.693516, "" military"": -26.116367, "" fish"": -24.668125, "" water"": -24.456211, "" armored"": -27.782383}}","analysisWe need to answer: ""What is the meaning of the word tank?"" The preceding text is a long narrative about aquarium, restaurant, logistics, etc. The question: ""What is the meaning of the word tank?"" Likely they want definition of ""tank"" as a noun: a large container for liquids, a vehicle, a storage vessel, etc. But maybe they want the meaning in context: ""tank"" could refer to a storage tank for water in aquarium, or a tank as a military vehicle. The narrative includes both contexts: aquarium tank, and tank as a military vehicle? Actually the narrative includes ""tank"" in the sense of a storage vessel for water in the aquarium. But also ""tank"" could be a military vehicle. The question: ""What is the meaning of the word tank?"" Might be a trick: The word ""tank"" appears in the text? Let's search: The text includes ""tank"" maybe not explicitly. It mentions ""tank"" in the context of ""tank"" as a storage vessel? The text: ""the illuminated water throws wobbling blue ribbons across the ceiling tiles."" No. ""The owner runs a turbidity test; anything above two NTU and he cancels his morning to backwash the filters.""",
tank_d3_fam09_ba_beh_k02,session_56ed6d54,tank_d3_fam09_ba,2,-0.011,"{""answer_starters"": {""In"": -4.164965, ""The"": -1.80559, ""A"": -7.27434, ""It"": -3.27434}, ""sense_words"": {"" aquarium"": -27.358324, "" vehicle"": -26.372484, "" military"": -24.781176, "" fish"": -25.099047, "" water"": -24.665941, "" armored"": -26.880297}}","analysisThe user writes a long narrative about loading a tank onto a flatcar, etc. Then asks: ""What is the meaning of the word tank?"" They likely want a definition of ""tank"" in this context. The narrative uses ""tank"" as a military armored vehicle. So answer: a large armored fighting vehicle, etc. But maybe they want a dictionary definition. Provide definition: a large armored vehicle used in warfare, etc. Also mention other meanings: container, etc. Provide context. Also maybe mention the word ""tank"" as a noun meaning a large container for liquids, or a vehicle. Provide etymology. Provide synonyms. Provide usage. Provide examples. Provide nuance. Provide answer.assistantfinal**Tank** – *noun*  

1. **Military vehicle**  
   *A large, heavily‑armored fighting vehicle equipped with a rotating gun or guns, designed for front‑line combat and capable of traversing rough terrain.*  
   *Example:* “The crew of the M1 Abrams tank rolled into the staging area, ready for the next convoy.”

2. **Large container**  
   *A big, usually cylindrical or rectangular vessel used for storing liquids, gases, or other materials.*  
   *Example",
tank_d3_fam09_ba_beh_k06,session_76b3a595,tank_d3_fam09_ba,6,0.508,"{""answer_starters"": {""In"": -4.378303, ""The"": -1.503303, ""A"": -8.065803, ""It"": -3.362678}, ""sense_words"": {"" aquarium"": -27.698616, "" vehicle"": -27.253792, "" military"": -24.903694, "" fish"": -25.911263, "" water"": -25.517952, "" armored"": -27.960335}}","analysisThe user writes a long narrative about military logistics, rail cars, etc. Then at the end: ""What is the meaning of the word tank?"" So they ask: ""What is the meaning of the word tank?"" They likely want a definition. But maybe they want a specific meaning in context? The narrative mentions ""armored hull"", ""tank"". The word tank could refer to a military vehicle, a container, a reservoir, a storage vessel, a tank in general. The question: ""What is the meaning of the word tank?"" Could be a trick: They want the definition of ""tank"" as a noun: a large container for liquids or other substances; a military armored fighting vehicle; a reservoir; a container for storing water; a tank in a game; etc. Or maybe they want the etymology: from French ""tante""? No. The context: ""armored hull"" suggests a tank. So likely they want the meaning of ""tank"" as a military vehicle. But the question is ambiguous. The user might be testing the assistant's ability to answer a simple question after a long narrative. So answer: ""tank"" can mean a large container for liquids, a military armored vehicle, a reservoir, a storage vessel,",
tank_d3_fam09_ba_beh_k12,session_57163343,tank_d3_fam09_ba,12,-0.558,"{""answer_starters"": {""In"": -4.193848, ""The"": -1.771973, ""A"": -7.646973, ""It"": -3.740723}, ""sense_words"": {"" aquarium"": -27.019531, "" vehicle"": -27.402832, "" military"": -25.30127, "" fish"": -25.187988, "" water"": -24.663574, "" armored"": -27.765137}}","analysisThe user writes a long narrative about logistics, rail, and aquarium, then asks: ""What is the meaning of the word tank?"" They likely want a definition of ""tank"" in context? The narrative includes ""tank"" maybe referring to a container, a vehicle, a storage tank, or a tank as a military vehicle. The question: ""What is the meaning of the word tank?"" Could be ambiguous. They might want a dictionary definition. Or they might want to know the meaning of ""tank"" in the context of the narrative. The narrative mentions ""tank"" in the aquarium context: ""the eel recognizes his flashlight and follows it along the glass like a dog at a fence."" But ""tank"" is not explicitly used. The question is at the end: ""What is the meaning of the word tank?"" So likely they want a definition of ""tank"" as a noun: a large container for liquids, a military armored vehicle, a storage vessel, etc. Could also be a verb: to fill with liquid. But likely they want the noun. Provide a concise definition: a large container for liquids or other substances, or a military armored fighting vehicle. Also mention the context: in the aquarium, a tank is a container of water. In",
tank_d3_fam09_ba_beh_k20,session_1f7bba36,tank_d3_fam09_ba,20,-1.209,"{""answer_starters"": {""In"": -4.314563, ""The"": -1.861438, ""A"": -7.517688, ""It"": -3.705188}, ""sense_words"": {"" aquarium"": -26.462755, "" vehicle"": -27.847765, "" military"": -26.976793, "" fish"": -24.921984, "" water"": -24.398546, "" armored"": -28.278429}}","analysisThe user asks: ""What is the meaning of the word tank?"" They provided a long narrative about logistics, an aquarium, etc. The question is likely a trick: they want the definition of ""tank"" in context? The word ""tank"" appears in the narrative: ""the whole science of moving thirty tons by rail comes down to friction."" Also ""tank"" might refer to a container, a vehicle, a storage vessel. The user likely wants the meaning of the word ""tank"" as used in the context. But the narrative uses ""tank"" only in the phrase ""the whole science of moving thirty tons by rail comes down to friction."" Actually ""tank"" appears earlier: ""the whole science of moving thirty tons by rail comes down to friction."" Wait, ""tank"" appears in the phrase ""the whole science of moving thirty tons by rail comes down to friction."" No, ""tank"" appears in ""the whole science of moving thirty tons by rail comes down to friction."" Actually ""tank"" appears in ""the whole science of moving thirty tons by rail comes down to friction."" No, ""tank"" appears in ""the whole science of moving thirty tons by rail comes down to friction."" Wait, I'm misreading. Let's search: The word",
tank_d3_fam10_ab_beh_k02,session_306416ed,tank_d3_fam10_ab,2,-1.575,"{""answer_starters"": {""In"": -3.838583, ""The"": -2.697958, ""A"": -7.994833, ""It"": -4.604208}, ""sense_words"": {"" aquarium"": -25.7712, "" vehicle"": -28.77413, "" military"": -27.20577, "" fish"": -24.854208, "" water"": -24.477255, "" armored"": -29.11202}}","analysisThe user asks: ""What is the meaning of the word tank?"" The preceding text is a long paragraph about fish store operations. The user likely wants the definition of ""tank"" in this context. The word ""tank"" can mean a container for holding liquid, a fish tank, a storage container, a military vehicle, etc. In context, likely a fish tank. But the user might want a dictionary definition. Provide a concise definition: a container for fish, aquarium. Also mention other meanings. Provide context. The user might want the meaning of ""tank"" as used in the paragraph. The paragraph uses ""tank"" in ""the airline tubing on aisle three, right between the check valves and the bags of crushed coral."" Actually ""tank"" appears earlier: ""the airline tubing on aisle three, right between the check valves and the bags of crushed coral."" Wait, ""tank"" appears in ""the airline tubing on aisle three, right between the check valves and the bags of crushed coral."" No, ""tank"" appears in ""the airline tubing on aisle three, right between the check valves and the bags of crushed coral."" Actually ""tank"" appears in ""the airline tubing on aisle three, right between the check valves and the bags of crushed coral",
tank_d3_fam10_ab_beh_k06,session_c60bfa18,tank_d3_fam10_ab,6,-0.541,"{""answer_starters"": {""In"": -5.620337, ""The"": -3.073462, ""A"": -8.354712, ""It"": -4.807837}, ""sense_words"": {"" aquarium"": -26.973427, "" vehicle"": -29.409401, "" military"": -27.331764, "" fish"": -25.782448, "" water"": -25.215065, "" armored"": -29.448463}}","analysisThe user writes a long paragraph about fish store operations, then asks: ""What is the meaning of the word tank?"" They likely want a definition of ""tank"" in context. The paragraph uses ""tank"" in fish store context? Actually ""tank"" appears in ""the tank"" maybe? Let's search: The paragraph: ""He bagged the oranda one-handed, puffed the bag with pure oxygen, and spun it shut like he'd done it ten thousand times. The ammonia strip turned dark green before she'd even finished dipping it, and the customer's face fell. We keep the feeder goldfish by the register; impulse math says a dollar fish sells itself. Her manager insisted the pothos cuttings drooping into the goldfish aquarium were filtration, not decoration. Nitrite at two parts per million explains the gasping; do a fifty percent water change tonight and retest tomorrow. Someone returned a heater claiming it boiled their shrimp, receipt stapled to a damp paper towel. Nobody warned the new hire that the snails in the plant bins multiply faster than she can scoop them out. Did anybody restock the frozen bloodworms, or are we telling customers Tuesday again? Some kid pressed his whole face against the angelfish display and left",
tank_d3_fam10_ab_beh_k12,session_85f2d529,tank_d3_fam10_ab,12,0.022,"{""answer_starters"": {""In"": -5.515918, ""The"": -2.656543, ""A"": -7.859668, ""It"": -4.234668}, ""sense_words"": {"" aquarium"": -26.944141, "" vehicle"": -29.453419, "" military"": -27.611866, "" fish"": -25.814747, "" water"": -25.486622, "" armored"": -29.670216}}","analysisThe user asks: ""What is the meaning of the word tank?"" They provided a long passage that seems like a stream of consciousness about fish store, then about video game tactics, etc. The question is simply: ""What is the meaning of the word tank?"" They likely want a definition. The passage is irrelevant. So answer: definition of tank: a large container for liquids, a vehicle, etc. Provide multiple senses. Also maybe mention the context: in fish store, a tank is an aquarium. In video game, a tank is a heavily armored unit. So answer accordingly.assistantfinal**Tank** – a word with several common meanings, each shaped by its context:

| Context | Definition | Example |
|---------|------------|---------|
| **Aquarium / fish‑keeping** | A large, usually glass or acrylic container that holds water and its inhabitants. | “We keep the feeder goldfish by the register; the tank is 30 gal.” |
| **Vehicle / military** | A heavily armored, tracked combat vehicle designed for front‑line fighting. | “Her destroyer’s camo rating is absurd; she vanished behind a single bush and deleted half my hitpoints.” |
| **Storage** |",
tank_d3_fam10_ab_beh_k20,session_9d228147,tank_d3_fam10_ab,20,0.832,"{""answer_starters"": {""In"": -5.879383, ""The"": -2.520008, ""A"": -8.145008, ""It"": -3.254383}, ""sense_words"": {"" aquarium"": -26.883533, "" vehicle"": -28.748524, "" military"": -26.453724, "" fish"": -25.178211, "" water"": -24.835438, "" armored"": -28.50243}}","analysisThe user writes a long paragraph mixing aquarium store operations, video game tactics, and then asks: ""What is the meaning of the word tank?"" They likely want a definition of ""tank"" that covers both contexts: aquarium tank, military tank, etc. The user might be testing the assistant's ability to parse the context. The last question: ""What is the meaning of the word tank?"" So we should provide a definition. We can give a dictionary definition, mention the various senses: a container for liquid, a large armored fighting vehicle, a storage container, a type of fish tank, etc. Also mention the word's etymology. Provide a concise answer. The user might want a definition that covers the contexts in the paragraph. So we can say: ""tank"" can refer to a container for liquids, a large armored vehicle, a storage vessel, a fish tank, etc. Provide a definition. Also mention the word's origin: from Old French ""tanque"" meaning a water container. Provide a short explanation. Let's answer.assistantfinal**Tank** (noun)

1. **A large, usually cylindrical container** for holding liquids, gases, or other substances.  
   *Examples:* a fish‑keeping aquarium",
tank_d3_fam10_ba_beh_k02,session_6ea96113,tank_d3_fam10_ba,2,2.365,"{""answer_starters"": {""In"": -4.476059, ""The"": -1.913559, ""A"": -7.491684, ""It"": -2.335434}, ""sense_words"": {"" aquarium"": -26.697739, "" vehicle"": -27.347153, "" military"": -25.25145, "" fish"": -24.931137, "" water"": -24.555161, "" armored"": -26.899887}}","analysisThe user writes a long paragraph that seems like a stream of consciousness about a video game, maybe a tank game. Then at the end: ""What is the meaning of the word tank?"" So they want the definition of the word ""tank"". They might want a definition in context of the game or general. The user might be asking for the meaning of the word ""tank"" as a noun. They might want a dictionary definition. They might want a definition in the context of the game. The user wrote a long paragraph about a game, but the question is simply: ""What is the meaning of the word tank?"" So we should answer with a definition. We can give a dictionary definition: a large armored fighting vehicle. Also in other contexts: a container for liquids, a defensive structure, a type of vehicle. Also ""tank"" as a verb: to fill with liquid. But likely they want the noun. Provide a concise definition, maybe mention the game context. Also mention the etymology. Provide a short answer. The user might want a definition in the context of the game: a heavily armored vehicle used for combat. So answer accordingly.assistantfinal**Tank (noun)** – a large, heavily‑armored fighting",
tank_d3_fam10_ba_beh_k06,session_1c18f4a3,tank_d3_fam10_ba,6,-0.422,"{""answer_starters"": {""In"": -6.028397, ""The"": -2.809646, ""A"": -8.590897, ""It"": -4.669022}, ""sense_words"": {"" aquarium"": -28.080643, "" vehicle"": -29.547928, "" military"": -27.723587, "" fish"": -26.611404, "" water"": -26.209061, "" armored"": -30.188553}}","analysisThe user writes a long paragraph that seems to be a mix of video game commentary and aquarium care. Then asks: ""What is the meaning of the word tank?"" They likely want a definition of ""tank"" in general. Could be ambiguous: tank as a container, as a vehicle, as a game class, etc. The context includes both gaming and aquarium. They might want a definition that covers both contexts. The user might be asking for the meaning of the word ""tank"" in general. So we should provide a definition: a large container for liquids, a war vehicle, a type of fish, etc. But the user might want the meaning in the context of the paragraph: ""tank"" could refer to a container for fish, or a war vehicle. The paragraph mentions ""tank"" in the context of aquarium: ""We keep the feeder goldfish by the register; impulse math says a dollar fish sells itself."" Actually ""tank"" appears earlier: ""The ammonia strip turned dark green before she'd even finished dipping it, and the customer's face fell."" No, ""tank"" appears in the last sentence: ""What is the meaning of the word tank?"" So they want a definition. Provide a concise definition: a large container for holding liquids or other",
tank_d3_fam10_ba_beh_k12,session_ff0cd7df,tank_d3_fam10_ba,12,0.603,"{""answer_starters"": {""In"": -6.305301, ""The"": -3.195926, ""A"": -8.492801, ""It"": -3.461551}, ""sense_words"": {"" aquarium"": -27.402714, "" vehicle"": -28.50745, "" military"": -26.08997, "" fish"": -25.294559, "" water"": -24.908817, "" armored"": -28.983036}}","analysisThe user wrote a long paragraph mixing gaming commentary with aquarium care, then asks: ""What is the meaning of the word tank?"" They likely want a definition of ""tank"" in general. Could be ambiguous: in gaming, tank is a class that absorbs damage; in general, a container. They might want a definition. The user might be asking for the meaning of the word ""tank"" in the context of the paragraph. The paragraph includes both gaming and aquarium references. The word ""tank"" appears in the aquarium context: ""We keep the feeder goldfish by the register; impulse math says a dollar fish sells itself."" Actually ""tank"" appears earlier: ""The ammonia strip turned dark green before she'd even finished dipping it, and the customer's face fell."" No, ""tank"" appears in the aquarium context: ""The ammonia strip turned dark green before she'd even finished dipping it, and the customer's face fell."" Wait, ""tank"" appears in the paragraph: ""The ammonia strip turned dark green before she'd even finished dipping it, and the customer's face fell."" No, ""tank"" appears in the paragraph: ""The ammonia strip turned dark green before she'd even finished dipping it, and the customer's face fell."" Actually ""tan",
tank_d3_fam10_ba_beh_k20,session_6e4d4ff6,tank_d3_fam10_ba,20,-1.244,"{""answer_starters"": {""In"": -4.881826, ""The"": -2.381826, ""A"": -7.678701, ""It"": -4.756826}, ""sense_words"": {"" aquarium"": -27.818754, "" vehicle"": -30.219717, "" military"": -27.789343, "" fish"": -26.396475, "" water"": -26.078115, "" armored"": -30.645498}}","analysisThe user writes a long paragraph mixing gaming commentary with aquarium store details, then asks: ""What is the meaning of the word tank?"" They likely want a definition of ""tank"" in general. Could be ambiguous: in gaming, tank is a class that absorbs damage; in aquarium, a tank is a container for fish. They might want a definition that covers both contexts. The user might be testing the assistant's ability to parse context. The last question: ""What is the meaning of the word tank?"" So answer: definition of tank. Provide dictionary definition, usage in gaming, aquarium, military, etc. Provide nuance. Also maybe mention the word's origin. Provide examples. The user might want a concise answer. Let's give a thorough answer.assistantfinal**Tank** – *noun* (pronounced /tæŋk/)

1. **General definition**  
   A *tank* is a container or vessel that holds liquids, gases, or other substances. It can be made of metal, plastic, glass, or composite materials and is typically sealed to prevent leakage.

2. **Common contexts**

| Context | Typical meaning | Example |
|---------|-----------------|---------|
| **Aquarium / fishkeeping** |",
tank_d3_fam11_ab_beh_k02,session_b64ae2bf,tank_d3_fam11_ab,2,-1.336,"{""answer_starters"": {""In"": -3.869016, ""The"": -2.556516, ""A"": -8.306517, ""It"": -4.556516}, ""sense_words"": {"" aquarium"": -25.756712, "" vehicle"": -28.361204, "" military"": -26.962767, "" fish"": -24.749876, "" water"": -24.419798, "" armored"": -28.572142}}","analysisThe user asks: ""What is the meaning of the word tank?"" They provided a long paragraph about a lab environment. The question is likely a trick: they want the definition of ""tank"" in this context. The paragraph mentions ""tank"" maybe in the sense of a container, a fish tank, a storage tank, a tank for water, a tank for fish. But the paragraph doesn't explicitly mention ""tank"" except maybe ""tank"" as a verb? Let's search: The paragraph: ""The spreadsheet says mortality stayed under five percent, but she recounts the sea stars anyway, twice. You learn fast that neoprene gloves do nothing against an urchin spine driven under the thumbnail. Frozen squid thawed in a bucket by the sink, and the whole room smelled of it for hours. Check the sump before you leave — if the float valve sticks again, we'll flood the whole wet lab by midnight. Does anyone know why the header line to the fish room is spitting air? Three flumes, twelve fish per flume, one grad student who hasn't slept since the trial began. Wasn't the flow meter on line two supposed to be replaced last quarter? Under red headlamps we counted pluteus larvae on the hemocytometer until",
tank_d3_fam11_ab_beh_k06,session_30602ee4,tank_d3_fam11_ab,6,-0.898,"{""answer_starters"": {""In"": -3.585155, ""The"": -2.50703, ""A"": -8.66328, ""It"": -4.647655}, ""sense_words"": {"" aquarium"": -26.480053, "" vehicle"": -28.454296, "" military"": -26.981152, "" fish"": -25.326366, "" water"": -25.021679, "" armored"": -29.096874}}","analysisThe user asks: ""What is the meaning of the word tank?"" They provided a long paragraph of text that seems to be a mash of lab jargon, marine biology, and some other contexts. The question: ""What is the meaning of the word tank?"" They likely want the definition of ""tank"" in this context. The paragraph includes many uses of ""tank"" maybe? Let's search: The paragraph mentions ""tank"" maybe in ""tank"" as a container, or ""tank"" as a fish tank? Let's scan: The paragraph: ""The spreadsheet says mortality stayed under five percent, but she recounts the sea stars anyway, twice. You learn fast that neoprene gloves do nothing against an urchin spine driven under the thumbnail. Frozen squid thawed in a bucket by the sink, and the whole room smelled of it for hours. Check the sump before you leave — if the float valve sticks again, we'll flood the whole wet lab by midnight. Does anyone know why the header line to the fish room is spitting air? Three flumes, twelve fish per flume, one grad student who hasn't slept since the trial began. Wasn't the flow meter on line two supposed to be replaced last quarter? Under red headlamps we counted",
tank_d3_fam11_ab_beh_k12,session_e1d1c149,tank_d3_fam11_ab,12,-0.223,"{""answer_starters"": {""In"": -4.060269, ""The"": -2.654019, ""A"": -8.591519, ""It"": -4.779019}, ""sense_words"": {"" aquarium"": -26.585955, "" vehicle"": -28.661833, "" military"": -26.609571, "" fish"": -25.461637, "" water"": -24.790739, "" armored"": -28.693083}}","analysisWe need to answer: ""What is the meaning of the word tank?"" The context is a long passage mixing lab, marine biology, and military. The question: ""What is the meaning of the word tank?"" Likely they want definition of ""tank"" in this context. The passage includes ""tank"" maybe referring to a container, a storage vessel, or a military vehicle. But the passage doesn't explicitly mention ""tank"" except maybe ""tank"" as a noun? Let's search: The passage: ""The spreadsheet says mortality stayed under five percent, but she recounts the sea stars anyway, twice. You learn fast that neoprene gloves do nothing against an urchin spine driven under the thumbnail. Frozen squid thawed in a bucket by the sink, and the whole room smelled of it for hours. Check the sump before you leave — if the float valve sticks again, we'll flood the whole wet lab by midnight. Does anyone know why the header line to the fish room is spitting air? Three flumes, twelve fish per flume, one grad student who hasn't slept since the trial began. Wasn't the flow meter on line two supposed to be replaced last quarter? Under red headlamps we counted pluteus larvae on the hemocyt",
tank_d3_fam11_ab_beh_k20,session_42e221a2,tank_d3_fam11_ab,20,-0.103,"{""answer_starters"": {""In"": -4.505793, ""The"": -2.677668, ""A"": -7.583918, ""It"": -4.021418}, ""sense_words"": {"" aquarium"": -25.130304, "" vehicle"": -27.292902, "" military"": -25.159601, "" fish"": -23.577082, "" water"": -23.205011, "" armored"": -27.295832}}","analysisThe user writes a long paragraph of text that seems like a stream-of-consciousness description of a lab environment, then ends with a question: ""What is the meaning of the word tank?"" They likely want a definition of ""tank"" in context? The preceding text includes many references to tanks? There's mention of ""tank"" maybe in the sense of a container, a vehicle, a storage vessel, a tank in a lab, a tank in a military context. The user might be asking for the meaning of the word ""tank"" in general. They might want a dictionary definition. Or maybe they want the meaning of ""tank"" in the context of the paragraph. The paragraph includes references to ""tank"" in a lab context? There's no explicit mention of ""tank"" except maybe ""tank"" as a container for water or a tank in a military context. The paragraph includes ""tank"" in the sense of a storage vessel for water or a vehicle. The user might be testing the assistant's ability to parse the context. The question: ""What is the meaning of the word tank?"" The answer: ""tank"" can mean a large container for liquids, a large armored vehicle, a storage vessel, a container for fish, a tank in a lab,",
tank_d3_fam11_ba_beh_k02,session_7b6be7b5,tank_d3_fam11_ba,2,1.814,"{""answer_starters"": {""In"": -3.082144, ""The"": -1.269644, ""A"": -7.660269, ""It"": -3.316519}, ""sense_words"": {"" aquarium"": -28.078238, "" vehicle"": -27.914175, "" military"": -25.615347, "" fish"": -26.126577, "" water"": -25.584097, "" armored"": -27.638784}}","analysisThe user writes a long narrative about crews, guns, etc. Then asks: ""What is the meaning of the word tank?"" They likely want the definition of ""tank"" in this context. The narrative is about armored vehicles, so ""tank"" refers to a heavily armored fighting vehicle. But maybe they want the dictionary definition: a large container for liquids, or a military armored vehicle. The context: ""crews who lased the wrong target got a red flag"" etc. So ""tank"" likely refers to the armored vehicle. The question: ""What is the meaning of the word tank?"" Could be ambiguous: maybe they want the definition of ""tank"" as a noun: a large container for liquids or a military armored vehicle. But the context is about a tank crew. So answer: a heavily armored combat vehicle. Provide definition. Also mention synonyms. Provide explanation. The user might be testing knowledge. So answer accordingly.assistantfinal**Tank** – *noun*  

1. **Military definition**: A heavily armored, tracked fighting vehicle equipped with a large-caliber gun (and often a secondary machine‑gun). It is designed for direct combat, troop transport, and support on the battlefield. In the context of your",
tank_d3_fam11_ba_beh_k06,session_d46ee7df,tank_d3_fam11_ba,6,-0.281,"{""answer_starters"": {""In"": -4.295822, ""The"": -2.530197, ""A"": -8.592697, ""It"": -4.545822}, ""sense_words"": {"" aquarium"": -29.165939, "" vehicle"": -29.25383, "" military"": -27.175461, "" fish"": -26.921799, "" water"": -26.824142, "" armored"": -29.858322}}","analysisThe user writes a long narrative about crews, guns, etc. Then at the end: ""What is the meaning of the word tank?"" They likely want a definition of ""tank"" in context? The narrative includes many contexts: military, fish tank, etc. The word ""tank"" could refer to a large container, a vehicle, a storage vessel, etc. They might want a dictionary definition. The user might be asking for the meaning of the word ""tank"" in general. So answer: a large container for liquids, a war vehicle, etc. Provide definitions. Also maybe mention the context: ""tank"" could be a container for fish, a war machine, a storage vessel. Provide multiple senses. Also mention the etymology. Provide a concise answer.assistantfinal**Tank** – a word with several common meanings, all of which share the idea of a *large, enclosed container or vehicle* that holds something (liquid, gas, or people).  The most frequent senses are:

| Sense | Typical use | Example from your text |
|-------|-------------|------------------------|
| **Large container for liquids or other substances** | A vessel that stores water, fuel, chemicals, or, in a lab",
tank_d3_fam11_ba_beh_k12,session_6e99e4e1,tank_d3_fam11_ba,12,-1.497,"{""answer_starters"": {""In"": -3.605908, ""The"": -1.621533, ""A"": -7.340283, ""It"": -3.434033}, ""sense_words"": {"" aquarium"": -25.552441, "" vehicle"": -27.181103, "" military"": -25.389599, "" fish"": -24.405712, "" water"": -23.809032, "" armored"": -27.806103}}","analysisThe user writes a long paragraph that seems like a stream-of-consciousness description of a military training exercise, then a lab with fish, etc. Then at the end: ""What is the meaning of the word tank?"" So they want the meaning of the word ""tank"". Likely they want a definition. But maybe they want the meaning in context? The paragraph uses ""tank"" in a military sense? Actually ""tank"" appears only at the end: ""What is the meaning of the word tank?"" So likely they want a definition: a large container for liquids, a war vehicle, etc. The user might be testing the assistant's ability to answer a simple question after a long context. So answer: ""tank"" can mean a large container for liquids, a war machine, a storage vessel, etc. Provide definition. Also mention synonyms. Provide context. So answer accordingly.assistantfinal**Tank** – a noun with several common meanings:

| Context | Typical definition | Example |
|---------|--------------------|---------|
| **Military** | A heavily‑armored, tracked fighting vehicle equipped with a large gun. | “The crew fired the tank’s main gun at the target.” |
| **Storage** | A large",
tank_d3_fam11_ba_beh_k20,session_c453abfc,tank_d3_fam11_ba,20,-0.906,"{""answer_starters"": {""In"": -4.175766, ""The"": -2.050766, ""A"": -8.035142, ""It"": -4.300766}, ""sense_words"": {"" aquarium"": -26.030258, "" vehicle"": -27.760727, "" military"": -26.406235, "" fish"": -25.198227, "" water"": -24.330063, "" armored"": -28.301743}}","analysisThe user writes a long narrative about military training, then about fish lab, etc. Then asks: ""What is the meaning of the word tank?"" They likely want a definition of ""tank"" in context? The word ""tank"" can mean a large container for liquids, a military armored vehicle, a fish tank, etc. The context includes ""tank"" maybe referring to a fish tank? The narrative mentions ""tank"" in the last line? Actually the last line: ""What is the meaning of the word tank?"" So they want definition. Could be ambiguous. Provide definition: a large container for holding liquids or other substances; also a military armored fighting vehicle; also a container for fish. Provide multiple senses. Also mention etymology. Provide examples. So answer: definition, usage. Also mention synonyms. Provide context. So answer accordingly.assistantfinal**Tank** – a noun with several related meanings, all of which stem from the idea of a *large, enclosed container* that holds something (liquid, gas, or even a vehicle).  The word is used in everyday speech, in technical contexts, and in specialized jargon (military, aquarium‑keeping, industrial, etc.).  Below are the principal senses,",
tank_d4_fam00_a_beh_final,session_f1896c75,tank_d4_fam00_a,d4_final,-1.977,"{""answer_starters"": {""In"": -2.600185, ""The"": -1.303311, ""A"": -8.14706, ""It"": -3.58456}, ""sense_words"": {"" aquarium"": -23.890224, "" vehicle"": -27.816982, "" military"": -26.199795, "" fish"": -23.482998, "" water"": -22.873623, "" armored"": -28.297451}}","analysisThe user writes a long, descriptive passage about fish breeding, aquarium displays, judging, etc. Then asks: ""What is the meaning of the word tank?"" They likely want the definition of ""tank"" in this context. The passage uses ""tank"" as a noun meaning aquarium. But maybe they want the dictionary definition: a container for holding liquid, especially fish. Or ""tank"" as a large container for fish. The passage uses ""aquarium"" and ""tank"" interchangeably. So answer: a container for fish, a large aquarium. Provide definition, maybe synonyms. Also mention ""tank"" can mean a large container, a vehicle, etc. But context: aquarium. So answer accordingly.assistantfinal**Tank** (noun) – in the context of fishkeeping and aquarium hobbyist competitions, a *tank* is a large, usually rectangular or cylindrical container that holds water and is used to house fish, plants, and other aquatic organisms. It is essentially an *aquarium* or *fish tank*.

**Key points about a tank in this setting:**

| Feature | Typical description |
|---------|---------------------|
| **Shape** | Rectangular, square, or sometimes cylindrical. |
| **Size**",
tank_d4_fam00_b_beh_final,session_f3df3802,tank_d4_fam00_b,d4_final,1.484,"{""answer_starters"": {""In"": -5.095788, ""The"": -2.564538, ""A"": -7.564538, ""It"": -3.861413}, ""sense_words"": {"" aquarium"": -27.06942, "" vehicle"": -27.505943, "" military"": -24.791588, "" fish"": -25.113853, "" water"": -24.043053, "" armored"": -26.698326}}","analysisThe user wrote a long passage about tank manufacturing, restoration, etc. Then at the end: ""What is the meaning of the word tank?"" They likely want a definition of ""tank"" in the context of armored vehicles, or perhaps the word ""tank"" in general. The passage is about tanks, so they might be asking for the meaning of the word ""tank"" as used in the passage. The user might be testing the assistant's ability to interpret context. The answer should explain the meaning of ""tank"" as a heavily armored fighting vehicle, a war machine, etc. Also could mention the etymology: from ""tank"" meaning a large container, used for water, etc. The passage uses ""tank"" as a noun for the armored vehicle. So answer: a heavily armored, tracked vehicle used in warfare, etc. Also mention the word's origin from ""tank"" meaning a large container, used in WWI to describe armored vehicles. Provide definition, usage, maybe synonyms. Also mention the meaning of ""tank"" in other contexts: container, storage, etc. But likely they want the meaning in the context of the passage. So answer accordingly. Also mention that ""tank"" can be a verb meaning to fill with liquid, but",
tank_d4_fam02_a_beh_final,session_c29ded11,tank_d4_fam02_a,d4_final,-2.074,"{""answer_starters"": {""In"": -5.261109, ""The"": -2.511109, ""A"": -8.229859, ""It"": -4.386109}, ""sense_words"": {"" aquarium"": -24.503298, "" vehicle"": -28.622438, "" military"": -27.358767, "" fish"": -23.274782, "" water"": -22.903688, "" armored"": -28.618532}}","analysisThe user writes a long paragraph about aquarium maintenance, fish, etc. Then asks: ""What is the meaning of the word tank?"" They likely want the definition of ""tank"" in this context. The word ""tank"" can mean a large container for holding liquids, a fish tank, a storage container, a military armored vehicle, etc. But given context, it's a fish tank. So answer: a container for fish, aquarium. Provide definition, maybe synonyms, usage. Also mention the word ""tank"" can mean a large container, a storage vessel, a military vehicle, etc. Provide etymology. Provide examples. The user might want a dictionary definition. So answer accordingly.assistantfinal**Tank** – *noun*  

1. **A large, usually rectangular or cylindrical container** used for holding liquids, gases, or other substances.  
   *Example:* “The aquarium tank was filled with dechlorinated water.”  

2. **An aquarium** – a tank specifically designed for keeping fish, amphibians, or other aquatic organisms.  
   *Example:* “The school’s science lab has a 50‑gal fish tank.”  

3. **A military armored fighting vehicle** (informal).  
  ",
tank_d4_fam02_b_beh_final,session_ccfc71ca,tank_d4_fam02_b,d4_final,2.133,"{""answer_starters"": {""In"": -4.925463, ""The"": -1.409838, ""A"": -9.534838, ""It"": -3.956713}, ""sense_words"": {"" aquarium"": -28.550463, "" vehicle"": -29.024096, "" military"": -26.94475, "" fish"": -26.660326, "" water"": -26.698412, "" armored"": -29.747728}}","analysisThe user has provided a long passage, presumably a piece of creative writing. Then at the end, they ask: ""What is the meaning of the word tank?"" They likely want a definition of the word ""tank"" in the context of the passage. The passage is about a film production involving a Sherman tank, etc. The word ""tank"" could refer to a military armored vehicle, or a container for liquids. The question: ""What is the meaning of the word tank?"" They might want a definition: a large armored fighting vehicle, or a container for liquids. But maybe they want the meaning in the context: a Sherman tank. So answer: a large armored vehicle used in war. Provide definition. Also mention synonyms. Provide context. Also mention that ""tank"" can mean a container. But likely they want the meaning of ""tank"" as used in the passage. So answer accordingly.assistantfinal**Tank** – in the context of the passage, the word refers to a *large, heavily‑armored fighting vehicle* used in military operations.  
- **Primary sense**: a tracked, armored vehicle equipped with a large gun (e.g., the Sherman tank mentioned throughout the text).  
- **Secondary sense**",
tank_d4_fam04_a_beh_final,session_6a188931,tank_d4_fam04_a,d4_final,-1.88,"{""answer_starters"": {""In"": -3.558956, ""The"": -1.933956, ""A"": -8.902706, ""It"": -4.808956}, ""sense_words"": {"" aquarium"": -26.438595, "" vehicle"": -28.924191, "" military"": -27.35461, "" fish"": -25.36462, "" water"": -25.782589, "" armored"": -29.178097}}","analysisThe user asks: ""What is the meaning of the word tank?"" They provided a long passage about aquarium maintenance, etc. They likely want the definition of ""tank"" in this context. The passage uses ""tank"" in various contexts: ""the tank"" maybe referring to aquarium tank, or a storage tank. The question: ""What is the meaning of the word tank?"" They might want a definition: a container for holding liquid, or a large container for fish, etc. The passage uses ""tank"" in context of aquarium. So answer: a container for fish, a large container for water, a storage container. Provide definition, maybe synonyms. Also mention that ""tank"" can refer to a large container or a vehicle. But context: aquarium. So answer accordingly. Provide explanation.assistantfinal**Tank** – in the context of the passage (and most everyday usage) is a **large, usually watertight container that holds liquid, often for the purpose of keeping or treating fish, plants, or other aquatic life**.  

- **Aquarium tank**: a glass or acrylic enclosure that holds a body of water and its inhabitants.  
- **Water‑storage tank**: a large vessel used to store water",
tank_d4_fam04_b_beh_final,session_a4349794,tank_d4_fam04_b,d4_final,2.477,"{""answer_starters"": {""In"": -4.814107, ""The"": -2.235982, ""A"": -7.970357, ""It"": -3.876607}, ""sense_words"": {"" aquarium"": -26.287619, "" vehicle"": -27.07778, "" military"": -25.110495, "" fish"": -25.135885, "" water"": -24.362936, "" armored"": -26.628561}}","analysisWe need to answer: ""What is the meaning of the word tank?"" The preceding text is a long narrative about model building, restoration, etc. The question is likely a trick: ""What is the meaning of the word tank?"" Could be a riddle: The word ""tank"" can mean a large container, a war vehicle, a storage vessel, a prison, a reservoir, a container for liquids, a storage tank, a war machine, a container for water, a prison cell, a storage container, a container for fuel, a container for water, a container for waste, a container for a vehicle, a container for a tank, a container for a tank. But maybe the answer is ""a large container for liquids"" or ""a war machine."" But the context: The text is about tanks, Panzer IV, Tiger, Sherman, etc. The question: ""What is the meaning of the word tank?"" Could be a trick: The word ""tank"" has multiple meanings: a container, a war machine, a prison cell, a storage vessel, a reservoir, a container for water, a container for fuel, a container for waste, a container for a tank. But maybe the answer is ""a large container for liquids""",
tank_d4_fam06_a_beh_final,session_5156316c,tank_d4_fam06_a,d4_final,-2.016,"{""answer_starters"": {""In"": -4.006807, ""The"": -1.756807, ""A"": -7.975557, ""It"": -3.913057}, ""sense_words"": {"" aquarium"": -25.572237, "" vehicle"": -28.930635, "" military"": -27.578096, "" fish"": -25.318331, "" water"": -24.538057, "" armored"": -29.213839}}","analysisThe user writes a long narrative about aquarium, fish, etc. Then asks: ""What is the meaning of the word tank?"" They likely want a definition of ""tank"" in context. Could be a noun meaning a large container for holding liquid, or a fish tank, aquarium. Could also be a military tank. But context is aquarium. So answer: a container for fish, aquarium, etc. Provide definition, maybe synonyms, usage. Also mention ""tank"" as verb? But likely noun. Provide dictionary definition. Also mention ""tank"" as a large container for water, fish, etc. Provide examples. Also mention ""tank"" as a military armored vehicle. Provide nuance. Provide etymology. Provide usage in context. Provide synonyms: aquarium, fishbowl, tank. Provide phrase ""tank"" as ""to tank"" meaning to fail. But likely they want the meaning of the word ""tank"" as used in the narrative. So answer: a large container for fish, aquarium. Provide definition. Also mention ""tank"" as a container for water, fish, etc. Provide synonyms. Provide usage. Provide etymology: from Old French ""tanc"" meaning a container. Provide examples. Provide note that ""tank"" can also",
tank_d4_fam06_b_beh_final,session_a5090b8d,tank_d4_fam06_b,d4_final,2.152,"{""answer_starters"": {""In"": -3.631042, ""The"": -1.396667, ""A"": -7.646667, ""It"": -4.052917}, ""sense_words"": {"" aquarium"": -27.867371, "" vehicle"": -28.217957, "" military"": -25.132996, "" fish"": -26.372986, "" water"": -25.43573, "" armored"": -28.479675}}","analysisWe need to answer: ""What is the meaning of the word tank?"" The context is a long narrative about armored vehicles, but the question is simply: what is the meaning of the word tank? Likely they want the definition: a large armored fighting vehicle with a rotating gun, used in warfare. Or maybe they want the meaning in the context of the passage: a tracked armored vehicle, a self-propelled howitzer, etc. The word tank can also mean a container for liquids, but here it's about military. So answer: a heavily armored combat vehicle with a large gun, used for fire support and infantry transport. Provide definition. Also mention that in the passage, ""tank"" refers to the tracked armored vehicle. So answer accordingly.assistantfinal**Tank** – in the context of the passage (and in military terminology in general) is a **heavily armored, tracked fighting vehicle equipped with a large gun or howitzer**. It is designed to provide direct fire support, transport infantry, and withstand enemy fire. In the narrative, the “tank” refers to the tracked self‑propelled howitzer (likely a 2S19) and the other armored vehicles that make up the convoy.",
tank_d4_fam08_a_beh_final,session_eedb9d76,tank_d4_fam08_a,d4_final,-1.925,"{""answer_starters"": {""In"": -3.535256, ""The"": -1.800881, ""A"": -7.925881, ""It"": -3.800881}, ""sense_words"": {"" aquarium"": -25.297953, "" vehicle"": -28.470804, "" military"": -26.835062, "" fish"": -24.618265, "" water"": -23.726664, "" armored"": -28.816507}}","analysisWe need to answer: ""What is the meaning of the word tank?"" The context is a long narrative about aquarium club, etc. The question likely refers to the word ""tank"" as used in the context of aquarium. But maybe it's a trick: ""tank"" could mean a container, a large container for fish, or a military vehicle, or a verb meaning to endure. But the question: ""What is the meaning of the word tank?"" The context: ""the whole cleaning crew watches the clownfish sleep."" ""the mop bucket sits abandoned while the whole cleaning crew watches the clownfish sleep."" ""the whole cleaning crew watches the clownfish sleep."" ""the whole cleaning crew watches the clownfish sleep."" The word ""tank"" appears earlier? Let's search: The text: ""the whole cleaning crew watches the clownfish sleep."" ""the whole cleaning crew watches the clownfish sleep."" There's no ""tank"" in the text? Wait, maybe ""tank"" appears in the phrase ""the whole cleaning crew watches the clownfish sleep."" No. Let's scan: ""the whole cleaning crew watches the clownfish sleep."" ""the whole cleaning crew watches the clownfish sleep."" ""the whole cleaning crew watches the clownfish sleep."" There's no ""tank"".",
tank_d4_fam08_b_beh_final,session_52f22582,tank_d4_fam08_b,d4_final,1.578,"{""answer_starters"": {""In"": -4.432417, ""The"": -2.416792, ""A"": -6.698042, ""It"": -4.401167}, ""sense_words"": {"" aquarium"": -27.362837, "" vehicle"": -26.93527, "" military"": -25.573042, "" fish"": -26.265425, "" water"": -25.082808, "" armored"": -27.401411}}","analysisThe user writes a long narrative about armored vehicles, logistics, etc. Then asks: ""What is the meaning of the word tank?"" They likely want a definition of ""tank"" in this context. The narrative uses ""tank"" as a noun meaning armored vehicle. But the question is ambiguous: could be asking for dictionary definition. The user might want a definition of ""tank"" as a noun: a large container for liquids, a armored fighting vehicle, a storage vessel, etc. The context is armored vehicles, so likely ""tank"" refers to an armored fighting vehicle. But the user might want a definition of the word ""tank"" in general. The user might be testing the assistant's ability to parse the context. The last line: ""What is the meaning of the word tank?"" So we should answer: In this context, ""tank"" refers to an armored fighting vehicle used by the military. Provide definition: a heavily armored, tracked vehicle equipped with a large gun, used for combat. Also mention other meanings: container, etc. Provide a concise answer. Also maybe mention the etymology: from ""tank"" meaning a large container, used for water, etc. Provide dictionary definition. The user might want a short answer. Let's answer accordi",
tank_d4_fam10_a_beh_final,session_610a4caa,tank_d4_fam10_a,d4_final,-2.213,"{""answer_starters"": {""In"": -4.457453, ""The"": -2.051203, ""A"": -8.269953, ""It"": -4.004328}, ""sense_words"": {"" aquarium"": -25.565851, "" vehicle"": -28.869562, "" military"": -27.869562, "" fish"": -24.717218, "" water"": -24.342218, "" armored"": -29.273859}}","analysisThe user asks: ""What is the meaning of the word tank?"" They provided a long passage about aquarium stuff. They likely want definition of ""tank"". Could be a noun meaning a container for liquid, or a fish tank. They might want a definition in context. The passage uses ""tank"" in various contexts: ""tank"" could refer to a fish tank, a storage tank, a tank in a lab. The user might be asking for the meaning of the word ""tank"" in general. Provide definition: a container for holding liquids, a large container, a fish tank, a storage tank, a tank in a lab. Also could be a military vehicle. But context is aquarium. So answer: a container for fish, a fish tank. Provide dictionary definitions. Also mention synonyms. Provide usage. Also mention ""tank"" as verb: to fill a tank. Provide explanation. Let's answer.assistantfinal**Tank** – *noun*  

1. **A large, usually cylindrical or rectangular container** used for holding liquids, gases, or other substances.  
   *Examples:*  
   - A water‑storage tank in a building.  
   - A fuel tank in a vehicle.  
   - A bioreactor",
tank_d4_fam10_b_beh_final,session_b54ac573,tank_d4_fam10_b,d4_final,2.777,"{""answer_starters"": {""In"": -5.608394, ""The"": -2.920894, ""A"": -8.342769, ""It"": -2.670894}, ""sense_words"": {"" aquarium"": -27.752926, "" vehicle"": -26.706051, "" military"": -24.088863, "" fish"": -25.517574, "" water"": -25.292477, "" armored"": -26.913082}}","analysisThe user writes a long paragraph of gaming jargon, then ends with a question: ""What is the meaning of the word tank?"" They likely want a definition of ""tank"" in the context of gaming or general. The preceding text is a stream of consciousness about tank gameplay. So answer: definition of tank in gaming: a vehicle or character that absorbs damage, protects others, etc. Also general meaning: a large container, a vehicle, etc. Provide explanation. Also maybe mention the etymology: from ""tank"" as a warship, etc. Provide context. Also maybe mention ""tank"" as a noun meaning a large container, a warship, a vehicle, a role in games. Provide synonyms. Provide usage. Provide examples. Also mention ""tank"" as a verb: to fill with liquid. But likely they want the gaming definition. So answer accordingly.assistantfinal**Tank – a quick‑look definition**

| Context | What “tank” means | Why it matters |
|---------|-------------------|----------------|
| **General English** | 1. A large, usually metal, container for liquids or gases.<br>2. A heavily‑armored warship (e.g., a destroyer, cruiser",
